<?xml version="1.0" encoding="UTF-8"?>
<assessmentItem xmlns="http://www.imsglobal.org/xsd/imsqti_v2p2" xmlns:m="http://www.w3.org/1998/Math/MathML" xmlns:xsi="http://www.w3.org/2001/XMLSchema-instance" xsi:schemaLocation="http://www.imsglobal.org/xsd/imsqti_v2p2 http://www.imsglobal.org/xsd/qti/qtiv2p2/imsqti_v2p2.xsd" identifier="i1560756825871110075" title="Fuld skærm" label="Fuld skærm" xml:lang="da-DK" adaptive="false" timeDependent="false" toolName="TAO" toolVersion="3.3.0-RC02">
  <stylesheet href="style/custom/tao-user-styles.css" type="text/css" media="all" title=""/>
  <itemBody>
    <div class="grid-row">
      <div class="col-12">
        <h4>Opgaverne skal vises i fuld skærm</h4>
        <h5>Det er forskelligt for computere, hvordan fuld skærm aktiveres.</h5>
        <h5>1) Prøv først at klikke på F11 øverst på dit tastatur. Hvis det ikke virker, så prøv at holde FN nede, imens du klikker på F11. FN er nederst til venstre på dit tastatur:<br/>
<img src="tastatur.png" alt="tastatur" width="100%"/>
<br/>
<br/>
2) Hvis det ikke virker, så find ikonet for fuld skærm øverst til højre i din browser:<br/>
<img src="menubjælker.png" alt="menubj lker" width="100%"/>
</h5>
        <h6>Bed din lærer om hjælp, hvis denne side stadig ikke fylder hele skærmen. Klik på <img src="næste.png" alt="n ste" width="9%"/>
, når alle i klassen ser siden i fuld skærm. Din lærer siger til.</h6>
      </div>
    </div>
  </itemBody>
  <responseProcessing/>
</assessmentItem>
