<?xml version="1.0" encoding="UTF-8"?>
<assessmentItem xmlns="http://www.imsglobal.org/xsd/imsqti_v2p2" xmlns:html5="html5" xmlns:m="http://www.w3.org/1998/Math/MathML" xmlns:pci="http://www.imsglobal.org/xsd/portableCustomInteraction" xmlns:xsi="http://www.w3.org/2001/XMLSchema-instance" xsi:schemaLocation="http://www.imsglobal.org/xsd/imsqti_v2p2 http://www.imsglobal.org/xsd/qti/qtiv2p2/imsqti_v2p2.xsd" identifier="i15434087667146904" title="18. Redesign a Cabin" label="17. Redesign a cabin" xml:lang="en-US" adaptive="false" timeDependent="false" toolName="TAO" toolVersion="3.3.0-RC02">
  <responseDeclaration identifier="RESPONSE" cardinality="single" baseType="string"/>
  <outcomeDeclaration identifier="SCORE" cardinality="single" baseType="float"/>
  <stylesheet href="style/custom/tao-user-styles.css" type="text/css" media="all" title=""/>
  <itemBody>
    <div class="grid-row">
      <div class="col-12">
        <h4>There was a cabin in the play used as a prop. The craftsman was busy and created a simple cabin. You have to give the cabin some details.</h4>
        <h5>Requirnments:<br/>
• The cabin has to have windows<br/>
• The cabin has to have a door<br/>
• The cabin has to have a roof<br/>
• The cabin has to have a chimney<br/>
• The cabin has to have a tree outside</h5>
        <h6>Add the details to the cabin with the blocks below. At the bottom you can choose colors, move the camera and insert and delete blocks.</h6>
      </div>
    </div>
    <div class="grid-row">
      <div class="col-12">
        <customInteraction responseIdentifier="RESPONSE">
          <portableCustomInteraction xmlns="http://www.imsglobal.org/xsd/portableCustomInteraction" customInteractionTypeIdentifier="voxelcraft" hook="voxelcraft/runtime/voxelcraft.amd.js" version="0.0.24">
            <resources>
              <libraries>
                <lib id="IMSGlobal/jquery_2_1_1"/>
              </libraries>
              <stylesheets>
                <link href="voxelcraft/runtime/css/base.css" type="text/css" title="base"/>
              </stylesheets>
              <mediaFiles>
                <file src="voxelcraft/runtime/assets/download.png" type="image/png"/>
                <file src="voxelcraft/runtime/css/img/download.png" type="image/png"/>
              </mediaFiles>
            </resources>
            <properties>
              <property key="colors">#f40000
#cc0000
#8B4513
#cc6900
#f7ef00
#afe000
#00b512
#00bfa5
#009bbf
#008af4
#ae00f4
#f400e3
#cccccc
#ffffff
#222222</property>
              <properties key="scene">
                <properties key="0">
                  <properties key="p">
                    <property key="0">125</property>
                    <property key="1">25</property>
                    <property key="2">75</property>
                  </properties>
                  <property key="c">13396224</property>
                </properties>
                <properties key="1">
                  <properties key="p">
                    <property key="0">125</property>
                    <property key="1">25</property>
                    <property key="2">25</property>
                  </properties>
                  <property key="c">13396224</property>
                </properties>
                <properties key="2">
                  <properties key="p">
                    <property key="0">125</property>
                    <property key="1">25</property>
                    <property key="2">-25</property>
                  </properties>
                  <property key="c">13396224</property>
                </properties>
                <properties key="3">
                  <properties key="p">
                    <property key="0">125</property>
                    <property key="1">25</property>
                    <property key="2">-75</property>
                  </properties>
                  <property key="c">13396224</property>
                </properties>
                <properties key="4">
                  <properties key="p">
                    <property key="0">125</property>
                    <property key="1">25</property>
                    <property key="2">125</property>
                  </properties>
                  <property key="c">13396224</property>
                </properties>
                <properties key="5">
                  <properties key="p">
                    <property key="0">125</property>
                    <property key="1">25</property>
                    <property key="2">-125</property>
                  </properties>
                  <property key="c">13396224</property>
                </properties>
                <properties key="6">
                  <properties key="p">
                    <property key="0">75</property>
                    <property key="1">25</property>
                    <property key="2">125</property>
                  </properties>
                  <property key="c">13396224</property>
                </properties>
                <properties key="7">
                  <properties key="p">
                    <property key="0">25</property>
                    <property key="1">25</property>
                    <property key="2">125</property>
                  </properties>
                  <property key="c">13396224</property>
                </properties>
                <properties key="8">
                  <properties key="p">
                    <property key="0">-25</property>
                    <property key="1">25</property>
                    <property key="2">125</property>
                  </properties>
                  <property key="c">13396224</property>
                </properties>
                <properties key="9">
                  <properties key="p">
                    <property key="0">-75</property>
                    <property key="1">25</property>
                    <property key="2">125</property>
                  </properties>
                  <property key="c">13396224</property>
                </properties>
                <properties key="10">
                  <properties key="p">
                    <property key="0">75</property>
                    <property key="1">25</property>
                    <property key="2">-125</property>
                  </properties>
                  <property key="c">13396224</property>
                </properties>
                <properties key="11">
                  <properties key="p">
                    <property key="0">25</property>
                    <property key="1">25</property>
                    <property key="2">-125</property>
                  </properties>
                  <property key="c">13396224</property>
                </properties>
                <properties key="12">
                  <properties key="p">
                    <property key="0">-25</property>
                    <property key="1">25</property>
                    <property key="2">-125</property>
                  </properties>
                  <property key="c">13396224</property>
                </properties>
                <properties key="13">
                  <properties key="p">
                    <property key="0">-75</property>
                    <property key="1">25</property>
                    <property key="2">-125</property>
                  </properties>
                  <property key="c">13396224</property>
                </properties>
                <properties key="14">
                  <properties key="p">
                    <property key="0">-125</property>
                    <property key="1">25</property>
                    <property key="2">-125</property>
                  </properties>
                  <property key="c">13396224</property>
                </properties>
                <properties key="15">
                  <properties key="p">
                    <property key="0">-125</property>
                    <property key="1">25</property>
                    <property key="2">125</property>
                  </properties>
                  <property key="c">13396224</property>
                </properties>
                <properties key="16">
                  <properties key="p">
                    <property key="0">-125</property>
                    <property key="1">25</property>
                    <property key="2">75</property>
                  </properties>
                  <property key="c">13396224</property>
                </properties>
                <properties key="17">
                  <properties key="p">
                    <property key="0">-125</property>
                    <property key="1">25</property>
                    <property key="2">25</property>
                  </properties>
                  <property key="c">13396224</property>
                </properties>
                <properties key="18">
                  <properties key="p">
                    <property key="0">-125</property>
                    <property key="1">25</property>
                    <property key="2">-25</property>
                  </properties>
                  <property key="c">13396224</property>
                </properties>
                <properties key="19">
                  <properties key="p">
                    <property key="0">-125</property>
                    <property key="1">25</property>
                    <property key="2">-75</property>
                  </properties>
                  <property key="c">13396224</property>
                </properties>
                <properties key="20">
                  <properties key="p">
                    <property key="0">-125</property>
                    <property key="1">75</property>
                    <property key="2">125</property>
                  </properties>
                  <property key="c">13396224</property>
                </properties>
                <properties key="21">
                  <properties key="p">
                    <property key="0">-125</property>
                    <property key="1">75</property>
                    <property key="2">75</property>
                  </properties>
                  <property key="c">13396224</property>
                </properties>
                <properties key="22">
                  <properties key="p">
                    <property key="0">-125</property>
                    <property key="1">75</property>
                    <property key="2">25</property>
                  </properties>
                  <property key="c">13396224</property>
                </properties>
                <properties key="23">
                  <properties key="p">
                    <property key="0">-125</property>
                    <property key="1">75</property>
                    <property key="2">-25</property>
                  </properties>
                  <property key="c">13396224</property>
                </properties>
                <properties key="24">
                  <properties key="p">
                    <property key="0">-125</property>
                    <property key="1">75</property>
                    <property key="2">-75</property>
                  </properties>
                  <property key="c">13396224</property>
                </properties>
                <properties key="25">
                  <properties key="p">
                    <property key="0">-125</property>
                    <property key="1">75</property>
                    <property key="2">-125</property>
                  </properties>
                  <property key="c">13396224</property>
                </properties>
                <properties key="26">
                  <properties key="p">
                    <property key="0">-75</property>
                    <property key="1">75</property>
                    <property key="2">-125</property>
                  </properties>
                  <property key="c">13396224</property>
                </properties>
                <properties key="27">
                  <properties key="p">
                    <property key="0">-25</property>
                    <property key="1">75</property>
                    <property key="2">-125</property>
                  </properties>
                  <property key="c">13396224</property>
                </properties>
                <properties key="28">
                  <properties key="p">
                    <property key="0">25</property>
                    <property key="1">75</property>
                    <property key="2">-125</property>
                  </properties>
                  <property key="c">13396224</property>
                </properties>
                <properties key="29">
                  <properties key="p">
                    <property key="0">75</property>
                    <property key="1">75</property>
                    <property key="2">-125</property>
                  </properties>
                  <property key="c">13396224</property>
                </properties>
                <properties key="30">
                  <properties key="p">
                    <property key="0">125</property>
                    <property key="1">75</property>
                    <property key="2">-125</property>
                  </properties>
                  <property key="c">13396224</property>
                </properties>
                <properties key="31">
                  <properties key="p">
                    <property key="0">-75</property>
                    <property key="1">75</property>
                    <property key="2">125</property>
                  </properties>
                  <property key="c">13396224</property>
                </properties>
                <properties key="32">
                  <properties key="p">
                    <property key="0">-25</property>
                    <property key="1">75</property>
                    <property key="2">125</property>
                  </properties>
                  <property key="c">13396224</property>
                </properties>
                <properties key="33">
                  <properties key="p">
                    <property key="0">25</property>
                    <property key="1">75</property>
                    <property key="2">125</property>
                  </properties>
                  <property key="c">13396224</property>
                </properties>
                <properties key="34">
                  <properties key="p">
                    <property key="0">75</property>
                    <property key="1">75</property>
                    <property key="2">125</property>
                  </properties>
                  <property key="c">13396224</property>
                </properties>
                <properties key="35">
                  <properties key="p">
                    <property key="0">125</property>
                    <property key="1">75</property>
                    <property key="2">125</property>
                  </properties>
                  <property key="c">13396224</property>
                </properties>
                <properties key="36">
                  <properties key="p">
                    <property key="0">125</property>
                    <property key="1">75</property>
                    <property key="2">75</property>
                  </properties>
                  <property key="c">13396224</property>
                </properties>
                <properties key="37">
                  <properties key="p">
                    <property key="0">125</property>
                    <property key="1">75</property>
                    <property key="2">25</property>
                  </properties>
                  <property key="c">13396224</property>
                </properties>
                <properties key="38">
                  <properties key="p">
                    <property key="0">125</property>
                    <property key="1">75</property>
                    <property key="2">-25</property>
                  </properties>
                  <property key="c">13396224</property>
                </properties>
                <properties key="39">
                  <properties key="p">
                    <property key="0">125</property>
                    <property key="1">75</property>
                    <property key="2">-75</property>
                  </properties>
                  <property key="c">13396224</property>
                </properties>
                <properties key="40">
                  <properties key="p">
                    <property key="0">-125</property>
                    <property key="1">125</property>
                    <property key="2">125</property>
                  </properties>
                  <property key="c">13396224</property>
                </properties>
                <properties key="41">
                  <properties key="p">
                    <property key="0">-125</property>
                    <property key="1">125</property>
                    <property key="2">75</property>
                  </properties>
                  <property key="c">13396224</property>
                </properties>
                <properties key="42">
                  <properties key="p">
                    <property key="0">-125</property>
                    <property key="1">125</property>
                    <property key="2">25</property>
                  </properties>
                  <property key="c">13396224</property>
                </properties>
                <properties key="43">
                  <properties key="p">
                    <property key="0">-125</property>
                    <property key="1">125</property>
                    <property key="2">-25</property>
                  </properties>
                  <property key="c">13396224</property>
                </properties>
                <properties key="44">
                  <properties key="p">
                    <property key="0">-125</property>
                    <property key="1">125</property>
                    <property key="2">-75</property>
                  </properties>
                  <property key="c">13396224</property>
                </properties>
                <properties key="45">
                  <properties key="p">
                    <property key="0">-125</property>
                    <property key="1">125</property>
                    <property key="2">-125</property>
                  </properties>
                  <property key="c">13396224</property>
                </properties>
                <properties key="46">
                  <properties key="p">
                    <property key="0">-75</property>
                    <property key="1">125</property>
                    <property key="2">-125</property>
                  </properties>
                  <property key="c">13396224</property>
                </properties>
                <properties key="47">
                  <properties key="p">
                    <property key="0">-25</property>
                    <property key="1">125</property>
                    <property key="2">-125</property>
                  </properties>
                  <property key="c">13396224</property>
                </properties>
                <properties key="48">
                  <properties key="p">
                    <property key="0">25</property>
                    <property key="1">125</property>
                    <property key="2">-125</property>
                  </properties>
                  <property key="c">13396224</property>
                </properties>
                <properties key="49">
                  <properties key="p">
                    <property key="0">75</property>
                    <property key="1">125</property>
                    <property key="2">-125</property>
                  </properties>
                  <property key="c">13396224</property>
                </properties>
                <properties key="50">
                  <properties key="p">
                    <property key="0">125</property>
                    <property key="1">125</property>
                    <property key="2">-125</property>
                  </properties>
                  <property key="c">13396224</property>
                </properties>
                <properties key="51">
                  <properties key="p">
                    <property key="0">125</property>
                    <property key="1">125</property>
                    <property key="2">-75</property>
                  </properties>
                  <property key="c">13396224</property>
                </properties>
                <properties key="52">
                  <properties key="p">
                    <property key="0">125</property>
                    <property key="1">125</property>
                    <property key="2">-25</property>
                  </properties>
                  <property key="c">13396224</property>
                </properties>
                <properties key="53">
                  <properties key="p">
                    <property key="0">125</property>
                    <property key="1">125</property>
                    <property key="2">25</property>
                  </properties>
                  <property key="c">13396224</property>
                </properties>
                <properties key="54">
                  <properties key="p">
                    <property key="0">125</property>
                    <property key="1">125</property>
                    <property key="2">75</property>
                  </properties>
                  <property key="c">13396224</property>
                </properties>
                <properties key="55">
                  <properties key="p">
                    <property key="0">-75</property>
                    <property key="1">125</property>
                    <property key="2">125</property>
                  </properties>
                  <property key="c">13396224</property>
                </properties>
                <properties key="56">
                  <properties key="p">
                    <property key="0">-25</property>
                    <property key="1">125</property>
                    <property key="2">125</property>
                  </properties>
                  <property key="c">13396224</property>
                </properties>
                <properties key="57">
                  <properties key="p">
                    <property key="0">25</property>
                    <property key="1">125</property>
                    <property key="2">125</property>
                  </properties>
                  <property key="c">13396224</property>
                </properties>
                <properties key="58">
                  <properties key="p">
                    <property key="0">75</property>
                    <property key="1">125</property>
                    <property key="2">125</property>
                  </properties>
                  <property key="c">13396224</property>
                </properties>
                <properties key="59">
                  <properties key="p">
                    <property key="0">125</property>
                    <property key="1">125</property>
                    <property key="2">125</property>
                  </properties>
                  <property key="c">13396224</property>
                </properties>
              </properties>
              <property key="gameUrl">https://surveyinfo.au.dk/pci-external/open-tao-pcis/voxelcraft/game/</property>
              <property key="scoring"></property>
            </properties>
            <markup xmlns="http://www.w3.org/1999/xhtml">
              <div class="voxelcraft">
</div>
            </markup>
          </portableCustomInteraction>
        </customInteraction>
      </div>
    </div>
  </itemBody>
  <responseProcessing template="http://www.imsglobal.org/question/qti_v2p2/rptemplates/match_correct"/>
</assessmentItem>
