<?xml version="1.0" encoding="UTF-8"?>
<assessmentItem xmlns="http://www.imsglobal.org/xsd/imsqti_v2p2" xmlns:m="http://www.w3.org/1998/Math/MathML" xmlns:xsi="http://www.w3.org/2001/XMLSchema-instance" xsi:schemaLocation="http://www.imsglobal.org/xsd/imsqti_v2p2 http://www.imsglobal.org/xsd/qti/qtiv2p2/imsqti_v2p2.xsd" identifier="i1535012119223597" title="14. Besvar sms'er" label="15. Besvar sms'er" xml:lang="da-DK" adaptive="false" timeDependent="false" toolName="TAO" toolVersion="3.3.0-RC02">
  <responseDeclaration identifier="RESPONSE" cardinality="multiple" baseType="directedPair">
    <correctResponse>
      <value><![CDATA[choice_1 choice_3]]></value>
      <value><![CDATA[choice_7 choice_4]]></value>
      <value><![CDATA[choice_7 choice_5]]></value>
      <value><![CDATA[choice_2 choice_6]]></value>
      <value><![CDATA[choice_7 choice_8]]></value>
    </correctResponse>
  </responseDeclaration>
  <outcomeDeclaration identifier="SCORE" cardinality="single" baseType="float" normalMaximum="1"/>
  <outcomeDeclaration identifier="MAXSCORE" cardinality="single" baseType="float">
    <defaultValue>
      <value>1</value>
    </defaultValue>
  </outcomeDeclaration>
  <stylesheet href="style/custom/tao-user-styles.css" type="text/css" media="all" title=""/>
  <itemBody>
    <div class="grid-row">
      <div class="col-12">
        <h4>I har besluttet jer for kun at lukke de første 1.000 gæster ind. Resten bliver afvist ved indgangen. Dagen efter får du en sms fra en utilfreds gæst.<br/>
<img src="forlystelsesparkopg8_2.png" alt="forlystelsesparkopg8_2" width="48%"/>
</h4>
        <h6>Herunder er der 5 forskellige svar til Aabid. Tonen i dem er ret forskellig. Vælg den rigtige beskrivelse af tonen ved at sætte et kryds ud for hver svarmulighed.</h6>
      </div>
    </div>
    <div class="grid-row">
      <div class="col-12">
        <matchInteraction responseIdentifier="RESPONSE" shuffle="false" maxAssociations="0" minAssociations="0">
          <prompt/>
          <simpleMatchSet>
            <simpleAssociableChoice identifier="choice_1" fixed="false" showHide="show" matchMax="0" matchMin="0">Neutral</simpleAssociableChoice>
            <simpleAssociableChoice identifier="choice_2" fixed="false" showHide="show" matchMax="0" matchMin="0">Uhøflig</simpleAssociableChoice>
            <simpleAssociableChoice identifier="choice_7" fixed="false" showHide="show" matchMax="0" matchMin="0">Venlig</simpleAssociableChoice>
          </simpleMatchSet>
          <simpleMatchSet>
            <simpleAssociableChoice identifier="choice_3" fixed="false" showHide="show" matchMax="1" matchMin="0">Hej. Parken var fyldt. Derfor måtte du ikke komme ind. Prøv igen en anden gang.</simpleAssociableChoice>
            <simpleAssociableChoice identifier="choice_4" fixed="false" showHide="show" matchMax="1" matchMin="0">Hej Aabid. Vi ville gerne have lukket dig ind, men vi måtte ikke lukke flere ind for brandvæsenet. Vi beklager!</simpleAssociableChoice>
            <simpleAssociableChoice identifier="choice_5" fixed="false" showHide="show" matchMax="1" matchMin="0">Hej Aabid. Vi forstår godt, at det var en træls oplevelse. Som plaster på såret vil vi gerne tilbyde jer gratis billetter til en anden dag.</simpleAssociableChoice>
            <simpleAssociableChoice identifier="choice_6" fixed="false" showHide="show" matchMax="1" matchMin="0">Hej Aabid. Sådan er reglerne altså. Det er ikke vores skyld. Men det var da godt for din ven, at han kom ind.</simpleAssociableChoice>
            <simpleAssociableChoice identifier="choice_8" fixed="false" showHide="show" matchMax="1" matchMin="0">Hej Aabid. Vi kan godt forstå, at du er skuffet. Vi håber, at du alligevel vil komme igen en anden dag.</simpleAssociableChoice>
          </simpleMatchSet>
        </matchInteraction>
      </div>
    </div>
  </itemBody>
  <responseProcessing template="http://www.imsglobal.org/question/qti_v2p2/rptemplates/match_correct"/>
</assessmentItem>
