<?xml version="1.0" encoding="UTF-8"?>
<assessmentItem xmlns="http://www.imsglobal.org/xsd/imsqti_v2p2" xmlns:m="http://www.w3.org/1998/Math/MathML" xmlns:xsi="http://www.w3.org/2001/XMLSchema-instance" xsi:schemaLocation="http://www.imsglobal.org/xsd/imsqti_v2p2 http://www.imsglobal.org/xsd/qti/qtiv2p2/imsqti_v2p2.xsd" identifier="i1543242254713739" title="0. Introtext" label="0. Introduction page" xml:lang="en-US" adaptive="false" timeDependent="false" toolName="TAO" toolVersion="3.3.0-RC02">
  <stylesheet href="style/custom/tao-user-styles.css" type="text/css" media="all" title=""/>
  <itemBody>
    <div class="grid-row">
      <div class="col-12">
        <h4>You are the owner of a campsite. The summer is coming. You and your employees are therefore busy preparing for the guests to arrive.</h4>
        <h4>It is your responsibility that the employees know their assigned tasks. And you need to make sure all guests will have a great experience.</h4>
        <h6>
          <img src="assets/f6c90cc75d414250bbde7.jpeg" alt="telt" width="100%" type="application/octet-stream"/>
        </h6>
        <p> </p>
      </div>
    </div>
  </itemBody>
  <responseProcessing/>
</assessmentItem>
