<?xml version="1.0" encoding="UTF-8"?>
<assessmentItem xmlns="http://www.imsglobal.org/xsd/imsqti_v2p2" xmlns:m="http://www.w3.org/1998/Math/MathML" xmlns:xsi="http://www.w3.org/2001/XMLSchema-instance" xsi:schemaLocation="http://www.imsglobal.org/xsd/imsqti_v2p2 http://www.imsglobal.org/xsd/qti/qtiv2p2/imsqti_v2p2.xsd" identifier="i15433292798506781" title="0. Introside" label="0. Introside" xml:lang="da-DK" adaptive="false" timeDependent="false" toolName="TAO" toolVersion="3.3.0-RC02">
  <itemBody>
    <div class="grid-row">
      <div class="col-12">
        <h4>Du er direktør for en lille forlystelsespark. I er i gang med at renovere forlystelserne, så parken er derfor lukket. I er dog i gang med at planlægge en åbningsfest. Den skal holdes, når parken åbner igen.</h4>
        <h6>
          <br/>
          <img src="theme park_bred.jpg" alt="theme park_bred" width="100%"/>
        </h6>
      </div>
    </div>
  </itemBody>
  <responseProcessing/>
</assessmentItem>
