<?xml version="1.0" encoding="UTF-8"?>
<assessmentItem xmlns="http://www.imsglobal.org/xsd/imsqti_v2p2" xmlns:html5="html5" xmlns:m="http://www.w3.org/1998/Math/MathML" xmlns:pci="http://www.imsglobal.org/xsd/portableCustomInteraction" xmlns:xsi="http://www.w3.org/2001/XMLSchema-instance" xsi:schemaLocation="http://www.imsglobal.org/xsd/imsqti_v2p2 http://www.imsglobal.org/xsd/qti/qtiv2p2/imsqti_v2p2.xsd" identifier="i15368304093384200" title="Camping 9" label="5. Brainstorm I" xml:lang="da-DK" adaptive="false" timeDependent="false" toolName="TAO" toolVersion="3.3.0-RC02">
  <responseDeclaration identifier="RESPONSE" cardinality="single" baseType="string"/>
  <outcomeDeclaration identifier="SCORE" cardinality="single" baseType="float"/>
  <stylesheet href="style/custom/tao-user-styles.css" type="text/css" media="all" title=""/>
  <itemBody>
    <div class="grid-row">
      <div class="col-12">
        <h4>Bag ved legepladsen ligger der en stor græsplæne, som ikke bliver brugt. Her vil I gerne lave et sted, hvor børn under 8 år vil kunne lide at være. Du laver en brainstorm med Jan og Jette. I skal komme på idéer til, hvad man kan gøre med området.</h4>
        <h6>Skriv i feltet nederst. Tryk på 'Enter', hver gang du har skrevet en idé.<br/>
Mens du skriver, kan du se Jan og Jettes idéer på skærmen. Klik på teksten i det store felt, når du er klar til at brainstorme. Gå videre til næste opgave, når du ikke kan komme på flere idéer. Du går automatisk videre efter 3 minutter.</h6>
      </div>
    </div>
    <div class="grid-row">
      <div class="col-12">
        <customInteraction responseIdentifier="RESPONSE">
          <portableCustomInteraction xmlns="http://www.imsglobal.org/xsd/portableCustomInteraction" customInteractionTypeIdentifier="brainstorm" hook="brainstorm/runtime/brainstorm.amd.js" version="0.1.12">
            <resources>
              <libraries>
                <lib id="IMSGlobal/jquery_2_1_1"/>
              </libraries>
              <stylesheets>
                <link href="brainstorm/runtime/css/base.css" type="text/css" title="base"/>
                <link href="brainstorm/runtime/css/brainstorm.css" type="text/css" title="brainstorm"/>
              </stylesheets>
              <mediaFiles>
                <file src="brainstorm/runtime/assets/download.png" type="image/png"/>
                <file src="brainstorm/runtime/css/img/download.png" type="image/png"/>
              </mediaFiles>
            </resources>
            <properties>
              <property key="nickname">Dig</property>
              <property key="messages">03;Jan;green;Rutschebane
08;Jette;red;Bygge gynger.
13;Jan;green;Værksted hvor man kan male.
18;Jette;red; Bage snobrød.
23;Jan;green;Dukketeater.
26;Jan;green;Børneteater
30;Jette;red;En cykelbane
37;Jan;green;Børnezoo
44;Jette;red;Vaffelbod
51;Jan;green;Børnebiograf
57;Jette;red;Bygge et legehus.
64;Jette;red;Legoværksted
70;Jette;red;Lave sin egen is
80;Jan;green;Kuglerum
90;Jette;red;Hoppeborg
100;Jan;green;Forhindringsbane
110;Jan;green;Bygge et legehus
120;Jette;red;Lave perleplader
130;Jan;green;Værksted hvor man kan tegne
140;Jette;red;Vipper
150;Jan;green;Klatretårn
160;Jette;red;Fodboldbane</property>
              <property key="timeLimit">180</property>
              <property key="startText">Klik her, når du er klar til at brainstorme.</property>
              <property key="endText">Tiden er gået. Gå til næste opgave.</property>
            </properties>
            <markup xmlns="http://www.w3.org/1999/xhtml">
              <div class="brainstorm">
                <div class="chat"/>
                <input class="prompt"/>
              </div>
            </markup>
          </portableCustomInteraction>
        </customInteraction>
      </div>
    </div>
  </itemBody>
  <responseProcessing template="http://www.imsglobal.org/question/qti_v2p2/rptemplates/match_correct"/>
</assessmentItem>
