<?xml version="1.0" encoding="UTF-8"?>
<assessmentItem xmlns="http://www.imsglobal.org/xsd/imsqti_v2p2" xmlns:m="http://www.w3.org/1998/Math/MathML" xmlns:xsi="http://www.w3.org/2001/XMLSchema-instance" xsi:schemaLocation="http://www.imsglobal.org/xsd/imsqti_v2p2 http://www.imsglobal.org/xsd/qti/qtiv2p2/imsqti_v2p2.xsd" identifier="i15433220682383776" title="2.1 Spørgeskema" label="3. Spørgeskema" xml:lang="da-DK" adaptive="false" timeDependent="false" toolName="TAO" toolVersion="3.3.0-RC02">
  <responseDeclaration identifier="RESPONSE" cardinality="multiple" baseType="identifier">
    <mapping defaultValue="0">
      <mapEntry mapKey="choice_3" mappedValue="1"/>
      <mapEntry mapKey="choice_4" mappedValue="1"/>
      <mapEntry mapKey="choice_8" mappedValue="1"/>
    </mapping>
  </responseDeclaration>
  <outcomeDeclaration identifier="SCORE" cardinality="single" baseType="float" normalMaximum="2"/>
  <outcomeDeclaration identifier="MAXSCORE" cardinality="single" baseType="float">
    <defaultValue>
      <value>2</value>
    </defaultValue>
  </outcomeDeclaration>
  <stylesheet href="style/custom/tao-user-styles.css" type="text/css" media="all" title=""/>
  <itemBody>
    <div class="grid-row">
      <div class="col-12">
        <h4>Den nye butik er særlig henvendt til børn mellem 5 og 8 år. I vil gerne vide, om børnene kan lide butikken. I laver derfor et spørgeskema.</h4>
        <h6>Vælg 2 spørgsmål fra listen, som du synes man kan bruge i spørgeskemaet til børnene.</h6>
      </div>
    </div>
    <div class="grid-row">
      <div class="col-12">
        <choiceInteraction responseIdentifier="RESPONSE" shuffle="true" maxChoices="2" minChoices="0" orientation="vertical">
          <simpleChoice identifier="choice_1" fixed="false" showHide="show">Hvad synes du, at en bamse skal koste?</simpleChoice>
          <simpleChoice identifier="choice_2" fixed="false" showHide="show">Hvad er forskellen på en almindelig butik og en souvenirbutik?</simpleChoice>
          <simpleChoice identifier="choice_3" fixed="false" showHide="show">Hvilken ting i butikken ville du allerhelst have?</simpleChoice>
          <simpleChoice identifier="choice_4" fixed="false" showHide="show">Hvad ville du ønske, man kunne have købt i butikken?</simpleChoice>
          <simpleChoice identifier="choice_5" fixed="false" showHide="show">Kan du forklare, hvorfor mange børn godt kan lide is?</simpleChoice>
          <simpleChoice identifier="choice_6" fixed="false" showHide="show">Hvorfor tror du, at reolen med slik ofte står tæt på kassen?</simpleChoice>
          <simpleChoice identifier="choice_7" fixed="false" showHide="show">Kan du lide souvenirs?</simpleChoice>
          <simpleChoice identifier="choice_8" fixed="false" showHide="show">Kunne du se alle varerne på reolerne?</simpleChoice>
        </choiceInteraction>
      </div>
    </div>
  </itemBody>
  <responseProcessing template="http://www.imsglobal.org/question/qti_v2p2/rptemplates/map_response"/>
</assessmentItem>
