<?xml version="1.0" encoding="UTF-8"?>
<assessmentItem xmlns="http://www.imsglobal.org/xsd/imsqti_v2p2" xmlns:m="http://www.w3.org/1998/Math/MathML" xmlns:xsi="http://www.w3.org/2001/XMLSchema-instance" xsi:schemaLocation="http://www.imsglobal.org/xsd/imsqti_v2p2 http://www.imsglobal.org/xsd/qti/qtiv2p2/imsqti_v2p2.xsd" identifier="i15398677589059352" title="Flettevejledning" label="4. Flettevejledning" xml:lang="da-DK" adaptive="false" timeDependent="false" toolName="TAO" toolVersion="3.3.0-RC02">
  <responseDeclaration identifier="trin_2" cardinality="single" baseType="identifier">
    <correctResponse>
      <value><![CDATA[trin2_2]]></value>
    </correctResponse>
    <mapping defaultValue="0">
      <mapEntry mapKey="trin2_K" mappedValue="1"/>
    </mapping>
  </responseDeclaration>
  <responseDeclaration identifier="trin_1" cardinality="single" baseType="identifier">
    <correctResponse>
      <value><![CDATA[trin1_K]]></value>
    </correctResponse>
    <mapping defaultValue="0" upperBound="1" lowerBound="0">
      <mapEntry mapKey="trin1_K" mappedValue="1"/>
    </mapping>
  </responseDeclaration>
  <responseDeclaration identifier="trin_3" cardinality="single" baseType="identifier">
    <correctResponse>
      <value><![CDATA[trin3_K]]></value>
    </correctResponse>
    <mapping defaultValue="0">
      <mapEntry mapKey="trin3_K" mappedValue="1"/>
    </mapping>
  </responseDeclaration>
  <outcomeDeclaration identifier="SCORE" cardinality="single" baseType="float" normalMaximum="3"/>
  <outcomeDeclaration identifier="MAXSCORE" cardinality="single" baseType="float">
    <defaultValue>
      <value>3</value>
    </defaultValue>
  </outcomeDeclaration>
  <stylesheet href="style/custom/tao-user-styles.css" type="text/css" media="all" title=""/>
  <itemBody>
    <div class="grid-row">
      <div class="col-12">
        <h4>Museet vil lave en workshop til udstillingen, hvor man lærer at flette hår. Vikingemænd flettede nemlig deres skæg, og kvinder deres hår. Der skal laves en flettevejledning, som kan hænges op ved workshoppen. </h4>
        <h6>Der er 3 trin i vejledningen. Du skal vælge det billede, der passer til hvert trin.</h6>
      </div>
    </div>
    <div class="grid-row">
      <div class="col-12">
        <choiceInteraction responseIdentifier="trin_1" shuffle="true" maxChoices="1" minChoices="0" orientation="horizontal">
          <prompt>
            <p>1. Del håret i 5 dele, hvor del 1 er længst mod højre.</p>
          </prompt>
          <simpleChoice identifier="trin1_3" fixed="false" showHide="show">
            <p>
              <img src="Trin 0_3.png" alt="Trin 0_3" width="182" height="141"/>
            </p>
          </simpleChoice>
          <simpleChoice identifier="trin1_K" fixed="false" showHide="show">
            <img src="Trin 0_K (2).png" alt="Trin 0_K" width="182" height="141"/>
          </simpleChoice>
          <simpleChoice identifier="trin1_2" fixed="false" showHide="show">
            <img src="Trin 0_2.png" alt="Trin 0_2" width="182" height="141"/>
          </simpleChoice>
        </choiceInteraction>
      </div>
    </div>
    <div class="grid-row">
      <div class="col-12">
        <choiceInteraction responseIdentifier="trin_2" shuffle="true" maxChoices="1" minChoices="0" orientation="horizontal">
          <prompt>
            <p>2. Læg del 1 over del 2 og under del 3.</p>
          </prompt>
          <simpleChoice identifier="trin2_K" fixed="false" showHide="show">
            <p>
              <img src="Trin 1_K.png" alt="Trin 1_K" width="183" height="141"/>
            </p>
          </simpleChoice>
          <simpleChoice identifier="trin2_2" fixed="false" showHide="show">
            <img src="Trin 1_2.png" alt="Trin 1_2" width="183" height="141"/>
          </simpleChoice>
          <simpleChoice identifier="trin2_3" fixed="false" showHide="show">
            <img src="Trin 1_3.png" alt="Trin 1_3" width="183" height="141"/>
          </simpleChoice>
        </choiceInteraction>
      </div>
    </div>
    <div class="grid-row">
      <div class="col-12">
        <choiceInteraction responseIdentifier="trin_3" shuffle="true" maxChoices="1" minChoices="0" orientation="horizontal">
          <prompt>
            <p>3. Læg del 5 over del 4 og under den midterste.</p>
          </prompt>
          <simpleChoice identifier="trin3_K" fixed="false" showHide="show">
            <img src="Trin 2_K.png" alt="Trin 2_K" width="182" height="141"/>
          </simpleChoice>
          <simpleChoice identifier="trin3_2" fixed="false" showHide="show">
            <img src="Trin 2_2.png" alt="Trin 2_2" width="182" height="141"/>
          </simpleChoice>
          <simpleChoice identifier="trin3_3" fixed="false" showHide="show">
            <img src="Trin 2_3.png" alt="Trin 2_3" width="182" height="141"/>
          </simpleChoice>
        </choiceInteraction>
      </div>
    </div>
    <div class="grid-row">
      <div class="col-12">
        <p>Fortsæt trin 2 og 3 ovenfor, indtil håret ikke er længere. Afslut med en elastik.</p>
      </div>
    </div>
  </itemBody>
  <responseProcessing>
    <responseCondition>
      <responseIf>
        <not>
          <isNull>
            <variable identifier="trin_1"/>
          </isNull>
        </not>
        <setOutcomeValue identifier="SCORE">
          <sum>
            <variable identifier="SCORE"/>
            <mapResponse identifier="trin_1"/>
          </sum>
        </setOutcomeValue>
      </responseIf>
    </responseCondition>
    <responseCondition>
      <responseIf>
        <not>
          <isNull>
            <variable identifier="trin_2"/>
          </isNull>
        </not>
        <setOutcomeValue identifier="SCORE">
          <sum>
            <variable identifier="SCORE"/>
            <mapResponse identifier="trin_2"/>
          </sum>
        </setOutcomeValue>
      </responseIf>
    </responseCondition>
    <responseCondition>
      <responseIf>
        <not>
          <isNull>
            <variable identifier="trin_3"/>
          </isNull>
        </not>
        <setOutcomeValue identifier="SCORE">
          <sum>
            <variable identifier="SCORE"/>
            <mapResponse identifier="trin_3"/>
          </sum>
        </setOutcomeValue>
      </responseIf>
    </responseCondition>
  </responseProcessing>
</assessmentItem>
