<?xml version="1.0" encoding="UTF-8"?>
<assessmentItem xmlns="http://www.imsglobal.org/xsd/imsqti_v2p2" xmlns:m="http://www.w3.org/1998/Math/MathML" xmlns:xsi="http://www.w3.org/2001/XMLSchema-instance" xsi:schemaLocation="http://www.imsglobal.org/xsd/imsqti_v2p2 http://www.imsglobal.org/xsd/qti/qtiv2p2/imsqti_v2p2.xsd" identifier="i15353733948500122" title="13. Vælg den bedste idé" label="14. Vælg den bedste idé" xml:lang="da-DK" adaptive="false" timeDependent="false" toolName="TAO" toolVersion="3.3.0-RC02">
  <responseDeclaration identifier="RESPONSE" cardinality="single" baseType="string"/>
  <responseDeclaration identifier="RESPONSE_1" cardinality="single" baseType="string"/>
  <outcomeDeclaration identifier="SCORE" cardinality="single" baseType="float"/>
  <stylesheet href="style/custom/tao-user-styles.css" type="text/css" media="all" title=""/>
  <itemBody>
    <div class="grid-row">
      <div class="col-12">
        <h4>Det er dagen før festen, og du har fået en dårlig nyhed. Der er 2.000 gæster, som har tilmeldt sig festen. Men det er kun lovligt at være 1.000 gæster i parken på samme tid.<br/>
<br/>
På et krisemøde i bestyrelsen er I kommet på nogle idéer til, hvordan man kan løse problemet. Din opgave er at argumentere for og imod én af idéerne.<br/>
<br/>
Din idé:<em> De første 1.000 gæster kommer ind. De andre må blive ude.</em></h4>
        <h6>Hvorfor er din idé god?</h6>
      </div>
    </div>
    <div class="grid-row">
      <div class="col-12">
        <extendedTextInteraction responseIdentifier="RESPONSE" base="10" minStrings="0" format="plain">
    </extendedTextInteraction>
      </div>
    </div>
    <div class="grid-row">
      <div class="col-12">
        <h6>Hvorfor er din idé dårlig?</h6>
      </div>
    </div>
    <div class="grid-row">
      <div class="col-12">
        <extendedTextInteraction responseIdentifier="RESPONSE_1" base="10" minStrings="0" format="plain">
    </extendedTextInteraction>
      </div>
    </div>
  </itemBody>
  <responseProcessing>
    <responseCondition>
      <responseIf>
        <match>
          <variable identifier="RESPONSE_1"/>
          <correct identifier="RESPONSE_1"/>
        </match>
        <setOutcomeValue identifier="SCORE">
          <sum>
            <variable identifier="SCORE"/>
            <baseValue baseType="integer">1</baseValue>
          </sum>
        </setOutcomeValue>
      </responseIf>
    </responseCondition>
  </responseProcessing>
</assessmentItem>
