<?xml version="1.0" encoding="UTF-8"?>
<assessmentItem xmlns="http://www.imsglobal.org/xsd/imsqti_v2p2" xmlns:m="http://www.w3.org/1998/Math/MathML" xmlns:xsi="http://www.w3.org/2001/XMLSchema-instance" xsi:schemaLocation="http://www.imsglobal.org/xsd/imsqti_v2p2 http://www.imsglobal.org/xsd/qti/qtiv2p2/imsqti_v2p2.xsd" identifier="i15422009329915431" title="4. Prioriteret opgaveliste" label="4. Prioriteret opgaveliste" xml:lang="da-DK" adaptive="false" timeDependent="false" toolName="TAO" toolVersion="3.3.0-RC02">
  <responseDeclaration identifier="RESPONSE" cardinality="ordered" baseType="identifier">
    <correctResponse>
      <value><![CDATA[slutning]]></value>
    </correctResponse>
  </responseDeclaration>
  <outcomeDeclaration identifier="SCORE" cardinality="single" baseType="float" normalMaximum="1"/>
  <outcomeDeclaration identifier="MAXSCORE" cardinality="single" baseType="float">
    <defaultValue>
      <value>1</value>
    </defaultValue>
  </outcomeDeclaration>
  <itemBody>
    <div class="grid-row">
      <div class="col-12">
        <h4>Der er planlagt nogle opgaver for de første uger. Du er bange for, I ikke når dem alle. Du vil derfor skabe et overblik over, hvor vigtige de forskellige opgaver er.</h4>
        <h6>Klik på opgaverne, så de står i rækkefølge til højre på skærmen. Opgaven øverst på listen skal være den vigtigste. Du kan ændre på rækkefølgen.</h6>
      </div>
    </div>
    <div class="grid-row">
      <div class="col-12">
        <orderInteraction responseIdentifier="RESPONSE" shuffle="true" orientation="vertical">
          <simpleChoice identifier="slutning" fixed="false" showHide="show">Skriv slutningen til stykket færdig</simpleChoice>
          <simpleChoice identifier="kostumer" fixed="false" showHide="show">Sy ekstra kostumer, der kan bruges, hvis et kostume går i stykker</simpleChoice>
          <simpleChoice identifier="korrektur" fixed="false" showHide="show">
            <p>Tjek stavefejl i manuskriptet</p>
          </simpleChoice>
          <simpleChoice identifier="audition" fixed="false" showHide="show">Indkald skuespillere til auditions</simpleChoice>
          <simpleChoice identifier="sminkoer" fixed="false" showHide="show">Ansæt en, der kan lægge sminke på skuespillerne</simpleChoice>
          <simpleChoice identifier="garderobe" fixed="false" showHide="show">Mal væggene i garderoben</simpleChoice>
        </orderInteraction>
      </div>
    </div>
  </itemBody>
  <responseProcessing template="http://www.imsglobal.org/question/qti_v2p2/rptemplates/match_correct"/>
</assessmentItem>
