<?xml version="1.0" encoding="UTF-8"?>
<assessmentItem xmlns="http://www.imsglobal.org/xsd/imsqti_v2p2" xmlns:m="http://www.w3.org/1998/Math/MathML" xmlns:xsi="http://www.w3.org/2001/XMLSchema-instance" xsi:schemaLocation="http://www.imsglobal.org/xsd/imsqti_v2p2 http://www.imsglobal.org/xsd/qti/qtiv2p2/imsqti_v2p2.xsd" identifier="i1534405194862870" title="7. Svar på sms'er (task 1)" label="11. Svar på sms'er" xml:lang="da-DK" adaptive="false" timeDependent="false" toolName="TAO" toolVersion="3.3.0-RC02">
  <responseDeclaration identifier="RESPONSE" cardinality="multiple" baseType="directedPair">
    <correctResponse>
      <value><![CDATA[choice_2 choice_3]]></value>
      <value><![CDATA[choice_1 choice_4]]></value>
      <value><![CDATA[choice_2 choice_6]]></value>
      <value><![CDATA[choice_5 choice_7]]></value>
      <value><![CDATA[choice_1 choice_8]]></value>
    </correctResponse>
  </responseDeclaration>
  <outcomeDeclaration identifier="SCORE" cardinality="single" baseType="float" normalMaximum="1"/>
  <outcomeDeclaration identifier="MAXSCORE" cardinality="single" baseType="float">
    <defaultValue>
      <value>1</value>
    </defaultValue>
  </outcomeDeclaration>
  <stylesheet href="style/custom/tao-user-styles.css" type="text/css" media="all" title=""/>
  <itemBody>
    <div class="grid-row">
      <div class="col-12">
        <h4>I er nu i gang med at bygge scenen. Byggeriet larmer, og derfor er nogle af gæsterne utilfredse. Du modtager blandt andet en sms fra Preben og Birthe. Den lyder således:<br/>
<img src="campingpladsen.png" alt="campingpladsen" width="32%"/>
<br/>
</h4>
        <h6>Du har skrevet 5 mulige svar på sms'en. Du skal vælge den beskrivelse, som bedst passer, til hvert af svarene.</h6>
      </div>
    </div>
    <div class="grid-row">
      <div class="col-12">
        <matchInteraction responseIdentifier="RESPONSE" shuffle="false" maxAssociations="0" minAssociations="0">
          <prompt/>
          <simpleMatchSet>
            <simpleAssociableChoice identifier="choice_1" fixed="false" showHide="show" matchMax="0" matchMin="0">Imødekommende</simpleAssociableChoice>
            <simpleAssociableChoice identifier="choice_2" fixed="false" showHide="show" matchMax="0" matchMin="0">Afvisende</simpleAssociableChoice>
            <simpleAssociableChoice identifier="choice_5" fixed="false" showHide="show" matchMax="0" matchMin="0">Trist</simpleAssociableChoice>
          </simpleMatchSet>
          <simpleMatchSet>
            <simpleAssociableChoice identifier="choice_3" fixed="false" showHide="show" matchMax="1" matchMin="0">Hvad havde I regnet med? Byggeriet bliver altså ikke hurtigere færdig af, at I brokker jer.</simpleAssociableChoice>
            <simpleAssociableChoice identifier="choice_4" fixed="false" showHide="show" matchMax="1" matchMin="0">Vi beklager meget. Vi kan desværre ikke give jer penge tilbage, men vi vil gerne prøve at få håndværkerne til at begrænse larmen.</simpleAssociableChoice>
            <simpleAssociableChoice identifier="choice_6" fixed="false" showHide="show" matchMax="1" matchMin="0">I kan ikke få pengene igen. Byggeri larmer, så I må lære at leve med det.</simpleAssociableChoice>
            <simpleAssociableChoice identifier="choice_7" fixed="false" showHide="show" matchMax="1" matchMin="0">Det er selvfølgelig heller ikke i orden. Vi havde sådan håbet, at vi kunne undgå at genere jer gæster. Men det er selvfølgelig vores skyld. Undskyld!</simpleAssociableChoice>
            <simpleAssociableChoice identifier="choice_8" fixed="false" showHide="show" matchMax="1" matchMin="0">Vi arbejder hårdt på at blive hurtigt færdige. Som et plaster på såret vil vi gerne tilbyde jer to gratis overnatninger.</simpleAssociableChoice>
          </simpleMatchSet>
        </matchInteraction>
      </div>
    </div>
  </itemBody>
  <responseProcessing template="http://www.imsglobal.org/question/qti_v2p2/rptemplates/match_correct"/>
</assessmentItem>
