<?xml version="1.0" encoding="UTF-8"?>
<assessmentItem xmlns="http://www.imsglobal.org/xsd/imsqti_v2p2" xmlns:html5="html5" xmlns:m="http://www.w3.org/1998/Math/MathML" xmlns:pci="http://www.imsglobal.org/xsd/portableCustomInteraction" xmlns:xsi="http://www.w3.org/2001/XMLSchema-instance" xsi:schemaLocation="http://www.imsglobal.org/xsd/imsqti_v2p2 http://www.imsglobal.org/xsd/qti/qtiv2p2/imsqti_v2p2.xsd" identifier="i15432360094097730" title="7. Museumsrum " label="7. Placement of display cases" xml:lang="da-DK" adaptive="false" timeDependent="false" toolName="TAO" toolVersion="3.3.0-RC02">
  <responseDeclaration identifier="RESPONSE" cardinality="single" baseType="string"/>
  <outcomeDeclaration identifier="SCORE" cardinality="single" baseType="float"/>
  <stylesheet href="style/custom/tao-user-styles.css" type="text/css" media="all" title=""/>
  <itemBody>
    <div class="grid-row">
      <div class="col-12">
        <h4>The craftsman has built a marketplace, and has moved some display cases with different items into one of the museum's rooms. You have to place the display cases in a better place.</h4>
        <h5>Requirements:<br/>
• Two back to back display cases have to display items from the same category.</h5>
        <h6>You have to move the 7 display cases around, so they have a better placement. The display cases can be turned around with the arrow keys or by doubble-clicking them. You can zoome in for a closer look at the display cases' contents.</h6>
      </div>
    </div>
    <div class="grid-row">
      <div class="col-12">
        <customInteraction responseIdentifier="RESPONSE">
          <portableCustomInteraction xmlns="http://www.imsglobal.org/xsd/portableCustomInteraction" customInteractionTypeIdentifier="theroom" hook="theroom/runtime/theroom.amd.js" version="0.0.12">
            <resources>
              <libraries>
                <lib id="IMSGlobal/jquery_2_1_1"/>
              </libraries>
              <stylesheets>
                <link href="theroom/runtime/css/base.css" type="text/css" title="base"/>
              </stylesheets>
              <mediaFiles>
                <file src="theroom/runtime/assets/download.png" type="image/png"/>
                <file src="theroom/runtime/css/img/download.png" type="image/png"/>
              </mediaFiles>
            </resources>
            <properties>
              <property key="excersize">museum.json</property>
              <property key="gameurl">https://surveyinfo.au.dk/pci-external/open-tao-pcis/theroom/runtime/theroom.html</property>
              <property key="exercise">museum.json</property>
            </properties>
            <markup xmlns="http://www.w3.org/1999/xhtml">
              <div class="theroom">
</div>
            </markup>
          </portableCustomInteraction>
        </customInteraction>
      </div>
    </div>
  </itemBody>
  <responseProcessing template="http://www.imsglobal.org/question/qti_v2p2/rptemplates/match_correct"/>
</assessmentItem>
