<?xml version="1.0" encoding="UTF-8"?>
<assessmentItem xmlns="http://www.imsglobal.org/xsd/imsqti_v2p2" xmlns:m="http://www.w3.org/1998/Math/MathML" xmlns:xsi="http://www.w3.org/2001/XMLSchema-instance" xsi:schemaLocation="http://www.imsglobal.org/xsd/imsqti_v2p2 http://www.imsglobal.org/xsd/qti/qtiv2p2/imsqti_v2p2.xsd" identifier="i156050531280079823" title="Intro" label="Intro" xml:lang="en-US" adaptive="false" timeDependent="false" toolName="TAO" toolVersion="3.3.0-RC02">
  <itemBody>
    <div class="grid-row">
      <div class="col-12">
        <h4>This is an instruction</h4>
        <h5>You will soon have to solve some tasks on the computer. There are, for example, tasks where you have to:<br/>
• Design rooms<br/>
• Build figures with blocks<br/>
• Participate in a brainstorm<br/>
• Draw a route on a map<br/>
• Make a schedule</h5>
        <h6>You have to try every one of these types of tasks with the class. Your teacher will walk you through the tasks. When you have been through the five tasks, you can start the real tasks. <br/>
Click on <img src="næste.png" alt="n ste" width="9%"/> at the bottom right, when your teacher tells you to.</h6>
      </div>
    </div>
  </itemBody>
  <responseProcessing/>
</assessmentItem>
