<?xml version="1.0" encoding="UTF-8"?>
<assessmentItem xmlns="http://www.imsglobal.org/xsd/imsqti_v2p2" xmlns:html5="html5" xmlns:m="http://www.w3.org/1998/Math/MathML" xmlns:pci="http://www.imsglobal.org/xsd/portableCustomInteraction" xmlns:xsi="http://www.w3.org/2001/XMLSchema-instance" xsi:schemaLocation="http://www.imsglobal.org/xsd/imsqti_v2p2 http://www.imsglobal.org/xsd/qti/qtiv2p2/imsqti_v2p2.xsd" identifier="i15371759775065220" title="9. Brainstorm II" label="11. Brainstorm II" xml:lang="da-DK" adaptive="false" timeDependent="false" toolName="TAO" toolVersion="3.3.0-RC02">
  <responseDeclaration identifier="RESPONSE" cardinality="single" baseType="string"/>
  <outcomeDeclaration identifier="SCORE" cardinality="single" baseType="float"/>
  <stylesheet href="style/custom/tao-user-styles.css" type="text/css" media="all" title=""/>
  <itemBody>
    <div class="grid-row">
      <div class="col-12">
        <h4>Lis er vendt tilbage til teatret og er ked af sin opførsel. Hun har spurgt dig til råds om, hvad hun ellers kunne have gjort i situationen. Du laver derfor en brainstorm med Lissy og Jakob. I skal sammen finde på andre og bedre måder, Lis kunne have reageret på i situationen.</h4>
        <h6>Skriv i feltet nederst. Tryk på 'Enter', hver gang du har skrevet en idé.<br/>
Mens du skriver, kan du se Lissy og Jakobs idéer på skærmen. Klik på teksten i det store felt, når du er klar til at brainstorme. Gå videre til næste opgave, når du ikke kan komme på flere idéer. Du går automatisk videre efter 3 minutter.</h6>
      </div>
    </div>
    <div class="grid-row">
      <div class="col-12">
        <customInteraction responseIdentifier="RESPONSE">
          <portableCustomInteraction xmlns="http://www.imsglobal.org/xsd/portableCustomInteraction" customInteractionTypeIdentifier="brainstorm" hook="brainstorm/runtime/brainstorm.amd.js" version="0.1.12">
            <resources>
              <libraries>
                <lib id="IMSGlobal/jquery_2_1_1"/>
              </libraries>
              <stylesheets>
                <link href="brainstorm/runtime/css/base.css" type="text/css" title="base"/>
                <link href="brainstorm/runtime/css/brainstorm.css" type="text/css" title="brainstorm"/>
              </stylesheets>
              <mediaFiles>
                <file src="brainstorm/runtime/assets/download.png" type="image/png"/>
                <file src="brainstorm/runtime/css/img/download.png" type="image/png"/>
              </mediaFiles>
            </resources>
            <properties>
              <property key="nickname">Dig</property>
              <property key="messages">04;Lissy;red;Kontakte Anya selv
09;Jakob;green;Spørge en anden om hjælp
14;Lissy;red;Ignorere SMS'en
19;Jakob;green;Tælle til 10
24;Jakob;green;Brokke sig til sin familie
29;Lissy;red;Møde op til tiden for at modbevise Anya
36;Lissy;red;Indkalde til fællesmøde
43;Jakob;green;Gå til sin chef
50;Lissy;red;Spørge venner til råds
57;Jakob;green;Undskylde til alle for ikke at møde til tiden
64;Jakob;green;Spørge de andre, om de er enige med Anya
74;Jakob;green;Bage en kage til Anya
84;Lissy;red;Rose Anya for at sige sin mening
94;Lissy;red;Takke Anya for påmindelsen
104;Jakob;green;Forklare Anya, hvorfor SMS'en var ubehagelig
114;Lissy;red;Invitere Anya på middag
124;Jakob;green;Tage en dyb vejrtrækning
134;Jakob;green;Ringe til sin mor
144;Lissy;red;Smile mere til Anya
154;Jakob;green;Skylle koldt vand i ansigtet
164;Lissy;red;Komme tidligt til mødet for at snakke med Anya</property>
              <property key="timeLimit">180</property>
              <property key="startText">Klik her, når du er klar til at brainstorme!</property>
              <property key="endText">Tiden er gået. Gå videre til næste opgave.</property>
            </properties>
            <markup xmlns="http://www.w3.org/1999/xhtml">
              <div class="brainstorm">
                <div class="chat"/>
                <input class="prompt"/>
              </div>
            </markup>
          </portableCustomInteraction>
        </customInteraction>
      </div>
    </div>
  </itemBody>
  <responseProcessing template="http://www.imsglobal.org/question/qti_v2p2/rptemplates/match_correct"/>
</assessmentItem>
