<?xml version="1.0" encoding="UTF-8"?>
<assessmentItem xmlns="http://www.imsglobal.org/xsd/imsqti_v2p2" xmlns:html5="html5" xmlns:m="http://www.w3.org/1998/Math/MathML" xmlns:pci="http://www.imsglobal.org/xsd/portableCustomInteraction" xmlns:xsi="http://www.w3.org/2001/XMLSchema-instance" xsi:schemaLocation="http://www.imsglobal.org/xsd/imsqti_v2p2 http://www.imsglobal.org/xsd/qti/qtiv2p2/imsqti_v2p2.xsd" identifier="i154833553313502514" title="17. Byg en zombie" label="17. Byg en zombie" xml:lang="da-DK" adaptive="false" timeDependent="false" toolName="TAO" toolVersion="3.3.0-RC02">
  <responseDeclaration identifier="RESPONSE" cardinality="single" baseType="string"/>
  <outcomeDeclaration identifier="SCORE" cardinality="single" baseType="float"/>
  <stylesheet href="style/custom/tao-user-styles.css" type="text/css" media="all" title=""/>
  <itemBody>
    <div class="grid-row">
      <div class="col-12">
        <h4>Der mangler stadig at blive bygget en figur til spøgelseshuset. Figuren skal forestille en zombie.</h4>
        <h5>Krav:<br/>
• Zombien skal være lige så stor som på tegningerne. Et tern på tegningen svarer til en klods i byggerummet.<br/>
• Zombien skal have de samme farver som på tegningerne.</h5>
        <h6>Se på tegningerne af zombien fra flere sider. Byg derefter zombien ved hjælp af klodserne nedenfor. Nederst kan du vælge farver, bevæge kameraet, og indsætte og slette klodser.<br/>
<img src="zombie_tegning.png" alt="zombie_tegning" width="100%"/>
 
 
</h6>
        <div> </div>
      </div>
    </div>
    <div class="grid-row">
      <div class="col-12">
        <customInteraction responseIdentifier="RESPONSE">
          <portableCustomInteraction xmlns="http://www.imsglobal.org/xsd/portableCustomInteraction" customInteractionTypeIdentifier="voxelcraft" hook="voxelcraft/runtime/voxelcraft.amd.js" version="0.0.24">
            <resources>
              <libraries>
                <lib id="IMSGlobal/jquery_2_1_1"/>
              </libraries>
              <stylesheets>
                <link href="voxelcraft/runtime/css/base.css" type="text/css" title="base"/>
              </stylesheets>
              <mediaFiles>
                <file src="voxelcraft/runtime/assets/download.png" type="image/png"/>
                <file src="voxelcraft/runtime/css/img/download.png" type="image/png"/>
              </mediaFiles>
            </resources>
            <properties>
              <property key="colors">#cc0000
#cc6900
#f7ef00
#afe000
#00b512
#00bfa5
#009bbf
#008af4
#ae00f4
#f400e3
#f40000
#cccccc
#ffffff
#222222</property>
              <property key="scene">[]</property>
              <property key="gameUrl">https://surveyinfo.au.dk/pci-external/open-tao-pcis/voxelcraft/game/</property>
              <property key="scoring">function score(){
  var fod = [{"p":[75,25,25],"c":13396224},{"p":[25,25,25],"c":13396224},{"p":[-25,25,25],"c":13396224},{"p":[-75,25,25],"c":13396224},{"p":[75,25,-25],"c":13396224},{"p":[25,25,-25],"c":13396224},{"p":[-25,25,-25],"c":13396224},{"p":[-75,25,-25],"c":13396224},{"p":[75,25,-75],"c":13396224},{"p":[25,25,-75],"c":13396224},{"p":[-25,25,-75],"c":13396224},{"p":[-75,25,-75],"c":13396224}];

var fodder = [{"p":[25,25,125],"c":13396224},{"p":[75,25,125],"c":13396224},{"p":[125,25,125],"c":13396224},{"p":[175,25,125],"c":13396224},{"p":[175,25,75],"c":13396224},{"p":[175,25,25],"c":13396224},{"p":[25,25,25],"c":13396224},{"p":[75,25,25],"c":13396224},{"p":[125,25,25],"c":13396224},{"p":[25,25,75],"c":13396224},{"p":[75,25,75],"c":13396224},{"p":[125,25,75],"c":13396224},{"p":[25,25,-125],"c":13396224},{"p":[75,25,-125],"c":13396224},{"p":[125,25,-125],"c":13396224},{"p":[175,25,-125],"c":13396224},{"p":[175,25,-175],"c":13396224},{"p":[125,25,-175],"c":13396224},{"p":[75,25,-175],"c":13396224},{"p":[25,25,-175],"c":13396224},{"p":[175,25,-225],"c":13396224},{"p":[125,25,-225],"c":13396224},{"p":[75,25,-225],"c":13396224},{"p":[25,25,-225],"c":13396224}];

var zombie_full = [{"p":[175,25,75],"c":13396224},{"p":[175,25,125],"c":13396224},{"p":[175,25,175],"c":13396224},{"p":[175,25,-75],"c":13396224},{"p":[175,25,-125],"c":13396224},{"p":[175,25,-175],"c":13396224},{"p":[25,25,75],"c":13396224},{"p":[75,25,75],"c":13396224},{"p":[125,25,75],"c":13396224},{"p":[25,25,-175],"c":13396224},{"p":[75,25,-175],"c":13396224},{"p":[125,25,-175],"c":13396224},{"p":[25,25,-125],"c":13396224},{"p":[75,25,-125],"c":13396224},{"p":[125,25,-125],"c":13396224},{"p":[25,25,-75],"c":13396224},{"p":[75,25,-75],"c":13396224},{"p":[125,25,-75],"c":13396224},{"p":[25,25,125],"c":13396224},{"p":[75,25,125],"c":13396224},{"p":[125,25,125],"c":13396224},{"p":[25,25,175],"c":13396224},{"p":[75,25,175],"c":13396224},{"p":[125,25,175],"c":13396224},{"p":[25,75,175],"c":35572},{"p":[25,75,75],"c":35572},{"p":[25,75,125],"c":35572},{"p":[25,75,175],"c":35572},{"p":[25,75,-175],"c":35572},{"p":[25,75,-125],"c":35572},{"p":[25,75,-75],"c":35572},{"p":[125,75,-175],"c":35572},{"p":[125,75,-125],"c":35572},{"p":[125,75,-75],"c":35572},{"p":[75,75,-175],"c":35572},{"p":[75,75,-125],"c":35572},{"p":[75,75,-75],"c":35572},{"p":[75,75,75],"c":35572},{"p":[75,75,125],"c":35572},{"p":[75,75,175],"c":35572},{"p":[125,75,75],"c":35572},{"p":[125,75,125],"c":35572},{"p":[125,75,175],"c":35572},{"p":[25,75,-25],"c":35572},{"p":[75,75,-25],"c":35572},{"p":[125,75,-25],"c":35572},{"p":[25,75,25],"c":35572},{"p":[75,75,25],"c":35572},{"p":[125,75,25],"c":35572},{"p":[25,125,175],"c":35572},{"p":[25,125,125],"c":35572},{"p":[25,125,75],"c":35572},{"p":[25,125,25],"c":35572},{"p":[25,125,-25],"c":35572},{"p":[25,125,-75],"c":35572},{"p":[25,125,-125],"c":35572},{"p":[25,125,-175],"c":35572},{"p":[75,125,-175],"c":35572},{"p":[125,125,-175],"c":35572},{"p":[125,125,-125],"c":35572},{"p":[125,125,-75],"c":35572},{"p":[125,125,-25],"c":35572},{"p":[125,125,25],"c":35572},{"p":[125,125,75],"c":35572},{"p":[125,125,125],"c":35572},{"p":[125,125,175],"c":35572},{"p":[75,125,175],"c":35572},{"p":[125,175,175],"c":49061},{"p":[125,175,-175],"c":49061},{"p":[125,175,-125],"c":49061},{"p":[125,175,-75],"c":49061},{"p":[125,175,-25],"c":49061},{"p":[125,175,25],"c":49061},{"p":[125,175,75],"c":49061},{"p":[125,175,125],"c":49061},{"p":[125,225,-175],"c":49061},{"p":[125,225,-125],"c":49061},{"p":[125,225,-75],"c":49061},{"p":[125,225,-25],"c":49061},{"p":[125,225,25],"c":49061},{"p":[125,225,75],"c":49061},{"p":[125,225,125],"c":49061},{"p":[125,225,175],"c":49061},{"p":[75,175,-175],"c":49061},{"p":[25,175,-175],"c":49061},{"p":[-25,175,-175],"c":49061},{"p":[75,175,175],"c":49061},{"p":[25,175,175],"c":49061},{"p":[-25,175,175],"c":49061},{"p":[75,225,-175],"c":49061},{"p":[25,225,-175],"c":49061},{"p":[-25,225,-175],"c":49061},{"p":[-25,225,175],"c":49061},{"p":[25,225,175],"c":49061},{"p":[75,225,175],"c":49061},{"p":[-25,175,125],"c":49061},{"p":[-25,175,75],"c":49061},{"p":[-25,175,-125],"c":49061},{"p":[-25,175,-75],"c":49061},{"p":[-25,175,-25],"c":49061},{"p":[-25,175,25],"c":49061},{"p":[-25,225,-125],"c":49061},{"p":[-25,225,-75],"c":49061},{"p":[-25,225,-25],"c":49061},{"p":[-25,225,25],"c":49061},{"p":[-25,225,75],"c":49061},{"p":[-25,225,125],"c":49061},{"p":[125,275,175],"c":49061},{"p":[125,275,125],"c":49061},{"p":[125,275,75],"c":49061},{"p":[125,275,-175],"c":49061},{"p":[125,275,-125],"c":49061},{"p":[125,275,-75],"c":49061},{"p":[125,325,175],"c":49061},{"p":[125,325,125],"c":49061},{"p":[125,325,-125],"c":49061},{"p":[125,275,25],"c":11526144},{"p":[125,275,-25],"c":11526144},{"p":[125,325,75],"c":11526144},{"p":[125,325,25],"c":11526144},{"p":[125,325,-25],"c":11526144},{"p":[125,325,-75],"c":11526144},{"p":[25,275,-175],"c":49061},{"p":[-25,275,-175],"c":49061},{"p":[25,275,175],"c":49061},{"p":[-25,275,175],"c":49061},{"p":[-25,275,-125],"c":49061},{"p":[-25,275,-75],"c":49061},{"p":[-25,275,-25],"c":49061},{"p":[-25,275,25],"c":49061},{"p":[-25,275,75],"c":49061},{"p":[-25,275,125],"c":49061},{"p":[125,275,225],"c":49061},{"p":[125,325,225],"c":49061},{"p":[75,275,225],"c":49061},{"p":[75,325,225],"c":49061},{"p":[75,325,275],"c":49061},{"p":[125,325,275],"c":49061},{"p":[75,275,275],"c":49061},{"p":[125,275,275],"c":49061},{"p":[125,325,-175],"c":49061},{"p":[125,325,-225],"c":49061},{"p":[125,275,-225],"c":49061},{"p":[75,275,-225],"c":49061},{"p":[75,325,-225],"c":49061},{"p":[125,275,-275],"c":49061},{"p":[75,275,-275],"c":49061},{"p":[125,325,-275],"c":49061},{"p":[75,325,-275],"c":49061},{"p":[175,275,225],"c":49061},{"p":[175,275,275],"c":49061},{"p":[175,325,225],"c":49061},{"p":[175,325,275],"c":49061},{"p":[175,275,-275],"c":49061},{"p":[175,275,-225],"c":49061},{"p":[175,325,-275],"c":49061},{"p":[175,325,-225],"c":49061},{"p":[25,325,-175],"c":49061},{"p":[-25,325,-175],"c":49061},{"p":[-25,325,175],"c":49061},{"p":[25,325,175],"c":49061},{"p":[-25,325,-125],"c":49061},{"p":[-25,325,-75],"c":49061},{"p":[-25,325,-25],"c":49061},{"p":[-25,325,25],"c":49061},{"p":[-25,325,75],"c":49061},{"p":[-25,325,125],"c":49061},{"p":[225,275,275],"c":11526144},{"p":[225,275,225],"c":11526144},{"p":[225,325,275],"c":11526144},{"p":[225,325,225],"c":11526144},{"p":[275,275,275],"c":11526144},{"p":[275,275,225],"c":11526144},{"p":[275,325,275],"c":11526144},{"p":[275,325,225],"c":11526144},{"p":[325,275,275],"c":11526144},{"p":[325,275,225],"c":11526144},{"p":[325,325,275],"c":11526144},{"p":[325,325,225],"c":11526144},{"p":[225,275,-225],"c":11526144},{"p":[225,275,-275],"c":11526144},{"p":[225,325,-225],"c":11526144},{"p":[225,325,-275],"c":11526144},{"p":[275,275,-225],"c":11526144},{"p":[275,275,-275],"c":11526144},{"p":[275,325,-225],"c":11526144},{"p":[275,325,-275],"c":11526144},{"p":[325,275,-225],"c":11526144},{"p":[325,275,-275],"c":11526144},{"p":[325,325,-225],"c":11526144},{"p":[325,325,-275],"c":11526144},{"p":[-25,375,175],"c":11526144},{"p":[25,375,175],"c":11526144},{"p":[125,375,175],"c":11526144},{"p":[-25,375,-175],"c":11526144},{"p":[25,375,-175],"c":11526144},{"p":[125,375,-175],"c":11526144},{"p":[75,375,-175],"c":11526144},{"p":[75,375,175],"c":11526144},{"p":[175,375,175],"c":11526144},{"p":[225,375,175],"c":11526144},{"p":[175,375,-175],"c":11526144},{"p":[225,375,-175],"c":11526144},{"p":[225,375,-125],"c":11526144},{"p":[175,375,-125],"c":11526144},{"p":[175,375,-75],"c":11526144},{"p":[225,375,-75],"c":11526144},{"p":[175,375,-25],"c":11526144},{"p":[225,375,-25],"c":11526144},{"p":[175,375,25],"c":11526144},{"p":[225,375,25],"c":11526144},{"p":[175,375,75],"c":11526144},{"p":[225,375,75],"c":11526144},{"p":[175,375,125],"c":11526144},{"p":[225,375,125],"c":11526144},{"p":[-75,375,-175],"c":11526144},{"p":[-75,375,175],"c":11526144},{"p":[-75,375,-125],"c":11526144},{"p":[-75,375,-75],"c":11526144},{"p":[-75,375,-25],"c":11526144},{"p":[-75,375,25],"c":11526144},{"p":[-75,375,75],"c":11526144},{"p":[-75,375,125],"c":11526144},{"p":[-75,425,-175],"c":11526144},{"p":[-25,425,-175],"c":11526144},{"p":[25,425,-175],"c":11526144},{"p":[75,425,-175],"c":11526144},{"p":[125,425,-175],"c":11526144},{"p":[175,425,-175],"c":11526144},{"p":[225,425,-175],"c":11526144},{"p":[-75,475,-175],"c":11526144},{"p":[-25,475,-175],"c":11526144},{"p":[25,475,-175],"c":11526144},{"p":[75,475,-175],"c":11526144},{"p":[125,475,-175],"c":11526144},{"p":[175,475,-175],"c":11526144},{"p":[225,475,-175],"c":11526144},{"p":[-75,525,-175],"c":11526144},{"p":[-25,525,-175],"c":11526144},{"p":[25,525,-175],"c":11526144},{"p":[75,525,-175],"c":11526144},{"p":[125,525,-175],"c":11526144},{"p":[175,525,-175],"c":11526144},{"p":[225,525,-175],"c":11526144},{"p":[-75,575,-175],"c":11526144},{"p":[-25,575,-175],"c":11526144},{"p":[25,575,-175],"c":11526144},{"p":[75,575,-175],"c":11526144},{"p":[125,575,-175],"c":11526144},{"p":[175,575,-175],"c":11526144},{"p":[225,575,-175],"c":11526144},{"p":[225,625,-175],"c":11526144},{"p":[175,625,-175],"c":11526144},{"p":[125,625,-175],"c":11526144},{"p":[75,625,-175],"c":11526144},{"p":[25,625,-175],"c":11526144},{"p":[-25,625,-175],"c":11526144},{"p":[-75,625,-175],"c":11526144},{"p":[225,675,-175],"c":11526144},{"p":[175,675,-175],"c":11526144},{"p":[125,675,-175],"c":11526144},{"p":[75,675,-175],"c":11526144},{"p":[25,675,-175],"c":11526144},{"p":[-25,675,-175],"c":11526144},{"p":[-75,675,-175],"c":11526144},{"p":[225,425,-125],"c":11526144},{"p":[225,425,-75],"c":11526144},{"p":[225,425,-25],"c":46354},{"p":[225,425,25],"c":46354},{"p":[225,425,75],"c":11526144},{"p":[225,425,125],"c":11526144},{"p":[225,425,175],"c":11526144},{"p":[225,475,-125],"c":2236962},{"p":[225,475,-75],"c":2236962},{"p":[225,475,-25],"c":11526144},{"p":[225,475,25],"c":11526144},{"p":[225,475,75],"c":2236962},{"p":[225,475,125],"c":2236962},{"p":[225,475,175],"c":11526144},{"p":[225,525,-125],"c":11526144},{"p":[225,525,-75],"c":11526144},{"p":[225,525,-25],"c":11526144},{"p":[225,525,25],"c":11526144},{"p":[225,525,75],"c":11526144},{"p":[225,525,125],"c":11526144},{"p":[225,525,175],"c":11526144},{"p":[225,575,-125],"c":11526144},{"p":[225,575,-75],"c":11526144},{"p":[225,575,-25],"c":11526144},{"p":[225,575,25],"c":11526144},{"p":[225,575,75],"c":11526144},{"p":[225,575,125],"c":11526144},{"p":[225,575,175],"c":11526144},{"p":[225,625,-125],"c":11526144},{"p":[225,625,-75],"c":11526144},{"p":[225,625,-25],"c":11526144},{"p":[225,625,25],"c":11526144},{"p":[225,625,75],"c":11526144},{"p":[225,625,125],"c":11526144},{"p":[225,625,175],"c":11526144},{"p":[225,675,-125],"c":11526144},{"p":[225,675,-75],"c":11526144},{"p":[225,675,-25],"c":11526144},{"p":[225,675,25],"c":11526144},{"p":[225,675,75],"c":11526144},{"p":[225,675,125],"c":11526144},{"p":[225,675,175],"c":11526144},{"p":[-75,425,175],"c":11526144},{"p":[-25,425,175],"c":11526144},{"p":[25,425,175],"c":11526144},{"p":[75,425,175],"c":11526144},{"p":[175,425,175],"c":11526144},{"p":[125,425,175],"c":11526144},{"p":[175,475,175],"c":11526144},{"p":[125,475,175],"c":11526144},{"p":[75,475,175],"c":11526144},{"p":[25,475,175],"c":11526144},{"p":[-25,475,175],"c":11526144},{"p":[-75,475,175],"c":11526144},{"p":[175,525,175],"c":11526144},{"p":[125,525,175],"c":11526144},{"p":[75,525,175],"c":11526144},{"p":[25,525,175],"c":11526144},{"p":[-25,525,175],"c":11526144},{"p":[-75,525,175],"c":11526144},{"p":[175,575,175],"c":11526144},{"p":[125,575,175],"c":11526144},{"p":[75,575,175],"c":11526144},{"p":[25,575,175],"c":11526144},{"p":[-25,575,175],"c":11526144},{"p":[-75,575,175],"c":11526144},{"p":[175,625,175],"c":11526144},{"p":[125,625,175],"c":11526144},{"p":[75,625,175],"c":11526144},{"p":[25,625,175],"c":11526144},{"p":[-25,625,175],"c":11526144},{"p":[-75,625,175],"c":11526144},{"p":[175,675,175],"c":11526144},{"p":[125,675,175],"c":11526144},{"p":[75,675,175],"c":11526144},{"p":[25,675,175],"c":11526144},{"p":[-25,675,175],"c":11526144},{"p":[-75,675,175],"c":11526144},{"p":[-75,425,-125],"c":11526144},{"p":[-75,425,-75],"c":11526144},{"p":[-75,425,-25],"c":11526144},{"p":[-75,425,25],"c":11526144},{"p":[-75,425,75],"c":11526144},{"p":[-75,425,125],"c":11526144},{"p":[-75,475,-125],"c":11526144},{"p":[-75,475,-75],"c":11526144},{"p":[-75,475,-25],"c":11526144},{"p":[-75,475,25],"c":11526144},{"p":[-75,475,75],"c":11526144},{"p":[-75,475,125],"c":11526144},{"p":[-75,525,-125],"c":11526144},{"p":[-75,525,-75],"c":11526144},{"p":[-75,525,-25],"c":11526144},{"p":[-75,525,25],"c":11526144},{"p":[-75,525,75],"c":11526144},{"p":[-75,525,125],"c":11526144},{"p":[-75,575,-125],"c":11526144},{"p":[-75,575,-75],"c":11526144},{"p":[-75,575,-25],"c":11526144},{"p":[-75,575,25],"c":11526144},{"p":[-75,575,75],"c":11526144},{"p":[-75,575,125],"c":11526144},{"p":[-75,625,-125],"c":11526144},{"p":[-75,625,-75],"c":11526144},{"p":[-75,625,-25],"c":11526144},{"p":[-75,625,25],"c":11526144},{"p":[-75,625,75],"c":11526144},{"p":[-75,625,125],"c":11526144},{"p":[-75,675,-125],"c":11526144},{"p":[-75,675,-75],"c":11526144},{"p":[-75,675,-25],"c":11526144},{"p":[-75,675,25],"c":11526144},{"p":[-75,675,75],"c":11526144},{"p":[-75,675,125],"c":11526144},{"p":[175,675,-125],"c":11526144},{"p":[175,675,-75],"c":11526144},{"p":[175,675,-25],"c":11526144},{"p":[175,675,25],"c":11526144},{"p":[175,675,75],"c":11526144},{"p":[175,675,125],"c":11526144},{"p":[125,675,-125],"c":11526144},{"p":[125,675,-75],"c":11526144},{"p":[125,675,-25],"c":11526144},{"p":[125,675,25],"c":11526144},{"p":[125,675,75],"c":11526144},{"p":[125,675,125],"c":11526144},{"p":[75,675,-125],"c":11526144},{"p":[75,675,-75],"c":11526144},{"p":[75,675,-25],"c":11526144},{"p":[75,675,25],"c":11526144},{"p":[75,675,75],"c":11526144},{"p":[75,675,125],"c":11526144},{"p":[25,675,-125],"c":11526144},{"p":[25,675,-75],"c":11526144},{"p":[25,675,-25],"c":11526144},{"p":[25,675,25],"c":11526144},{"p":[25,675,75],"c":11526144},{"p":[25,675,125],"c":11526144},{"p":[-25,675,-125],"c":11526144},{"p":[-25,675,-75],"c":11526144},{"p":[-25,675,-25],"c":11526144},{"p":[-25,675,25],"c":11526144},{"p":[-25,675,75],"c":11526144},{"p":[-25,675,125],"c":11526144}];

  var ben = [{"p":[25,75,125],"c":35572},{"p":[25,75,75],"c":35572},{"p":[25,75,25],"c":35572},{"p":[25,75,-25],"c":35572},{"p":[25,75,-75],"c":35572},{"p":[25,75,-125],"c":35572},{"p":[25,75,-175],"c":35572},{"p":[25,75,-225],"c":35572},{"p":[125,75,125],"c":35572},{"p":[125,75,75],"c":35572},{"p":[125,75,25],"c":35572},{"p":[125,75,-25],"c":35572},{"p":[125,75,-75],"c":35572},{"p":[125,75,-125],"c":35572},{"p":[125,75,-175],"c":35572},{"p":[125,75,-225],"c":35572},{"p":[75,75,-25],"c":35572},{"p":[75,75,-75],"c":35572},{"p":[25,125,125],"c":35572},{"p":[75,125,125],"c":35572},{"p":[125,125,125],"c":35572},{"p":[25,125,75],"c":35572},{"p":[25,125,25],"c":35572},{"p":[125,125,25],"c":35572},{"p":[125,125,75],"c":35572},{"p":[25,125,-125],"c":35572},{"p":[125,125,-125],"c":35572},{"p":[25,125,-175],"c":35572},{"p":[25,125,-225],"c":35572},{"p":[125,125,-175],"c":35572},{"p":[125,125,-225],"c":35572},{"p":[75,125,-225],"c":35572},{"p":[25,125,-25],"c":35572},{"p":[25,125,-75],"c":35572},{"p":[125,125,-25],"c":35572},{"p":[125,125,-75],"c":35572},{"p":[75,75,125],"c":35572},{"p":[75,75,-225],"c":35572}];

  var torso = [{"p":[25,175,125],"c":49061},{"p":[75,175,125],"c":49061},{"p":[125,175,125],"c":49061},{"p":[25,175,-225],"c":49061},{"p":[75,175,-225],"c":49061},{"p":[125,175,-225],"c":49061},{"p":[125,175,75],"c":49061},{"p":[125,175,25],"c":49061},{"p":[125,175,-25],"c":49061},{"p":[125,175,-75],"c":49061},{"p":[125,175,-125],"c":49061},{"p":[125,175,-175],"c":49061},{"p":[25,225,125],"c":49061},{"p":[75,225,125],"c":49061},{"p":[125,225,125],"c":49061},{"p":[25,225,-225],"c":49061},{"p":[75,225,-225],"c":49061},{"p":[125,225,-225],"c":49061},{"p":[125,225,75],"c":49061},{"p":[125,225,25],"c":49061},{"p":[125,225,-25],"c":49061},{"p":[125,225,-75],"c":49061},{"p":[125,225,-125],"c":49061},{"p":[125,225,-175],"c":49061},{"p":[125,275,125],"c":49061},{"p":[125,275,75],"c":49061},{"p":[125,275,25],"c":49061},{"p":[125,275,-125],"c":49061},{"p":[125,275,-175],"c":49061},{"p":[125,275,-225],"c":49061},{"p":[25,275,125],"c":49061},{"p":[25,275,-225],"c":49061},{"p":[75,275,-225],"c":49061},{"p":[75,275,125],"c":49061},{"p":[125,325,75],"c":49061},{"p":[125,325,125],"c":49061},{"p":[25,325,125],"c":49061},{"p":[25,325,-225],"c":49061},{"p":[75,325,-225],"c":49061},{"p":[125,325,-225],"c":49061},{"p":[125,325,-175],"c":49061},{"p":[75,325,125],"c":49061},{"p":[125,275,-25],"c":11526144},{"p":[125,275,-75],"c":11526144},{"p":[125,325,25],"c":11526144},{"p":[125,325,-25],"c":11526144},{"p":[125,325,-75],"c":11526144},{"p":[125,325,-125],"c":11526144},{"p":[-25,325,-225],"c":49061},{"p":[-25,175,-225],"c":49061},{"p":[-25,275,-225],"c":49061},{"p":[-25,225,-225],"c":49061},{"p":[-25,325,125],"c":49061},{"p":[-25,275,125],"c":49061},{"p":[-25,225,125],"c":49061},{"p":[-25,175,125],"c":49061},{"p":[-25,175,-175],"c":49061},{"p":[-25,225,-175],"c":49061},{"p":[-25,175,-125],"c":49061},{"p":[-25,175,-75],"c":49061},{"p":[-25,175,-25],"c":49061},{"p":[-25,175,25],"c":49061},{"p":[-25,175,75],"c":49061},{"p":[-25,225,-125],"c":49061},{"p":[-25,225,-75],"c":49061},{"p":[-25,225,-25],"c":49061},{"p":[-25,225,25],"c":49061},{"p":[-25,225,75],"c":49061},{"p":[-25,275,-175],"c":49061},{"p":[-25,275,-125],"c":49061},{"p":[-25,275,-75],"c":49061},{"p":[-25,275,-25],"c":49061},{"p":[-25,275,25],"c":49061},{"p":[-25,275,75],"c":49061},{"p":[-25,325,-175],"c":49061},{"p":[-25,325,-125],"c":49061},{"p":[-25,325,-75],"c":49061},{"p":[-25,325,-25],"c":49061},{"p":[-25,325,25],"c":49061},{"p":[-25,325,75],"c":49061}];


  var arme = [{"p":[-125,25,25],"c":49061},{"p":[-125,75,25],"c":49061},{"p":[-125,25,75],"c":49061},{"p":[-125,75,75],"c":49061},{"p":[-75,25,75],"c":49061},{"p":[-75,75,75],"c":49061},{"p":[-75,25,25],"c":49061},{"p":[-75,75,25],"c":49061},{"p":[-25,25,25],"c":49061},{"p":[-25,75,25],"c":49061},{"p":[-25,25,75],"c":49061},{"p":[-25,75,75],"c":49061},{"p":[25,25,75],"c":11526144},{"p":[25,75,75],"c":11526144},{"p":[25,25,25],"c":11526144},{"p":[25,75,25],"c":11526144},{"p":[75,25,75],"c":11526144},{"p":[75,75,75],"c":11526144},{"p":[75,25,25],"c":11526144},{"p":[75,75,25],"c":11526144},{"p":[125,25,75],"c":11526144},{"p":[125,75,75],"c":11526144},{"p":[125,25,25],"c":11526144},{"p":[125,75,25],"c":11526144},{"p":[-125,25,-425],"c":49061},{"p":[-125,25,-475],"c":49061},{"p":[-75,25,-425],"c":49061},{"p":[-75,25,-475],"c":49061},{"p":[-25,25,-425],"c":49061},{"p":[-25,25,-475],"c":49061},{"p":[-125,75,-425],"c":49061},{"p":[-75,75,-425],"c":49061},{"p":[-25,75,-425],"c":49061},{"p":[-125,75,-475],"c":49061},{"p":[-75,75,-475],"c":49061},{"p":[-25,75,-475],"c":49061},{"p":[25,25,-425],"c":11526144},{"p":[25,25,-475],"c":11526144},{"p":[75,25,-425],"c":11526144},{"p":[125,25,-425],"c":11526144},{"p":[75,25,-475],"c":11526144},{"p":[125,25,-475],"c":11526144},{"p":[25,75,-425],"c":11526144},{"p":[25,75,-475],"c":11526144},{"p":[75,75,-425],"c":11526144},{"p":[75,75,-475],"c":11526144},{"p":[125,75,-425],"c":11526144},{"p":[125,75,-475],"c":11526144}];

  var head = var head = [{"p":[75,375,125],"c":11526144},{"p":[125,375,125],"c":11526144},{"p":[175,375,125],"c":11526144},{"p":[225,375,125],"c":11526144},{"p":[75,375,-225],"c":11526144},{"p":[125,375,-225],"c":11526144},{"p":[175,375,-225],"c":11526144},{"p":[225,375,-225],"c":11526144},{"p":[225,375,-175],"c":11526144},{"p":[225,375,-125],"c":11526144},{"p":[225,375,-75],"c":11526144},{"p":[225,375,-25],"c":11526144},{"p":[225,375,25],"c":11526144},{"p":[225,375,75],"c":11526144},{"p":[175,375,-175],"c":11526144},{"p":[175,375,-125],"c":11526144},{"p":[175,375,-75],"c":11526144},{"p":[175,375,-25],"c":11526144},{"p":[175,375,25],"c":11526144},{"p":[175,375,75],"c":11526144},{"p":[25,375,-225],"c":11526144},{"p":[-25,375,-225],"c":11526144},{"p":[25,375,125],"c":11526144},{"p":[-25,375,125],"c":11526144},{"p":[-25,425,125],"c":11526144},{"p":[-25,425,-225],"c":11526144},{"p":[-25,475,125],"c":11526144},{"p":[-25,475,-225],"c":11526144},{"p":[-25,525,125],"c":11526144},{"p":[-25,525,-225],"c":11526144},{"p":[-25,575,125],"c":11526144},{"p":[-25,575,-225],"c":11526144},{"p":[-25,625,125],"c":11526144},{"p":[-25,625,-225],"c":11526144},{"p":[-25,675,125],"c":11526144},{"p":[-25,675,75],"c":11526144},{"p":[-25,675,25],"c":11526144},{"p":[-25,675,-25],"c":11526144},{"p":[-25,675,-75],"c":11526144},{"p":[-25,675,-125],"c":11526144},{"p":[-25,675,-175],"c":11526144},{"p":[-25,675,-225],"c":11526144},{"p":[25,425,125],"c":11526144},{"p":[75,425,125],"c":11526144},{"p":[125,425,125],"c":11526144},{"p":[175,425,125],"c":11526144},{"p":[225,425,125],"c":11526144},{"p":[225,425,75],"c":11526144},{"p":[225,425,25],"c":11526144},{"p":[225,425,-25],"c":46354},{"p":[225,425,-75],"c":46354},{"p":[225,425,-125],"c":11526144},{"p":[225,425,-175],"c":11526144},{"p":[225,425,-225],"c":11526144},{"p":[25,425,-225],"c":11526144},{"p":[75,425,-225],"c":11526144},{"p":[125,425,-225],"c":11526144},{"p":[175,425,-225],"c":11526144},{"p":[25,475,-225],"c":11526144},{"p":[75,475,-225],"c":11526144},{"p":[125,475,-225],"c":11526144},{"p":[175,475,-225],"c":11526144},{"p":[225,475,-225],"c":11526144},{"p":[25,525,-225],"c":11526144},{"p":[75,525,-225],"c":11526144},{"p":[125,525,-225],"c":11526144},{"p":[175,525,-225],"c":11526144},{"p":[225,525,-225],"c":11526144},{"p":[25,575,-225],"c":11526144},{"p":[75,575,-225],"c":11526144},{"p":[125,575,-225],"c":11526144},{"p":[175,575,-225],"c":11526144},{"p":[225,575,-225],"c":11526144},{"p":[25,625,-225],"c":11526144},{"p":[75,625,-225],"c":11526144},{"p":[125,625,-225],"c":11526144},{"p":[175,625,-225],"c":11526144},{"p":[225,625,-225],"c":11526144},{"p":[25,675,-225],"c":11526144},{"p":[75,675,-225],"c":11526144},{"p":[125,675,-225],"c":11526144},{"p":[175,675,-225],"c":11526144},{"p":[225,675,-225],"c":11526144},{"p":[25,475,125],"c":11526144},{"p":[75,475,125],"c":11526144},{"p":[125,475,125],"c":11526144},{"p":[175,475,125],"c":11526144},{"p":[225,475,125],"c":11526144},{"p":[25,525,125],"c":11526144},{"p":[75,525,125],"c":11526144},{"p":[125,525,125],"c":11526144},{"p":[175,525,125],"c":11526144},{"p":[225,525,125],"c":11526144},{"p":[25,575,125],"c":11526144},{"p":[75,575,125],"c":11526144},{"p":[125,575,125],"c":11526144},{"p":[175,575,125],"c":11526144},{"p":[225,575,125],"c":11526144},{"p":[25,625,125],"c":11526144},{"p":[75,625,125],"c":11526144},{"p":[125,625,125],"c":11526144},{"p":[175,625,125],"c":11526144},{"p":[225,625,125],"c":11526144},{"p":[25,675,125],"c":11526144},{"p":[75,675,125],"c":11526144},{"p":[125,675,125],"c":11526144},{"p":[175,675,125],"c":11526144},{"p":[225,675,125],"c":11526144},{"p":[225,475,75],"c":2236962},{"p":[225,475,25],"c":2236962},{"p":[225,475,-25],"c":11526144},{"p":[225,475,-75],"c":11526144},{"p":[225,475,-125],"c":2236962},{"p":[225,475,-175],"c":2236962},{"p":[225,525,75],"c":11526144},{"p":[225,525,25],"c":11526144},{"p":[225,525,-25],"c":11526144},{"p":[225,525,-75],"c":11526144},{"p":[225,525,-125],"c":11526144},{"p":[225,525,-175],"c":11526144},{"p":[225,575,75],"c":11526144},{"p":[225,575,25],"c":11526144},{"p":[225,575,-25],"c":11526144},{"p":[225,575,-75],"c":11526144},{"p":[225,575,-125],"c":11526144},{"p":[225,575,-175],"c":11526144},{"p":[225,625,75],"c":11526144},{"p":[225,625,25],"c":11526144},{"p":[225,625,-25],"c":11526144},{"p":[225,625,-75],"c":11526144},{"p":[225,625,-125],"c":11526144},{"p":[225,625,-175],"c":11526144},{"p":[225,675,75],"c":11526144},{"p":[225,675,25],"c":11526144},{"p":[225,675,-25],"c":11526144},{"p":[225,675,-75],"c":11526144},{"p":[225,675,-125],"c":11526144},{"p":[225,675,-175],"c":11526144},{"p":[25,675,75],"c":11526144},{"p":[25,675,25],"c":11526144},{"p":[25,675,-25],"c":11526144},{"p":[25,675,-75],"c":11526144},{"p":[25,675,-125],"c":11526144},{"p":[25,675,-175],"c":11526144},{"p":[75,675,75],"c":11526144},{"p":[75,675,25],"c":11526144},{"p":[75,675,-25],"c":11526144},{"p":[75,675,-75],"c":11526144},{"p":[75,675,-125],"c":11526144},{"p":[75,675,-175],"c":11526144},{"p":[125,675,75],"c":11526144},{"p":[125,675,25],"c":11526144},{"p":[125,675,-25],"c":11526144},{"p":[125,675,-75],"c":11526144},{"p":[125,675,-125],"c":11526144},{"p":[125,675,-175],"c":11526144},{"p":[175,675,75],"c":11526144},{"p":[175,675,25],"c":11526144},{"p":[175,675,-25],"c":11526144},{"p":[175,675,-75],"c":11526144},{"p":[175,675,-125],"c":11526144},{"p":[175,675,-175],"c":11526144},{"p":[-75,675,-225],"c":11526144},{"p":[-75,675,-175],"c":11526144},{"p":[-75,675,-125],"c":11526144},{"p":[-75,675,-75],"c":11526144},{"p":[-75,675,-25],"c":11526144},{"p":[-75,675,25],"c":11526144},{"p":[-75,675,75],"c":11526144},{"p":[-75,675,125],"c":11526144},{"p":[-75,375,125],"c":11526144},{"p":[-75,375,-225],"c":11526144},{"p":[-75,375,-175],"c":11526144},{"p":[-75,375,-125],"c":11526144},{"p":[-75,375,-75],"c":11526144},{"p":[-75,375,-25],"c":11526144},{"p":[-75,375,25],"c":11526144},{"p":[-75,375,75],"c":11526144},{"p":[-75,425,-225],"c":11526144},{"p":[-75,425,-175],"c":11526144},{"p":[-75,425,-125],"c":11526144},{"p":[-75,425,-75],"c":11526144},{"p":[-75,425,-25],"c":11526144},{"p":[-75,425,25],"c":11526144},{"p":[-75,425,75],"c":11526144},{"p":[-75,425,125],"c":11526144},{"p":[-75,475,-225],"c":11526144},{"p":[-75,475,-175],"c":11526144},{"p":[-75,475,-125],"c":11526144},{"p":[-75,475,-75],"c":11526144},{"p":[-75,475,-25],"c":11526144},{"p":[-75,475,25],"c":11526144},{"p":[-75,475,75],"c":11526144},{"p":[-75,475,125],"c":11526144},{"p":[-75,525,-225],"c":11526144},{"p":[-75,525,-175],"c":11526144},{"p":[-75,525,-125],"c":11526144},{"p":[-75,525,-75],"c":11526144},{"p":[-75,525,-25],"c":11526144},{"p":[-75,525,25],"c":11526144},{"p":[-75,525,75],"c":11526144},{"p":[-75,525,125],"c":11526144},{"p":[-75,575,-225],"c":11526144},{"p":[-75,575,-175],"c":11526144},{"p":[-75,575,-125],"c":11526144},{"p":[-75,575,-75],"c":11526144},{"p":[-75,575,-25],"c":11526144},{"p":[-75,575,25],"c":11526144},{"p":[-75,575,75],"c":11526144},{"p":[-75,575,125],"c":11526144},{"p":[-75,625,-225],"c":11526144},{"p":[-75,625,-175],"c":11526144},{"p":[-75,625,-125],"c":11526144},{"p":[-75,625,-75],"c":11526144},{"p":[-75,625,-25],"c":11526144},{"p":[-75,625,25],"c":11526144},{"p":[-75,625,75],"c":11526144},{"p":[-75,625,125],"c":11526144}];


  return {
    foedder: (Scoring.find(fod).length) &amp;&amp; (Scoring.find(fodder).length &gt; 0) ? 1 : 0,
    foedder_farve: (Scoring.find(fod, true).length) &amp;&amp; (Scoring.find(fodder, true).length) ? 1 : 0,
    ben: (Scoring.find(ben).length) ? 1 : 0,
    ben_farve: (Scoring.find(ben, true).length) ? 1 : 0,
    torso: (Scoring.find(torso).length) ? 1 : 0,
    torso_farve: (Scoring.find(ben, torso).length &gt; 0) ? 1 : 0,
    arme: (Scoring.find(arme).length) ? 1 : 0,
    arme_farver: (Scoring.find(arme, true).length) ? 1 : 0,
    hovede: (Scoring.find(head).length) ? 1 : 0,
    hovede_farver: (Scoring.find(head, true).length) ? 1 : 0,
    hel_zombie: (Scoring.find(zombie_full).length) ? 1 : 0,
    hel_zombie_farver: (Scoring.find(zombie_full, true).length) ? 1 : 0,
  }
}
</property>
            </properties>
            <markup xmlns="http://www.w3.org/1999/xhtml">
              <div class="voxelcraft">
</div>
            </markup>
          </portableCustomInteraction>
        </customInteraction>
      </div>
    </div>
  </itemBody>
  <responseProcessing template="http://www.imsglobal.org/question/qti_v2p2/rptemplates/match_correct"/>
</assessmentItem>
