<?xml version="1.0" encoding="UTF-8"?>
<assessmentItem xmlns="http://www.imsglobal.org/xsd/imsqti_v2p2" xmlns:m="http://www.w3.org/1998/Math/MathML" xmlns:xsi="http://www.w3.org/2001/XMLSchema-instance" xsi:schemaLocation="http://www.imsglobal.org/xsd/imsqti_v2p2 http://www.imsglobal.org/xsd/qti/qtiv2p2/imsqti_v2p2.xsd" identifier="i1534323659649152" title="Museum 4" label="6.1. Borrowing an item" xml:lang="da-DK" adaptive="false" timeDependent="false" toolName="TAO" toolVersion="3.3.0-RC02">
  <responseDeclaration identifier="RESPONSE" cardinality="multiple" baseType="directedPair">
    <mapping defaultValue="0" upperBound="5">
      <mapEntry mapKey="mail1 happy" mappedValue="1"/>
      <mapEntry mapKey="mail2 annoyed" mappedValue="1"/>
      <mapEntry mapKey="mail3 scared" mappedValue="1"/>
      <mapEntry mapKey="mail2 confused" mappedValue="1"/>
      <mapEntry mapKey="mail3 angry" mappedValue="1"/>
      <mapEntry mapKey="mail4 proud" mappedValue="1"/>
      <mapEntry mapKey="choice_6 choice_4" mappedValue="1"/>
      <mapEntry mapKey="choice_1 choice_4" mappedValue="1"/>
      <mapEntry mapKey="choice_2 choice_7" mappedValue="1"/>
      <mapEntry mapKey="choice_2 choice_14" mappedValue="1"/>
      <mapEntry mapKey="choice_5 choice_13" mappedValue="1"/>
      <mapEntry mapKey="choice_5 choice_8" mappedValue="1"/>
      <mapEntry mapKey="choice_1 choice_10" mappedValue="1"/>
      <mapEntry mapKey="choice_6 choice_3" mappedValue="2"/>
      <mapEntry mapKey="mail4 happy" mappedValue="0"/>
      <mapEntry mapKey="mail4 flattered" mappedValue="1"/>
      <mapEntry mapKey="mail1 thankful" mappedValue="1"/>
      <mapEntry mapKey="mail1 glad" mappedValue="1"/>
      <mapEntry mapKey="mail1 tilfreds" mappedValue="1"/>
      <mapEntry mapKey="mail4 rastloes" mappedValue="1"/>
    </mapping>
  </responseDeclaration>
  <responseDeclaration identifier="RESPONSE_4" cardinality="single" baseType="identifier"/>
  <responseDeclaration identifier="RESPONSE_5" cardinality="single" baseType="string"/>
  <outcomeDeclaration identifier="SCORE" cardinality="single" baseType="float" normalMaximum="4"/>
  <outcomeDeclaration identifier="MAXSCORE" cardinality="single" baseType="float">
    <defaultValue>
      <value>4</value>
    </defaultValue>
  </outcomeDeclaration>
  <stylesheet href="style/custom/tao-user-styles.css" type="text/css" media="all" title=""/>
  <itemBody>
    <div class="grid-row">
      <div class="col-12">
        <h4>A collector has many viking items. Among other things, she has a viking axe. You really want to borrow the axe for the exhibition. You have written 4 versions of an e-mail to her. You have to decide how the collector will feel about every mail. </h4>
        <h6>You have to pick the feeling that fits every mail best. <br/>
Lastly, pick which mail you think would be the worst to send.</h6>
      </div>
    </div>
    <div class="grid-row">
      <div class="col-12">
        <matchInteraction responseIdentifier="RESPONSE" shuffle="true" maxAssociations="0" minAssociations="0">
          <prompt/>
          <simpleMatchSet>
            <simpleAssociableChoice identifier="mail1" fixed="true" showHide="show" matchMax="1" matchMin="0">Mail 1:<br/>
Hi. Rune hill's historic museum are currently making an exhibition about the viking age for school children. We really want to borrow your axe for the exhibition. Then you will have the chance to share your interest for the viking age with a lot of young people.  </simpleAssociableChoice>
            <simpleAssociableChoice identifier="mail2" fixed="true" showHide="show" matchMax="1" matchMin="0">Mail 2:
<div>Hi. We have to borrow your viking helmet, can we come and get it sometime?</div></simpleAssociableChoice>
            <simpleAssociableChoice identifier="mail3" fixed="true" showHide="show" matchMax="1" matchMin="0">
              <div>Mail 3:</div>
              <div>Hi. We want to borrow your viking helmet for one of our exhibitions. We hope that you will lend it to us voluntarily, or we will call our lawyers and find an argument to support that you as a private collector needs to lend items to national museums, when they ask you. </div>
              <div> </div>
            </simpleAssociableChoice>
            <simpleAssociableChoice identifier="mail4" fixed="true" showHide="show" matchMax="1" matchMin="0">Mail 4:
<div>Hi. Rune hill's historic museum is very happy that you, with your big knowledge about the viking age, have collected valuable items from the north. We hope that you will share your knowledge with the local school children by lending us your viking helmet.</div></simpleAssociableChoice>
          </simpleMatchSet>
          <simpleMatchSet>
            <simpleAssociableChoice identifier="proud" fixed="false" showHide="show" matchMax="0" matchMin="0">Proud</simpleAssociableChoice>
            <simpleAssociableChoice identifier="happy" fixed="false" showHide="show" matchMax="0" matchMin="0">Happy</simpleAssociableChoice>
            <simpleAssociableChoice identifier="annoyed" fixed="false" showHide="show" matchMax="0" matchMin="0">Annoyed</simpleAssociableChoice>
            <simpleAssociableChoice identifier="angry" fixed="false" showHide="show" matchMax="0" matchMin="0">Angry</simpleAssociableChoice>
            <simpleAssociableChoice identifier="thankful" fixed="false" showHide="show" matchMax="0" matchMin="0">Thankful</simpleAssociableChoice>
            <simpleAssociableChoice identifier="embarrassed" fixed="false" showHide="show" matchMax="0" matchMin="0">Embarrassed</simpleAssociableChoice>
            <simpleAssociableChoice identifier="jealous" fixed="false" showHide="show" matchMax="0" matchMin="0">Jealous</simpleAssociableChoice>
            <simpleAssociableChoice identifier="scared" fixed="false" showHide="show" matchMax="0" matchMin="0">Scared</simpleAssociableChoice>
            <simpleAssociableChoice identifier="confused" fixed="false" showHide="show" matchMax="0" matchMin="0">Confused</simpleAssociableChoice>
            <simpleAssociableChoice identifier="flattered" fixed="false" showHide="show" matchMax="0" matchMin="0">Flattered</simpleAssociableChoice>
          </simpleMatchSet>
        </matchInteraction>
      </div>
    </div>
    <div class="grid-row">
      <div class="col-12">
        <h6>Which e-mail do you think is the worst one?</h6>
      </div>
    </div>
    <div class="grid-row">
      <div class="col-12">
        <choiceInteraction responseIdentifier="RESPONSE_4" shuffle="false" maxChoices="1" minChoices="0" orientation="horizontal">
          <simpleChoice identifier="mail1worst" fixed="false" showHide="show">Mail 1</simpleChoice>
          <simpleChoice identifier="mail2worst" fixed="false" showHide="show">Mail 2</simpleChoice>
          <simpleChoice identifier="mail3worst" fixed="false" showHide="show">Mail 3</simpleChoice>
          <simpleChoice identifier="mail4worst" fixed="false" showHide="show">Mail 4</simpleChoice>
        </choiceInteraction>
      </div>
    </div>
    <div class="grid-row">
      <div class="col-12">
        <h6>Why do you think that the e-mail is the worst?</h6>
      </div>
    </div>
    <div class="grid-row">
      <div class="col-12">
        <extendedTextInteraction responseIdentifier="RESPONSE_5" base="10" minStrings="0" format="plain">
    </extendedTextInteraction>
      </div>
    </div>
  </itemBody>
  <responseProcessing>
    <responseCondition>
      <responseIf>
        <not>
          <isNull>
            <variable identifier="RESPONSE"/>
          </isNull>
        </not>
        <setOutcomeValue identifier="SCORE">
          <sum>
            <variable identifier="SCORE"/>
            <mapResponse identifier="RESPONSE"/>
          </sum>
        </setOutcomeValue>
      </responseIf>
    </responseCondition>
    <responseCondition>
      <responseIf>
        <match>
          <variable identifier="RESPONSE_4"/>
          <correct identifier="RESPONSE_4"/>
        </match>
        <setOutcomeValue identifier="SCORE">
          <sum>
            <variable identifier="SCORE"/>
            <baseValue baseType="integer">1</baseValue>
          </sum>
        </setOutcomeValue>
      </responseIf>
    </responseCondition>
    <responseCondition>
      <responseIf>
        <match>
          <variable identifier="RESPONSE_5"/>
          <correct identifier="RESPONSE_5"/>
        </match>
        <setOutcomeValue identifier="SCORE">
          <sum>
            <variable identifier="SCORE"/>
            <baseValue baseType="integer">1</baseValue>
          </sum>
        </setOutcomeValue>
      </responseIf>
    </responseCondition>
  </responseProcessing>
</assessmentItem>
