<?xml version="1.0" encoding="UTF-8"?>
<assessmentItem xmlns="http://www.imsglobal.org/xsd/imsqti_v2p2" xmlns:html5="html5" xmlns:m="http://www.w3.org/1998/Math/MathML" xmlns:pci="http://www.imsglobal.org/xsd/portableCustomInteraction" xmlns:xsi="http://www.w3.org/2001/XMLSchema-instance" xsi:schemaLocation="http://www.imsglobal.org/xsd/imsqti_v2p2 http://www.imsglobal.org/xsd/qti/qtiv2p2/imsqti_v2p2.xsd" identifier="i156050128762149814" title="3D" label="3D" xml:lang="da-DK" adaptive="false" timeDependent="false" toolName="TAO" toolVersion="3.3.0-RC02">
  <responseDeclaration identifier="RESPONSE" cardinality="single" baseType="string"/>
  <outcomeDeclaration identifier="SCORE" cardinality="single" baseType="float"/>
  <stylesheet href="style/custom/tao-user-styles.css" type="text/css" media="all" title=""/>
  <itemBody>
    <div class="grid-row">
      <div class="col-12">
        <h4>I denne type opgave skal du bygge figurer med klodser</h4>
        <h5>• Klik på blyanten nederst til venstre for at indsætte klodser. Hver gang du har brugt en af de andre funktioner, fx valgt en ny farve, skal du klikke på blyanten igen for at kunne bygge.<br/>
• Tegn flere klodser på én gang ved at klikke og holde nede, imens du flytter musen.<br/>
• Klik på viskelæderet, hvis du vil slette en klods. Klik så på den klods, du vil slette.<br/>
• Klik på farvepaletten for at vælge, hvilken farve klodser du vil bygge med.<br/>
• Med farvepaletten kan du også ændre farve på en klods, du allerede har bygget. Bare vælg en farve, og klik så på den klods, du vil ændre farve på.<br/>
• Klik på de to krydsede pile for at flytte kameraet til venstre eller til højre, eller op eller ned.<br/>
• Klik på ringen med de to pile for at dreje kameraet. Du kan også dreje kameraet, hvis du klikker og holder inde på den hvide baggrund omkring byggepladen. Bevæg <img src="pil2.svg" alt="pil2" width="20" height="32"/>
 med din mus eller trackpad for at dreje kameraet.<br/>
• Klik på skraldespanden, hvis du vil slette alt det, du har bygget. Så kan du begynde forfra.<br/>
• Zoom ind og ud ved at rulle på musehjulet eller din trackpad, imens <img src="pil2.svg" alt="pil2" width="20" height="32"/>
 er i byggerummet.</h5>
        <h6>Prøv nu at bygge en stol.</h6>
      </div>
    </div>
    <div class="grid-row">
      <div class="col-12">
        <customInteraction responseIdentifier="RESPONSE">
          <portableCustomInteraction xmlns="http://www.imsglobal.org/xsd/portableCustomInteraction" customInteractionTypeIdentifier="voxelcraft" hook="voxelcraft/runtime/voxelcraft.amd.js" version="0.0.24">
            <resources>
              <libraries>
                <lib id="IMSGlobal/jquery_2_1_1"/>
              </libraries>
              <stylesheets>
                <link href="voxelcraft/runtime/css/base.css" type="text/css" title="base"/>
              </stylesheets>
              <mediaFiles>
                <file src="voxelcraft/runtime/assets/download.png" type="image/png"/>
                <file src="voxelcraft/runtime/css/img/download.png" type="image/png"/>
              </mediaFiles>
            </resources>
            <properties>
              <property key="colors">#cc0000
#cc6900
#f7ef00
#afe000
#00b512
#00bfa5
#009bbf
#008af4
#ae00f4
#f400e3
#f40000
#cccccc
#ffffff
#222222</property>
              <property key="scene">[]</property>
              <property key="scoring">function score(){

}</property>
              <property key="gameUrl">https://surveyinfo.au.dk/pci-external/open-tao-pcis/voxelcraft/game/</property>
            </properties>
            <markup xmlns="http://www.w3.org/1999/xhtml">
              <div class="voxelcraft">
</div>
            </markup>
          </portableCustomInteraction>
        </customInteraction>
      </div>
    </div>
  </itemBody>
  <responseProcessing template="http://www.imsglobal.org/question/qti_v2p2/rptemplates/match_correct"/>
</assessmentItem>
