<?xml version="1.0" encoding="UTF-8"?>
<assessmentItem xmlns="http://www.imsglobal.org/xsd/imsqti_v2p2" xmlns:html5="html5" xmlns:m="http://www.w3.org/1998/Math/MathML" xmlns:pci="http://www.imsglobal.org/xsd/portableCustomInteraction" xmlns:xsi="http://www.w3.org/2001/XMLSchema-instance" xsi:schemaLocation="http://www.imsglobal.org/xsd/imsqti_v2p2 http://www.imsglobal.org/xsd/qti/qtiv2p2/imsqti_v2p2.xsd" identifier="i15384829739042284" title="1. Planlæg opsætningen" label="1. Planlæg opsætningen" xml:lang="da-DK" adaptive="false" timeDependent="false" toolName="TAO" toolVersion="3.3.0-RC02">
  <responseDeclaration identifier="RESPONSE" cardinality="single" baseType="string"/>
  <outcomeDeclaration identifier="SCORE" cardinality="single" baseType="float"/>
  <stylesheet href="style/custom/tao-user-styles.css" type="text/css" media="all" title=""/>
  <itemBody>
    <div class="grid-row">
      <div class="col-12">
        <h4>I har 13 uger til at forberede teaterstykket og spille det for publikum. Det er dit ansvar at planlægge arbejdet.</h4>
        <h6>Lav en plan ved at klikke på firkanterne ud for hver opgave. En firkant svarer til en uge. Du skal tænke over, hvilken rækkefølge opgaverne skal ske i, hvor lang tid de enkelte opgaver skal tage, og hvilke opgaver der kan foregå på samme tid.</h6>
      </div>
    </div>
    <div class="grid-row">
      <div class="col-12">
        <customInteraction responseIdentifier="RESPONSE">
          <portableCustomInteraction xmlns="http://www.imsglobal.org/xsd/portableCustomInteraction" customInteractionTypeIdentifier="gantt" hook="gantt/runtime/gantt.amd.js" version="0.1.21">
            <resources>
              <libraries>
                <lib id="IMSGlobal/jquery_2_1_1"/>
                <lib id="gantt/runtime/ganttjs/gantt"/>
              </libraries>
              <stylesheets>
                <link href="gantt/runtime/css/base.css" type="text/css" title="base"/>
                <link href="gantt/runtime/css/gantt.css" type="text/css" title="gantt"/>
                <link href="gantt/runtime/ganttjs/ganttjs.css" type="text/css" title="ganttjs"/>
              </stylesheets>
              <mediaFiles>
                <file src="gantt/runtime/assets/download.png" type="image/png"/>
                <file src="gantt/runtime/css/img/download.png" type="image/png"/>
              </mediaFiles>
            </resources>
            <properties>
              <property key="period">13</property>
              <property key="weekDays"></property>
              <property key="months"></property>
              <property key="disableWeekends"></property>
              <property key="startDate"></property>
              <property key="useHours"></property>
              <property key="useHalfHours"></property>
              <property key="dayStart">8</property>
              <property key="weekNumHack">true</property>
              <property key="dayEnd">16</property>
              <property key="tasks">Skrive manuskript;#F00
Audition på skuespillere;#0F0
Bygge kulisser og sy kostumer;#00f
Købe og opsætte udstyr til lys og lyd;#b71456
Øve skuespillet;#0f045c
Kostumeprøve;#ffb316
Lydprøve;#1c7426
Teaterstykket spiller;#b70431</property>
            </properties>
            <markup xmlns="http://www.w3.org/1999/xhtml">
              <div class="gantt">
    
</div>
            </markup>
          </portableCustomInteraction>
        </customInteraction>
      </div>
    </div>
  </itemBody>
  <responseProcessing template="http://www.imsglobal.org/question/qti_v2p2/rptemplates/match_correct"/>
</assessmentItem>
