<?xml version="1.0"?>
<manifest xmlns="http://www.imsglobal.org/xsd/imscp_v1p1" xmlns:xsi="http://www.w3.org/2001/XMLSchema-instance" xsi:schemaLocation="http://www.imsglobal.org/xsd/imscp_v1p1 http://www.imsglobal.org/xsd/qti/qtiv2p2/qtiv2p2_imscpv1p2_v1p0.xsd" identifier="QTI-TEST-MANIFEST-tao60cc930be6e866-98862395">
    <metadata>
        <schema>QTIv2.2 Package</schema>
        <schemaversion>1.0.0</schemaversion>
    </metadata>
    <organizations/>
    <resources>
            <resource identifier="i1614847996936128848" type="imsqti_item_xmlv2p2" href="items/i1614847996936128848/qti.xml">
            <file href="items/i1614847996936128848/qti.xml"/>
                        <file href="items/i1614847996936128848/assets/aee651835d4142e0151c1.jpeg"/>
                        <file href="items/i1614847996936128848/style/custom/tao-user-styles.css"/>
                    </resource><resource identifier="i1614848001752728849" type="imsqti_item_xmlv2p2" href="items/i1614848001752728849/qti.xml">
            <file href="items/i1614848001752728849/qti.xml"/>
                        <file href="items/i1614848001752728849/brainstorm/runtime/brainstorm.amd.js"/>
                        <file href="items/i1614848001752728849/brainstorm/runtime/css/base.css"/>
                        <file href="items/i1614848001752728849/brainstorm/runtime/css/brainstorm.css"/>
                        <file href="items/i1614848001752728849/brainstorm/runtime/assets/download.png"/>
                        <file href="items/i1614848001752728849/brainstorm/runtime/css/img/download.png"/>
                        <file href="items/i1614848001752728849/style/custom/tao-user-styles.css"/>
                    </resource><resource identifier="i1614848007955328850" type="imsqti_item_xmlv2p2" href="items/i1614848007955328850/qti.xml">
            <file href="items/i1614848007955328850/qti.xml"/>
                        <file href="items/i1614848007955328850/textgapmatch/runtime/textgapmatch.amd.js"/>
                        <file href="items/i1614848007955328850/textgapmatch/runtime/gapmatch.js"/>
                        <file href="items/i1614848007955328850/textgapmatch/runtime/DragDropTouch.js"/>
                        <file href="items/i1614848007955328850/textgapmatch/runtime/css/base.css"/>
                        <file href="items/i1614848007955328850/textgapmatch/runtime/css/textgapmatch.css"/>
                        <file href="items/i1614848007955328850/textgapmatch/runtime/assets/download.png"/>
                        <file href="items/i1614848007955328850/textgapmatch/runtime/css/img/download.png"/>
                        <file href="items/i1614848007955328850/style/custom/tao-user-styles.css"/>
                    </resource><resource identifier="i1614848012518528851" type="imsqti_item_xmlv2p2" href="items/i1614848012518528851/qti.xml">
            <file href="items/i1614848012518528851/qti.xml"/>
                        <file href="items/i1614848012518528851/Trin 0_3.png"/>
                        <file href="items/i1614848012518528851/Trin 0_K (2).png"/>
                        <file href="items/i1614848012518528851/Trin 0_2.png"/>
                        <file href="items/i1614848012518528851/Trin 1_K.png"/>
                        <file href="items/i1614848012518528851/Trin 1_2.png"/>
                        <file href="items/i1614848012518528851/Trin 1_3.png"/>
                        <file href="items/i1614848012518528851/Trin 2_K.png"/>
                        <file href="items/i1614848012518528851/Trin 2_2.png"/>
                        <file href="items/i1614848012518528851/Trin 2_3.png"/>
                        <file href="items/i1614848012518528851/style/custom/tao-user-styles.css"/>
                    </resource><resource identifier="i1614848018726528852" type="imsqti_item_xmlv2p2" href="items/i1614848018726528852/qti.xml">
            <file href="items/i1614848018726528852/qti.xml"/>
                        <file href="items/i1614848018726528852/gantt/runtime/gantt.amd.js"/>
                        <file href="items/i1614848018726528852/gantt/runtime/ganttjs/gantt.js"/>
                        <file href="items/i1614848018726528852/gantt/runtime/css/base.css"/>
                        <file href="items/i1614848018726528852/gantt/runtime/css/gantt.css"/>
                        <file href="items/i1614848018726528852/gantt/runtime/ganttjs/ganttjs.css"/>
                        <file href="items/i1614848018726528852/gantt/runtime/assets/download.png"/>
                        <file href="items/i1614848018726528852/gantt/runtime/css/img/download.png"/>
                        <file href="items/i1614848018726528852/style/custom/tao-user-styles.css"/>
                    </resource><resource identifier="i161484802377228853" type="imsqti_item_xmlv2p2" href="items/i161484802377228853/qti.xml">
            <file href="items/i161484802377228853/qti.xml"/>
                        <file href="items/i161484802377228853/style/custom/tao-user-styles.css"/>
                    </resource><resource identifier="i1614848029206428854" type="imsqti_item_xmlv2p2" href="items/i1614848029206428854/qti.xml">
            <file href="items/i1614848029206428854/qti.xml"/>
                        <file href="items/i1614848029206428854/theroom/runtime/theroom.amd.js"/>
                        <file href="items/i1614848029206428854/theroom/runtime/css/base.css"/>
                        <file href="items/i1614848029206428854/theroom/runtime/assets/download.png"/>
                        <file href="items/i1614848029206428854/theroom/runtime/css/img/download.png"/>
                        <file href="items/i1614848029206428854/style/custom/tao-user-styles.css"/>
                    </resource><resource identifier="i1614848034800728855" type="imsqti_item_xmlv2p2" href="items/i1614848034800728855/qti.xml">
            <file href="items/i1614848034800728855/qti.xml"/>
                    </resource><resource identifier="i1614848040384428856" type="imsqti_item_xmlv2p2" href="items/i1614848040384428856/qti.xml">
            <file href="items/i1614848040384428856/qti.xml"/>
                        <file href="items/i1614848040384428856/style/custom/tao-user-styles.css"/>
                    </resource><resource identifier="i1614848045519628857" type="imsqti_item_xmlv2p2" href="items/i1614848045519628857/qti.xml">
            <file href="items/i1614848045519628857/qti.xml"/>
                        <file href="items/i1614848045519628857/assets/4c3e3d605bfd5f9a12440.jpg"/>
                        <file href="items/i1614848045519628857/style/custom/tao-user-styles.css"/>
                    </resource><resource identifier="i1614848051445128858" type="imsqti_item_xmlv2p2" href="items/i1614848051445128858/qti.xml">
            <file href="items/i1614848051445128858/qti.xml"/>
                        <file href="items/i1614848051445128858/gantt/runtime/gantt.amd.js"/>
                        <file href="items/i1614848051445128858/gantt/runtime/ganttjs/gantt.js"/>
                        <file href="items/i1614848051445128858/gantt/runtime/css/base.css"/>
                        <file href="items/i1614848051445128858/gantt/runtime/css/gantt.css"/>
                        <file href="items/i1614848051445128858/gantt/runtime/ganttjs/ganttjs.css"/>
                        <file href="items/i1614848051445128858/gantt/runtime/assets/download.png"/>
                        <file href="items/i1614848051445128858/gantt/runtime/css/img/download.png"/>
                        <file href="items/i1614848051445128858/style/custom/tao-user-styles.css"/>
                    </resource><resource identifier="i1614848056666728859" type="imsqti_item_xmlv2p2" href="items/i1614848056666728859/qti.xml">
            <file href="items/i1614848056666728859/qti.xml"/>
                        <file href="items/i1614848056666728859/voxelcraft/runtime/voxelcraft.amd.js"/>
                        <file href="items/i1614848056666728859/voxelcraft/runtime/css/base.css"/>
                        <file href="items/i1614848056666728859/voxelcraft/runtime/assets/download.png"/>
                        <file href="items/i1614848056666728859/voxelcraft/runtime/css/img/download.png"/>
                        <file href="items/i1614848056666728859/assets/3d4cba1c5c2f27fe04531.png"/>
                        <file href="items/i1614848056666728859/style/custom/tao-user-styles.css"/>
                    </resource><resource identifier="i1614848062998428860" type="imsqti_item_xmlv2p2" href="items/i1614848062998428860/qti.xml">
            <file href="items/i1614848062998428860/qti.xml"/>
                        <file href="items/i1614848062998428860/style/custom/tao-user-styles.css"/>
                    </resource><resource identifier="i1614847985647828846" type="imsqti_test_xmlv2p2" href="tests/i1614847985647828846/test.xml"><file href="tests/i1614847985647828846/test.xml"/><dependency identifierref="i1614847996936128848"/><dependency identifierref="i1614848001752728849"/><dependency identifierref="i1614848007955328850"/><dependency identifierref="i1614848012518528851"/><dependency identifierref="i1614848018726528852"/><dependency identifierref="i161484802377228853"/><dependency identifierref="i1614848029206428854"/><dependency identifierref="i1614848034800728855"/><dependency identifierref="i1614848040384428856"/><dependency identifierref="i1614848045519628857"/><dependency identifierref="i1614848051445128858"/><dependency identifierref="i1614848056666728859"/><dependency identifierref="i1614848062998428860"/></resource><resource identifier="i15649330021885747" type="imsqti_item_xmlv2p2" href="items/i15649330021885747/qti.xml">
            <file href="items/i15649330021885747/qti.xml"/>
                        <file href="items/i15649330021885747/n&#xE6;ste.png"/>
                    </resource><resource identifier="i15649330068073749" type="imsqti_item_xmlv2p2" href="items/i15649330068073749/qti.xml">
            <file href="items/i15649330068073749/qti.xml"/>
                        <file href="items/i15649330068073749/tastatur.png"/>
                        <file href="items/i15649330068073749/menubj&#xE6;lker.png"/>
                        <file href="items/i15649330068073749/n&#xE6;ste.png"/>
                        <file href="items/i15649330068073749/style/custom/tao-user-styles.css"/>
                    </resource><resource identifier="i15649330084128750" type="imsqti_item_xmlv2p2" href="items/i15649330084128750/qti.xml">
            <file href="items/i15649330084128750/qti.xml"/>
                        <file href="items/i15649330084128750/tastatur zoom.jpg"/>
                        <file href="items/i15649330084128750/n&#xE6;ste.png"/>
                    </resource><resource identifier="i15649330048745748" type="imsqti_item_xmlv2p2" href="items/i15649330048745748/qti.xml">
            <file href="items/i15649330048745748/qti.xml"/>
                        <file href="items/i15649330048745748/testinterface.png"/>
                        <file href="items/i15649330048745748/n&#xE6;ste.png"/>
                        <file href="items/i15649330048745748/style/custom/tao-user-styles.css"/>
                    </resource><resource identifier="i15649329933668742" type="imsqti_item_xmlv2p2" href="items/i15649329933668742/qti.xml">
            <file href="items/i15649329933668742/qti.xml"/>
                        <file href="items/i15649329933668742/theroom/runtime/theroom.amd.js"/>
                        <file href="items/i15649329933668742/theroom/runtime/css/base.css"/>
                        <file href="items/i15649329933668742/theroom/runtime/assets/download.png"/>
                        <file href="items/i15649329933668742/theroom/runtime/css/img/download.png"/>
                        <file href="items/i15649329933668742/pil2.svg"/>
                        <file href="items/i15649329933668742/style/custom/tao-user-styles.css"/>
                    </resource><resource identifier="i15649329953954743" type="imsqti_item_xmlv2p2" href="items/i15649329953954743/qti.xml">
            <file href="items/i15649329953954743/qti.xml"/>
                        <file href="items/i15649329953954743/svgmap/runtime/svgmap.amd.js"/>
                        <file href="items/i15649329953954743/svgmap/runtime/svgmap.js"/>
                        <file href="items/i15649329953954743/svgmap/runtime/css/base.css"/>
                        <file href="items/i15649329953954743/style/custom/tao-user-styles.css"/>
                    </resource><resource identifier="i15649329978767744" type="imsqti_item_xmlv2p2" href="items/i15649329978767744/qti.xml">
            <file href="items/i15649329978767744/qti.xml"/>
                        <file href="items/i15649329978767744/voxelcraft/runtime/voxelcraft.amd.js"/>
                        <file href="items/i15649329978767744/voxelcraft/runtime/css/base.css"/>
                        <file href="items/i15649329978767744/voxelcraft/runtime/assets/download.png"/>
                        <file href="items/i15649329978767744/voxelcraft/runtime/css/img/download.png"/>
                        <file href="items/i15649329978767744/pil2.svg"/>
                        <file href="items/i15649329978767744/style/custom/tao-user-styles.css"/>
                    </resource><resource identifier="i15649330013560746" type="imsqti_item_xmlv2p2" href="items/i15649330013560746/qti.xml">
            <file href="items/i15649330013560746/qti.xml"/>
                        <file href="items/i15649330013560746/brainstorm/runtime/brainstorm.amd.js"/>
                        <file href="items/i15649330013560746/brainstorm/runtime/css/base.css"/>
                        <file href="items/i15649330013560746/brainstorm/runtime/css/brainstorm.css"/>
                        <file href="items/i15649330013560746/brainstorm/runtime/assets/download.png"/>
                        <file href="items/i15649330013560746/brainstorm/runtime/css/img/download.png"/>
                        <file href="items/i15649330013560746/enterK.jpg"/>
                        <file href="items/i15649330013560746/style/custom/tao-user-styles.css"/>
                    </resource><resource identifier="i15649329991972745" type="imsqti_item_xmlv2p2" href="items/i15649329991972745/qti.xml">
            <file href="items/i15649329991972745/qti.xml"/>
                        <file href="items/i15649329991972745/gantt/runtime/gantt.amd.js"/>
                        <file href="items/i15649329991972745/gantt/runtime/ganttjs/gantt.js"/>
                        <file href="items/i15649329991972745/gantt/runtime/css/base.css"/>
                        <file href="items/i15649329991972745/gantt/runtime/css/gantt.css"/>
                        <file href="items/i15649329991972745/gantt/runtime/ganttjs/ganttjs.css"/>
                        <file href="items/i15649329991972745/gantt/runtime/assets/download.png"/>
                        <file href="items/i15649329991972745/gantt/runtime/css/img/download.png"/>
                    </resource><resource identifier="i15649523921798834" type="imsqti_test_xmlv2p2" href="tests/i15649523921798834/test.xml"><file href="tests/i15649523921798834/test.xml"/><dependency identifierref="i15649330021885747"/><dependency identifierref="i15649330068073749"/><dependency identifierref="i15649330084128750"/><dependency identifierref="i15649330048745748"/><dependency identifierref="i15649329933668742"/><dependency identifierref="i15649329953954743"/><dependency identifierref="i15649329978767744"/><dependency identifierref="i15649330013560746"/><dependency identifierref="i15649329991972745"/></resource><resource identifier="i1614706539431328821" type="imsqti_item_xmlv2p2" href="items/i1614706539431328821/qti.xml">
            <file href="items/i1614706539431328821/qti.xml"/>
                        <file href="items/i1614706539431328821/theme park_bred.jpg"/>
                        <file href="items/i1614706539431328821/style/custom/tao-user-styles.css"/>
                    </resource><resource identifier="i161470654463528822" type="imsqti_item_xmlv2p2" href="items/i161470654463528822/qti.xml">
            <file href="items/i161470654463528822/qti.xml"/>
                        <file href="items/i161470654463528822/brainstorm/runtime/brainstorm.amd.js"/>
                        <file href="items/i161470654463528822/brainstorm/runtime/css/base.css"/>
                        <file href="items/i161470654463528822/brainstorm/runtime/css/brainstorm.css"/>
                        <file href="items/i161470654463528822/brainstorm/runtime/assets/download.png"/>
                        <file href="items/i161470654463528822/brainstorm/runtime/css/img/download.png"/>
                        <file href="items/i161470654463528822/style/custom/tao-user-styles.css"/>
                    </resource><resource identifier="i161470655023528823" type="imsqti_item_xmlv2p2" href="items/i161470655023528823/qti.xml">
            <file href="items/i161470655023528823/qti.xml"/>
                        <file href="items/i161470655023528823/theroom/runtime/theroom.amd.js"/>
                        <file href="items/i161470655023528823/theroom/runtime/css/base.css"/>
                        <file href="items/i161470655023528823/theroom/runtime/assets/download.png"/>
                        <file href="items/i161470655023528823/theroom/runtime/css/img/download.png"/>
                        <file href="items/i161470655023528823/style/custom/tao-user-styles.css"/>
                    </resource><resource identifier="i1614845517974228840" type="imsqti_item_xmlv2p2" href="items/i1614845517974228840/qti.xml">
            <file href="items/i1614845517974228840/qti.xml"/>
                        <file href="items/i1614845517974228840/style/custom/tao-user-styles.css"/>
                    </resource><resource identifier="i1564849319169665" type="imsqti_item_xmlv2p2" href="items/i1564849319169665/qti.xml">
            <file href="items/i1564849319169665/qti.xml"/>
                        <file href="items/i1564849319169665/Forlystelsespark_kurvediagram.png"/>
                        <file href="items/i1564849319169665/Forlystelsespark_s&#xF8;jlediagram.png"/>
                        <file href="items/i1564849319169665/style/custom/tao-user-styles.css"/>
                    </resource><resource identifier="i1564849334112073" type="imsqti_item_xmlv2p2" href="items/i1564849334112073/qti.xml">
            <file href="items/i1564849334112073/qti.xml"/>
                        <file href="items/i1564849334112073/figurer_forlystelsespark.png"/>
                    </resource><resource identifier="i156484931569263" type="imsqti_item_xmlv2p2" href="items/i156484931569263/qti.xml">
            <file href="items/i156484931569263/qti.xml"/>
                        <file href="items/i156484931569263/brainstorm/runtime/brainstorm.amd.js"/>
                        <file href="items/i156484931569263/brainstorm/runtime/css/base.css"/>
                        <file href="items/i156484931569263/brainstorm/runtime/css/brainstorm.css"/>
                        <file href="items/i156484931569263/brainstorm/runtime/assets/download.png"/>
                        <file href="items/i156484931569263/brainstorm/runtime/css/img/download.png"/>
                        <file href="items/i156484931569263/style/custom/tao-user-styles.css"/>
                    </resource><resource identifier="i156484931775464" type="imsqti_item_xmlv2p2" href="items/i156484931775464/qti.xml">
            <file href="items/i156484931775464/qti.xml"/>
                        <file href="items/i156484931775464/gantt/runtime/gantt.amd.js"/>
                        <file href="items/i156484931775464/gantt/runtime/ganttjs/gantt.js"/>
                        <file href="items/i156484931775464/gantt/runtime/css/base.css"/>
                        <file href="items/i156484931775464/gantt/runtime/css/gantt.css"/>
                        <file href="items/i156484931775464/gantt/runtime/ganttjs/ganttjs.css"/>
                        <file href="items/i156484931775464/gantt/runtime/assets/download.png"/>
                        <file href="items/i156484931775464/gantt/runtime/css/img/download.png"/>
                        <file href="items/i156484931775464/style/custom/tao-user-styles.css"/>
                    </resource><resource identifier="i1564849309848860" type="imsqti_item_xmlv2p2" href="items/i1564849309848860/qti.xml">
            <file href="items/i1564849309848860/qti.xml"/>
                        <file href="items/i1564849309848860/forlystelsesparkopg8.png"/>
                        <file href="items/i1564849309848860/style/custom/tao-user-styles.css"/>
                    </resource><resource identifier="i1614706589315728830" type="imsqti_item_xmlv2p2" href="items/i1614706589315728830/qti.xml">
            <file href="items/i1614706589315728830/qti.xml"/>
                        <file href="items/i1614706589315728830/svgmap/runtime/svgmap.amd.js"/>
                        <file href="items/i1614706589315728830/svgmap/runtime/svgmap.js"/>
                        <file href="items/i1614706589315728830/svgmap/runtime/css/base.css"/>
                        <file href="items/i1614706589315728830/style/custom/tao-user-styles.css"/>
                    </resource><resource identifier="i1614706594668428831" type="imsqti_item_xmlv2p2" href="items/i1614706594668428831/qti.xml">
            <file href="items/i1614706594668428831/qti.xml"/>
                    </resource><resource identifier="i1614706600394828832" type="imsqti_item_xmlv2p2" href="items/i1614706600394828832/qti.xml">
            <file href="items/i1614706600394828832/qti.xml"/>
                        <file href="items/i1614706600394828832/style/custom/tao-user-styles.css"/>
                    </resource><resource identifier="i1614706605968928833" type="imsqti_item_xmlv2p2" href="items/i1614706605968928833/qti.xml">
            <file href="items/i1614706605968928833/qti.xml"/>
                        <file href="items/i1614706605968928833/forlystelsesparkopg8_2.png"/>
                        <file href="items/i1614706605968928833/style/custom/tao-user-styles.css"/>
                    </resource><resource identifier="i1614706611660228834" type="imsqti_item_xmlv2p2" href="items/i1614706611660228834/qti.xml">
            <file href="items/i1614706611660228834/qti.xml"/>
                        <file href="items/i1614706611660228834/voxelcraft/runtime/voxelcraft.amd.js"/>
                        <file href="items/i1614706611660228834/voxelcraft/runtime/css/base.css"/>
                        <file href="items/i1614706611660228834/voxelcraft/runtime/assets/download.png"/>
                        <file href="items/i1614706611660228834/voxelcraft/runtime/css/img/download.png"/>
                        <file href="items/i1614706611660228834/zombie_tegning.png"/>
                        <file href="items/i1614706611660228834/style/custom/tao-user-styles.css"/>
                    </resource><resource identifier="i1614706616394528835" type="imsqti_item_xmlv2p2" href="items/i1614706616394528835/qti.xml">
            <file href="items/i1614706616394528835/qti.xml"/>
                    </resource><resource identifier="i1614706528796828819" type="imsqti_test_xmlv2p2" href="tests/i1614706528796828819/test.xml"><file href="tests/i1614706528796828819/test.xml"/><dependency identifierref="i1614706539431328821"/><dependency identifierref="i161470654463528822"/><dependency identifierref="i161470655023528823"/><dependency identifierref="i1614845517974228840"/><dependency identifierref="i1564849319169665"/><dependency identifierref="i1564849334112073"/><dependency identifierref="i156484931569263"/><dependency identifierref="i156484931775464"/><dependency identifierref="i1564849309848860"/><dependency identifierref="i1614706589315728830"/><dependency identifierref="i1614706594668428831"/><dependency identifierref="i1614706600394828832"/><dependency identifierref="i1614706605968928833"/><dependency identifierref="i1614706611660228834"/><dependency identifierref="i1614706616394528835"/></resource><resource identifier="i1615891756969329018" type="imsqti_item_xmlv2p2" href="items/i1615891756969329018/qti.xml">
            <file href="items/i1615891756969329018/qti.xml"/>
                        <file href="items/i1615891756969329018/assets/f6c90cc75d414250bbde7.jpeg"/>
                        <file href="items/i1615891756969329018/style/custom/tao-user-styles.css"/>
                    </resource><resource identifier="i161589176399329019" type="imsqti_item_xmlv2p2" href="items/i161589176399329019/qti.xml">
            <file href="items/i161589176399329019/qti.xml"/>
                        <file href="items/i161589176399329019/theroom/runtime/theroom.amd.js"/>
                        <file href="items/i161589176399329019/theroom/runtime/css/base.css"/>
                        <file href="items/i161589176399329019/theroom/runtime/assets/download.png"/>
                        <file href="items/i161589176399329019/theroom/runtime/css/img/download.png"/>
                        <file href="items/i161589176399329019/style/custom/tao-user-styles.css"/>
                    </resource><resource identifier="i1615891770588729020" type="imsqti_item_xmlv2p2" href="items/i1615891770588729020/qti.xml">
            <file href="items/i1615891770588729020/qti.xml"/>
                        <file href="items/i1615891770588729020/brainstorm/runtime/brainstorm.amd.js"/>
                        <file href="items/i1615891770588729020/brainstorm/runtime/css/base.css"/>
                        <file href="items/i1615891770588729020/brainstorm/runtime/css/brainstorm.css"/>
                        <file href="items/i1615891770588729020/brainstorm/runtime/assets/download.png"/>
                        <file href="items/i1615891770588729020/brainstorm/runtime/css/img/download.png"/>
                        <file href="items/i1615891770588729020/style/custom/tao-user-styles.css"/>
                    </resource><resource identifier="i1615891777645529021" type="imsqti_item_xmlv2p2" href="items/i1615891777645529021/qti.xml">
            <file href="items/i1615891777645529021/qti.xml"/>
                        <file href="items/i1615891777645529021/assets/710e31395c2c770370f4e.jpg"/>
                        <file href="items/i1615891777645529021/assets/39e30f995c2c770d4cb3e.jpg"/>
                        <file href="items/i1615891777645529021/assets/620f90225c2c770d46a55.jpg"/>
                        <file href="items/i1615891777645529021/assets/9cca94635c2c770d4c951.jpg"/>
                        <file href="items/i1615891777645529021/style/custom/tao-user-styles.css"/>
                    </resource><resource identifier="i1615891784461729022" type="imsqti_item_xmlv2p2" href="items/i1615891784461729022/qti.xml">
            <file href="items/i1615891784461729022/qti.xml"/>
                    </resource><resource identifier="i1615891791371829023" type="imsqti_item_xmlv2p2" href="items/i1615891791371829023/qti.xml">
            <file href="items/i1615891791371829023/qti.xml"/>
                        <file href="items/i1615891791371829023/textgapmatch/runtime/textgapmatch.amd.js"/>
                        <file href="items/i1615891791371829023/textgapmatch/runtime/gapmatch.js"/>
                        <file href="items/i1615891791371829023/textgapmatch/runtime/DragDropTouch.js"/>
                        <file href="items/i1615891791371829023/textgapmatch/runtime/css/base.css"/>
                        <file href="items/i1615891791371829023/textgapmatch/runtime/css/textgapmatch.css"/>
                        <file href="items/i1615891791371829023/textgapmatch/runtime/assets/download.png"/>
                        <file href="items/i1615891791371829023/textgapmatch/runtime/css/img/download.png"/>
                        <file href="items/i1615891791371829023/style/custom/tao-user-styles.css"/>
                    </resource><resource identifier="i1615891798473829024" type="imsqti_item_xmlv2p2" href="items/i1615891798473829024/qti.xml">
            <file href="items/i1615891798473829024/qti.xml"/>
                        <file href="items/i1615891798473829024/campingpladsen.png"/>
                        <file href="items/i1615891798473829024/style/custom/tao-user-styles.css"/>
                    </resource><resource identifier="i1615891805254029025" type="imsqti_item_xmlv2p2" href="items/i1615891805254029025/qti.xml">
            <file href="items/i1615891805254029025/qti.xml"/>
                        <file href="items/i1615891805254029025/svgmap/runtime/svgmap.amd.js"/>
                        <file href="items/i1615891805254029025/svgmap/runtime/svgmap.js"/>
                        <file href="items/i1615891805254029025/svgmap/runtime/css/base.css"/>
                        <file href="items/i1615891805254029025/style/custom/tao-user-styles.css"/>
                    </resource><resource identifier="i1615891812848729026" type="imsqti_item_xmlv2p2" href="items/i1615891812848729026/qti.xml">
            <file href="items/i1615891812848729026/qti.xml"/>
                        <file href="items/i1615891812848729026/style/custom/tao-user-styles.css"/>
                    </resource><resource identifier="i1615891819481329027" type="imsqti_item_xmlv2p2" href="items/i1615891819481329027/qti.xml">
            <file href="items/i1615891819481329027/qti.xml"/>
                        <file href="items/i1615891819481329027/brainstorm/runtime/brainstorm.amd.js"/>
                        <file href="items/i1615891819481329027/brainstorm/runtime/css/base.css"/>
                        <file href="items/i1615891819481329027/brainstorm/runtime/css/brainstorm.css"/>
                        <file href="items/i1615891819481329027/brainstorm/runtime/assets/download.png"/>
                        <file href="items/i1615891819481329027/brainstorm/runtime/css/img/download.png"/>
                        <file href="items/i1615891819481329027/assets/a48b7cd65c2de1110023e.jpg"/>
                        <file href="items/i1615891819481329027/style/custom/tao-user-styles.css"/>
                    </resource><resource identifier="i1615891826860729028" type="imsqti_item_xmlv2p2" href="items/i1615891826860729028/qti.xml">
            <file href="items/i1615891826860729028/qti.xml"/>
                        <file href="items/i1615891826860729028/gantt/runtime/gantt.amd.js"/>
                        <file href="items/i1615891826860729028/gantt/runtime/ganttjs/gantt.js"/>
                        <file href="items/i1615891826860729028/gantt/runtime/css/base.css"/>
                        <file href="items/i1615891826860729028/gantt/runtime/css/gantt.css"/>
                        <file href="items/i1615891826860729028/gantt/runtime/ganttjs/ganttjs.css"/>
                        <file href="items/i1615891826860729028/gantt/runtime/assets/download.png"/>
                        <file href="items/i1615891826860729028/gantt/runtime/css/img/download.png"/>
                        <file href="items/i1615891826860729028/style/custom/tao-user-styles.css"/>
                    </resource><resource identifier="i1615891833859429029" type="imsqti_item_xmlv2p2" href="items/i1615891833859429029/qti.xml">
            <file href="items/i1615891833859429029/qti.xml"/>
                        <file href="items/i1615891833859429029/brainstorm/runtime/brainstorm.amd.js"/>
                        <file href="items/i1615891833859429029/brainstorm/runtime/css/base.css"/>
                        <file href="items/i1615891833859429029/brainstorm/runtime/css/brainstorm.css"/>
                        <file href="items/i1615891833859429029/brainstorm/runtime/assets/download.png"/>
                        <file href="items/i1615891833859429029/brainstorm/runtime/css/img/download.png"/>
                        <file href="items/i1615891833859429029/style/custom/tao-user-styles.css"/>
                    </resource><resource identifier="i1615891840715029030" type="imsqti_item_xmlv2p2" href="items/i1615891840715029030/qti.xml">
            <file href="items/i1615891840715029030/qti.xml"/>
                        <file href="items/i1615891840715029030/voxelcraft/runtime/voxelcraft.amd.js"/>
                        <file href="items/i1615891840715029030/voxelcraft/runtime/css/base.css"/>
                        <file href="items/i1615891840715029030/voxelcraft/runtime/assets/download.png"/>
                        <file href="items/i1615891840715029030/voxelcraft/runtime/css/img/download.png"/>
                        <file href="items/i1615891840715029030/style/custom/tao-user-styles.css"/>
                    </resource><resource identifier="i1615891847997029031" type="imsqti_item_xmlv2p2" href="items/i1615891847997029031/qti.xml">
            <file href="items/i1615891847997029031/qti.xml"/>
                    </resource><resource identifier="i1615891742869829016" type="imsqti_test_xmlv2p2" href="tests/i1615891742869829016/test.xml"><file href="tests/i1615891742869829016/test.xml"/><dependency identifierref="i1615891756969329018"/><dependency identifierref="i161589176399329019"/><dependency identifierref="i1615891770588729020"/><dependency identifierref="i1615891777645529021"/><dependency identifierref="i1615891784461729022"/><dependency identifierref="i1615891791371829023"/><dependency identifierref="i1615891798473829024"/><dependency identifierref="i1615891805254029025"/><dependency identifierref="i1615891812848729026"/><dependency identifierref="i1615891819481329027"/><dependency identifierref="i1615891826860729028"/><dependency identifierref="i1615891833859429029"/><dependency identifierref="i1615891840715029030"/><dependency identifierref="i1615891847997029031"/></resource><resource identifier="i1614848226657928864" type="imsqti_item_xmlv2p2" href="items/i1614848226657928864/qti.xml">
            <file href="items/i1614848226657928864/qti.xml"/>
                        <file href="items/i1614848226657928864/teater.jpg"/>
                        <file href="items/i1614848226657928864/style/custom/tao-user-styles.css"/>
                    </resource><resource identifier="i1614848232607728865" type="imsqti_item_xmlv2p2" href="items/i1614848232607728865/qti.xml">
            <file href="items/i1614848232607728865/qti.xml"/>
                        <file href="items/i1614848232607728865/gantt/runtime/gantt.amd.js"/>
                        <file href="items/i1614848232607728865/gantt/runtime/ganttjs/gantt.js"/>
                        <file href="items/i1614848232607728865/gantt/runtime/css/base.css"/>
                        <file href="items/i1614848232607728865/gantt/runtime/css/gantt.css"/>
                        <file href="items/i1614848232607728865/gantt/runtime/ganttjs/ganttjs.css"/>
                        <file href="items/i1614848232607728865/gantt/runtime/assets/download.png"/>
                        <file href="items/i1614848232607728865/gantt/runtime/css/img/download.png"/>
                        <file href="items/i1614848232607728865/style/custom/tao-user-styles.css"/>
                    </resource><resource identifier="i161484823764828866" type="imsqti_item_xmlv2p2" href="items/i161484823764828866/qti.xml">
            <file href="items/i161484823764828866/qti.xml"/>
                        <file href="items/i161484823764828866/theroom/runtime/theroom.amd.js"/>
                        <file href="items/i161484823764828866/theroom/runtime/css/base.css"/>
                        <file href="items/i161484823764828866/theroom/runtime/assets/download.png"/>
                        <file href="items/i161484823764828866/theroom/runtime/css/img/download.png"/>
                        <file href="items/i161484823764828866/style/custom/tao-user-styles.css"/>
                    </resource><resource identifier="i1614848243500928867" type="imsqti_item_xmlv2p2" href="items/i1614848243500928867/qti.xml">
            <file href="items/i1614848243500928867/qti.xml"/>
                    </resource><resource identifier="i1614848249310428868" type="imsqti_item_xmlv2p2" href="items/i1614848249310428868/qti.xml">
            <file href="items/i1614848249310428868/qti.xml"/>
                        <file href="items/i1614848249310428868/brainstorm/runtime/brainstorm.amd.js"/>
                        <file href="items/i1614848249310428868/brainstorm/runtime/css/base.css"/>
                        <file href="items/i1614848249310428868/brainstorm/runtime/css/brainstorm.css"/>
                        <file href="items/i1614848249310428868/brainstorm/runtime/assets/download.png"/>
                        <file href="items/i1614848249310428868/brainstorm/runtime/css/img/download.png"/>
                        <file href="items/i1614848249310428868/style/custom/tao-user-styles.css"/>
                    </resource><resource identifier="i161484825449028869" type="imsqti_item_xmlv2p2" href="items/i161484825449028869/qti.xml">
            <file href="items/i161484825449028869/qti.xml"/>
                        <file href="items/i161484825449028869/teateropg8.png"/>
                        <file href="items/i161484825449028869/style/custom/tao-user-styles.css"/>
                    </resource><resource identifier="i1614848260314128870" type="imsqti_item_xmlv2p2" href="items/i1614848260314128870/qti.xml">
            <file href="items/i1614848260314128870/qti.xml"/>
                        <file href="items/i1614848260314128870/broskitse_f&#xE6;rre confounders.png"/>
                        <file href="items/i1614848260314128870/style/custom/tao-user-styles.css"/>
                    </resource><resource identifier="i1614848265423628871" type="imsqti_item_xmlv2p2" href="items/i1614848265423628871/qti.xml">
            <file href="items/i1614848265423628871/qti.xml"/>
                        <file href="items/i1614848265423628871/teateropg10.png"/>
                        <file href="items/i1614848265423628871/style/custom/tao-user-styles.css"/>
                    </resource><resource identifier="i1614848271175628872" type="imsqti_item_xmlv2p2" href="items/i1614848271175628872/qti.xml">
            <file href="items/i1614848271175628872/qti.xml"/>
                        <file href="items/i1614848271175628872/brainstorm/runtime/brainstorm.amd.js"/>
                        <file href="items/i1614848271175628872/brainstorm/runtime/css/base.css"/>
                        <file href="items/i1614848271175628872/brainstorm/runtime/css/brainstorm.css"/>
                        <file href="items/i1614848271175628872/brainstorm/runtime/assets/download.png"/>
                        <file href="items/i1614848271175628872/brainstorm/runtime/css/img/download.png"/>
                        <file href="items/i1614848271175628872/style/custom/tao-user-styles.css"/>
                    </resource><resource identifier="i1614848276607228873" type="imsqti_item_xmlv2p2" href="items/i1614848276607228873/qti.xml">
            <file href="items/i1614848276607228873/qti.xml"/>
                        <file href="items/i1614848276607228873/style/custom/tao-user-styles.css"/>
                    </resource><resource identifier="i1614848282509428874" type="imsqti_item_xmlv2p2" href="items/i1614848282509428874/qti.xml">
            <file href="items/i1614848282509428874/qti.xml"/>
                        <file href="items/i1614848282509428874/s&#xF8;jlediagram_teater.png"/>
                        <file href="items/i1614848282509428874/style/custom/tao-user-styles.css"/>
                    </resource><resource identifier="i1614848287725228875" type="imsqti_item_xmlv2p2" href="items/i1614848287725228875/qti.xml">
            <file href="items/i1614848287725228875/qti.xml"/>
                        <file href="items/i1614848287725228875/brainstorm/runtime/brainstorm.amd.js"/>
                        <file href="items/i1614848287725228875/brainstorm/runtime/css/base.css"/>
                        <file href="items/i1614848287725228875/brainstorm/runtime/css/brainstorm.css"/>
                        <file href="items/i1614848287725228875/brainstorm/runtime/assets/download.png"/>
                        <file href="items/i1614848287725228875/brainstorm/runtime/css/img/download.png"/>
                        <file href="items/i1614848287725228875/style/custom/tao-user-styles.css"/>
                    </resource><resource identifier="i161484829398028876" type="imsqti_item_xmlv2p2" href="items/i161484829398028876/qti.xml">
            <file href="items/i161484829398028876/qti.xml"/>
                        <file href="items/i161484829398028876/voxelcraft/runtime/voxelcraft.amd.js"/>
                        <file href="items/i161484829398028876/voxelcraft/runtime/css/base.css"/>
                        <file href="items/i161484829398028876/voxelcraft/runtime/assets/download.png"/>
                        <file href="items/i161484829398028876/voxelcraft/runtime/css/img/download.png"/>
                        <file href="items/i161484829398028876/style/custom/tao-user-styles.css"/>
                    </resource><resource identifier="i1614848298314328877" type="imsqti_item_xmlv2p2" href="items/i1614848298314328877/qti.xml">
            <file href="items/i1614848298314328877/qti.xml"/>
                    </resource><resource identifier="i1614848215937328862" type="imsqti_test_xmlv2p2" href="tests/i1614848215937328862/test.xml"><file href="tests/i1614848215937328862/test.xml"/><dependency identifierref="i1614848226657928864"/><dependency identifierref="i1614848232607728865"/><dependency identifierref="i161484823764828866"/><dependency identifierref="i1614848243500928867"/><dependency identifierref="i1614848249310428868"/><dependency identifierref="i161484825449028869"/><dependency identifierref="i1614848260314128870"/><dependency identifierref="i1614848265423628871"/><dependency identifierref="i1614848271175628872"/><dependency identifierref="i1614848276607228873"/><dependency identifierref="i1614848282509428874"/><dependency identifierref="i1614848287725228875"/><dependency identifierref="i161484829398028876"/><dependency identifierref="i1614848298314328877"/></resource></resources>
</manifest>
