<?xml version="1.0" encoding="UTF-8"?>
<assessmentItem xmlns="http://www.imsglobal.org/xsd/imsqti_v2p2" xmlns:html5="html5" xmlns:m="http://www.w3.org/1998/Math/MathML" xmlns:pci="http://www.imsglobal.org/xsd/portableCustomInteraction" xmlns:xsi="http://www.w3.org/2001/XMLSchema-instance" xsi:schemaLocation="http://www.imsglobal.org/xsd/imsqti_v2p2 http://www.imsglobal.org/xsd/qti/qtiv2p2/imsqti_v2p2.xsd" identifier="i156050128762149814" title="3D" label="3D" xml:lang="en-US" adaptive="false" timeDependent="false" toolName="TAO" toolVersion="3.3.0-RC02">
  <responseDeclaration identifier="RESPONSE" cardinality="single" baseType="string"/>
  <outcomeDeclaration identifier="SCORE" cardinality="single" baseType="float"/>
  <stylesheet href="style/custom/tao-user-styles.css" type="text/css" media="all" title=""/>
  <itemBody>
    <div class="grid-row">
      <div class="col-12">
        <h4>In this type of task you have to build figures with blocks </h4>
        <h5>• Click on the pencil at the bottom left to insert blocks. Every time you have used one of the other functions, for example chosen a new color, you have to click on the pencil again to build.<br/>
• Draw multiple blocks at a time by clicking and pressing down, while moving the mouse.<br/>
• Click on the eraser, if you want to delete a block. Click on the block that you would like to delete.<br/>
• Click on the color palette to choose which color you would like to build with.<br/>
• With the color palette, you can also change colors on a block that you have already built. Just choose a color and click on the block you would like to change colors on. <br/>
• Click on the crossed arrows to move the camera to the left or right or up and down. <br/>
• Click on the ring with the two arrows to turn the camera. You can also move the camera, if you click and hold down on the white background around the building surface. Move <img src="pil2.svg" alt="pil2" width="20" height="32"/> with your mouse or trackpad to turn the camera. <br/>
• Click on the trash can if you would like to delete everything you have built. Then you can start over.<br/>
• Zoom in or out by rolling the scroll wheel of your mouse or your trackpad, while <img src="pil2.svg" alt="pil2" width="20" height="32"/> is in the building room.</h5>
        <h6>Try to build a chair.</h6>
      </div>
    </div>
    <div class="grid-row">
      <div class="col-12">
        <customInteraction responseIdentifier="RESPONSE">
          <portableCustomInteraction xmlns="http://www.imsglobal.org/xsd/portableCustomInteraction" customInteractionTypeIdentifier="voxelcraft" hook="voxelcraft/runtime/voxelcraft.amd.js" version="0.0.24">
            <resources>
              <libraries>
                <lib id="IMSGlobal/jquery_2_1_1"/>
              </libraries>
              <stylesheets>
                <link href="voxelcraft/runtime/css/base.css" type="text/css" title="base"/>
              </stylesheets>
              <mediaFiles>
                <file src="voxelcraft/runtime/assets/download.png" type="image/png"/>
                <file src="voxelcraft/runtime/css/img/download.png" type="image/png"/>
              </mediaFiles>
            </resources>
            <properties>
              <property key="colors">#cc0000
#cc6900
#f7ef00
#afe000
#00b512
#00bfa5
#009bbf
#008af4
#ae00f4
#f400e3
#f40000
#cccccc
#ffffff
#222222</property>
              <properties key="scene"/>
              <property key="scoring">function score(){

}</property>
              <property key="gameUrl">https://surveyinfo.au.dk/pci-external/open-tao-pcis/voxelcraft/game/</property>
            </properties>
            <markup xmlns="http://www.w3.org/1999/xhtml">
              <div class="voxelcraft">
</div>
            </markup>
          </portableCustomInteraction>
        </customInteraction>
      </div>
    </div>
  </itemBody>
  <responseProcessing template="http://www.imsglobal.org/question/qti_v2p2/rptemplates/match_correct"/>
</assessmentItem>
