<?xml version="1.0" encoding="UTF-8"?>
<assessmentItem xmlns="http://www.imsglobal.org/xsd/imsqti_v2p2" xmlns:html5="html5" xmlns:m="http://www.w3.org/1998/Math/MathML" xmlns:pci="http://www.imsglobal.org/xsd/portableCustomInteraction" xmlns:xsi="http://www.w3.org/2001/XMLSchema-instance" xsi:schemaLocation="http://www.imsglobal.org/xsd/imsqti_v2p2 http://www.imsglobal.org/xsd/qti/qtiv2p2/imsqti_v2p2.xsd" identifier="i15432360853327733" title="!14. Redesign af galionsfigur" label="14. Byg et husdyr" xml:lang="da-DK" adaptive="false" timeDependent="false" toolName="TAO" toolVersion="3.3.0-RC02">
  <responseDeclaration identifier="RESPONSE" cardinality="single" baseType="string"/>
  <outcomeDeclaration identifier="SCORE" cardinality="single" baseType="float"/>
  <stylesheet href="style/custom/tao-user-styles.css" type="text/css" media="all" title=""/>
  <itemBody>
    <div class="grid-row">
      <div class="col-12">
        <h4>Inden ferniseringen når I lige en sidste opgave. Vikingerne holdt mange husdyr, fx høns. I må ikke have levende dyr på udstillingen, men I har valgt at bygge en høne.</h4>
        <h5>Krav:<br/>
• Hønen skal være lige så stor som på tegningerne. Et tern på tegningen svarer til en klods i byggerummet.<br/>
• Hønen skal have de samme farver som på tegningerne.</h5>
        <h6>Se på tegningerne af hønen fra flere sider. Byg derefter hønen. </h6>
        <p>
          <img src="assets/3d4cba1c5c2f27fe04531.png" alt="høne_ortografisk.png" width="100%"/>
        </p>
      </div>
    </div>
    <div class="grid-row">
      <div class="col-12">
        <customInteraction responseIdentifier="RESPONSE">
          <portableCustomInteraction xmlns="http://www.imsglobal.org/xsd/portableCustomInteraction" customInteractionTypeIdentifier="voxelcraft" hook="voxelcraft/runtime/voxelcraft.amd.js" version="0.0.24">
            <resources>
              <libraries>
                <lib id="IMSGlobal/jquery_2_1_1"/>
              </libraries>
              <stylesheets>
                <link href="voxelcraft/runtime/css/base.css" type="text/css" title="base"/>
              </stylesheets>
              <mediaFiles>
                <file src="voxelcraft/runtime/assets/download.png" type="image/png"/>
                <file src="voxelcraft/runtime/css/img/download.png" type="image/png"/>
              </mediaFiles>
            </resources>
            <properties>
              <property key="colors">#cc6900
#cc0000
#f7ef00
#afe000
#00b512
#00bfa5
#009bbf
#008af4
#ae00f4
#f400e3
#f40000
#cccccc
#ffffff
#222222</property>
              <property key="scene">[]</property>
              <property key="gameUrl">https://surveyinfo.au.dk/pci-external/open-tao-pcis/voxelcraft/game/</property>
              <property key="scoring">function score(){
var wsColor = 15991011;

var fod = [{"p":[-25,25,125],"c":16248576},{"p":[-25,25,75],"c":16248576},{"p":[-25,25,25],"c":16248576},{"p":[25,25,125],"c":16248576},{"p":[25,25,75],"c":16248576},{"p":[25,25,25],"c":16248576},{"p":[75,25,125],"c":16248576},{"p":[75,25,75],"c":16248576},{"p":[75,25,25],"c":16248576},{"p":[-25,75,75],"c":16248576},{"p":[-25,75,125],"c":15991011},{"p":[25,75,125],"c":15991011},{"p":[25,75,75],"c":15991011},{"p":[25,75,25],"c":15991011},{"p":[-25,75,25],"c":15991011},{"p":[-25,25,-25],"c":15991011},{"p":[25,25,-25],"c":15991011},{"p":[75,25,-25],"c":15991011},{"p":[125,25,125],"c":15991011},{"p":[125,25,75],"c":15991011},{"p":[125,25,25],"c":15991011},{"p":[-25,25,175],"c":15991011},{"p":[25,25,175],"c":15991011},{"p":[75,25,175],"c":15991011},{"p":[-75,25,-25],"c":15991011},{"p":[-75,25,25],"c":15991011},{"p":[-75,25,75],"c":15991011},{"p":[-75,25,125],"c":15991011},{"p":[-75,25,175],"c":15991011},{"p":[75,75,25],"c":15991011},{"p":[75,75,75],"c":15991011},{"p":[75,75,125],"c":15991011},{"p":[-75,75,75],"c":15991011}];

var hovede = [{"p":[225,25,275],"c":15991011},{"p":[225,25,225],"c":15991011},{"p":[225,25,175],"c":15991011},{"p":[225,75,275],"c":16777215},{"p":[225,75,225],"c":16777215},{"p":[225,75,175],"c":16777215},{"p":[225,125,175],"c":16777215},{"p":[225,125,225],"c":16777215},{"p":[225,125,275],"c":16777215},{"p":[225,175,175],"c":2236962},{"p":[225,175,225],"c":16777215},{"p":[225,175,275],"c":2236962},{"p":[225,225,175],"c":16777215},{"p":[225,225,225],"c":16777215},{"p":[225,225,275],"c":16777215},{"p":[175,175,175],"c":16777215},{"p":[175,175,275],"c":16777215},{"p":[175,225,275],"c":16777215},{"p":[125,175,175],"c":16777215},{"p":[125,175,225],"c":16777215},{"p":[125,175,275],"c":16777215},{"p":[125,225,175],"c":16777215},{"p":[125,225,225],"c":16777215},{"p":[125,225,275],"c":16777215},{"p":[225,125,325],"c":15991011},{"p":[225,75,325],"c":15991011},{"p":[225,75,125],"c":15991011},{"p":[225,125,125],"c":15991011},{"p":[275,75,275],"c":15991011},{"p":[275,75,175],"c":15991011},{"p":[275,175,275],"c":15991011},{"p":[275,175,225],"c":15991011},{"p":[275,175,175],"c":15991011},{"p":[275,225,275],"c":15991011},{"p":[275,225,225],"c":15991011},{"p":[275,225,175],"c":15991011},{"p":[125,275,275],"c":15991011},{"p":[125,275,225],"c":15991011},{"p":[125,275,175],"c":15991011},{"p":[125,175,125],"c":15991011},{"p":[175,175,125],"c":15991011},{"p":[225,175,125],"c":15991011},{"p":[125,225,125],"c":15991011},{"p":[175,225,125],"c":15991011},{"p":[225,225,125],"c":15991011},{"p":[75,175,175],"c":15991011},{"p":[75,175,225],"c":15991011},{"p":[75,175,275],"c":15991011},{"p":[75,225,175],"c":15991011},{"p":[75,225,225],"c":15991011},{"p":[75,225,275],"c":15991011},{"p":[125,175,325],"c":15991011},{"p":[175,175,325],"c":15991011},{"p":[225,175,325],"c":15991011},{"p":[225,225,325],"c":15991011},{"p":[175,225,325],"c":15991011},{"p":[125,225,325],"c":15991011},{"p":[175,225,175],"c":16777215},{"p":[175,225,225],"c":16777215},{"p":[175,275,175],"c":15991011},{"p":[175,275,225],"c":15991011},{"p":[175,275,275],"c":15991011},{"p":[225,275,175],"c":15991011},{"p":[225,275,225],"c":15991011},{"p":[225,275,275],"c":15991011}];

var krop = [{"p":[125,25,125],"c":15991011},{"p":[125,25,75],"c":15991011},{"p":[125,25,25],"c":15991011},{"p":[125,25,-25],"c":15991011},{"p":[125,25,-75],"c":15991011},{"p":[75,25,75],"c":15991011},{"p":[75,25,25],"c":15991011},{"p":[75,25,-25],"c":15991011},{"p":[25,25,125],"c":15991011},{"p":[25,25,75],"c":15991011},{"p":[25,25,25],"c":15991011},{"p":[25,25,-25],"c":15991011},{"p":[25,25,-75],"c":15991011},{"p":[-25,25,125],"c":15991011},{"p":[-25,25,75],"c":15991011},{"p":[-25,25,25],"c":15991011},{"p":[-25,25,-25],"c":15991011},{"p":[-25,25,-75],"c":15991011},{"p":[-25,75,125],"c":16777215},{"p":[-25,75,75],"c":16777215},{"p":[-25,75,25],"c":16777215},{"p":[-25,75,-25],"c":16777215},{"p":[-25,75,-75],"c":16777215},{"p":[25,75,125],"c":16777215},{"p":[25,75,75],"c":16777215},{"p":[25,75,-25],"c":16777215},{"p":[25,75,-75],"c":16777215},{"p":[75,75,75],"c":16777215},{"p":[75,75,25],"c":16777215},{"p":[75,75,-25],"c":16777215},{"p":[125,75,125],"c":16777215},{"p":[125,75,75],"c":16777215},{"p":[125,75,25],"c":16777215},{"p":[125,75,-25],"c":16777215},{"p":[125,75,-75],"c":16777215},{"p":[75,75,125],"c":16777215},{"p":[75,75,-75],"c":16777215},{"p":[-25,125,125],"c":16777215},{"p":[-25,125,75],"c":16777215},{"p":[-25,125,-75],"c":16777215},{"p":[25,125,125],"c":16777215},{"p":[25,125,-75],"c":16777215},{"p":[75,125,125],"c":16777215},{"p":[75,125,-75],"c":16777215},{"p":[125,125,125],"c":16777215},{"p":[125,125,75],"c":16777215},{"p":[125,125,25],"c":16777215},{"p":[125,125,-25],"c":16777215},{"p":[125,125,-75],"c":16777215},{"p":[-25,175,125],"c":16777215},{"p":[-25,175,75],"c":16777215},{"p":[-25,175,25],"c":16777215},{"p":[-25,175,-25],"c":16777215},{"p":[-25,175,-75],"c":16777215},{"p":[25,175,125],"c":16777215},{"p":[25,175,-75],"c":16777215},{"p":[75,175,125],"c":16777215},{"p":[75,175,-75],"c":16777215},{"p":[125,175,125],"c":16777215},{"p":[125,175,75],"c":16777215},{"p":[125,175,25],"c":16777215},{"p":[125,175,-25],"c":16777215},{"p":[125,175,-75],"c":16777215},{"p":[175,175,-75],"c":15991011},{"p":[175,125,-75],"c":15991011},{"p":[175,75,-75],"c":15991011},{"p":[175,75,125],"c":15991011},{"p":[175,75,75],"c":15991011},{"p":[175,75,25],"c":15991011},{"p":[175,75,-25],"c":15991011},{"p":[125,175,-125],"c":15991011},{"p":[125,125,-125],"c":15991011},{"p":[125,75,-125],"c":15991011},{"p":[75,75,-125],"c":15991011},{"p":[25,75,-125],"c":15991011},{"p":[-25,75,-125],"c":15991011},{"p":[25,75,25],"c":16777215},{"p":[-25,125,-25],"c":16777215},{"p":[-25,125,25],"c":16777215},{"p":[25,175,-25],"c":16777215},{"p":[75,175,-25],"c":16777215},{"p":[25,175,25],"c":16777215},{"p":[75,175,25],"c":16777215},{"p":[25,175,75],"c":16777215},{"p":[75,175,75],"c":16777215},{"p":[175,125,125],"c":15991011},{"p":[175,175,125],"c":15991011},{"p":[-25,75,175],"c":15991011},{"p":[25,75,175],"c":15991011},{"p":[75,75,175],"c":15991011},{"p":[125,75,175],"c":15991011},{"p":[125,125,175],"c":15991011},{"p":[125,175,175],"c":15991011},{"p":[-75,75,-75],"c":15991011},{"p":[-75,75,-25],"c":15991011},{"p":[-75,75,25],"c":15991011},{"p":[-75,75,75],"c":15991011},{"p":[-75,75,125],"c":15991011},{"p":[-75,125,-75],"c":15991011},{"p":[-75,125,-25],"c":15991011},{"p":[-75,125,25],"c":15991011},{"p":[-75,125,75],"c":15991011},{"p":[-75,125,125],"c":15991011},{"p":[-75,175,-75],"c":15991011},{"p":[-75,175,-25],"c":15991011},{"p":[-75,175,25],"c":15991011},{"p":[-75,175,75],"c":15991011},{"p":[-75,175,125],"c":15991011},{"p":[-25,225,125],"c":15991011},{"p":[25,225,125],"c":15991011},{"p":[75,225,125],"c":15991011},{"p":[125,225,125],"c":15991011},{"p":[-25,225,-75],"c":15991011},{"p":[25,225,-75],"c":15991011},{"p":[75,225,-75],"c":15991011},{"p":[125,225,-75],"c":15991011},{"p":[-25,225,75],"c":15991011},{"p":[-25,225,25],"c":15991011},{"p":[-25,225,-25],"c":15991011},{"p":[25,225,75],"c":15991011},{"p":[25,225,25],"c":15991011},{"p":[25,225,-25],"c":15991011}];

var vinger = [{"p":[175,25,-225],"c":15991011},{"p":[125,25,-225],"c":15991011},{"p":[75,25,-225],"c":15991011},{"p":[25,25,-225],"c":15991011},{"p":[175,75,-225],"c":16777215},{"p":[125,75,-225],"c":16777215},{"p":[75,75,-225],"c":16777215},{"p":[25,75,-225],"c":16777215},{"p":[175,125,-225],"c":16777215},{"p":[125,125,-225],"c":16777215},{"p":[75,125,-225],"c":16777215},{"p":[25,125,-225],"c":16777215},{"p":[-25,125,-225],"c":15991011},{"p":[-25,75,-225],"c":15991011},{"p":[25,75,-275],"c":15991011},{"p":[75,75,-275],"c":15991011},{"p":[125,75,-275],"c":15991011},{"p":[175,75,-275],"c":15991011},{"p":[25,125,-275],"c":15991011},{"p":[75,125,-275],"c":15991011},{"p":[125,125,-275],"c":15991011},{"p":[175,125,-275],"c":15991011},{"p":[25,175,-225],"c":15991011},{"p":[75,175,-225],"c":15991011},{"p":[125,175,-225],"c":15991011},{"p":[175,175,-225],"c":15991011},{"p":[225,75,-225],"c":15991011},{"p":[225,125,-225],"c":15991011},{"p":[175,125,-175],"c":15991011},{"p":[175,75,-175],"c":15991011},{"p":[125,25,75],"c":15991011},{"p":[75,25,75],"c":15991011},{"p":[25,25,75],"c":15991011},{"p":[175,25,75],"c":15991011},{"p":[25,75,75],"c":16777215},{"p":[75,75,75],"c":16777215},{"p":[125,75,75],"c":16777215},{"p":[25,125,75],"c":16777215},{"p":[75,125,75],"c":16777215},{"p":[125,125,75],"c":16777215},{"p":[-425,25,-425],"c":16777215},{"p":[-475,25,-475],"c":16777215},{"p":[175,75,75],"c":16777215},{"p":[175,125,75],"c":16777215},{"p":[-25,75,75],"c":15991011},{"p":[-25,125,75],"c":15991011},{"p":[175,175,75],"c":15991011},{"p":[125,175,75],"c":15991011},{"p":[75,175,75],"c":15991011},{"p":[25,175,75],"c":15991011},{"p":[225,75,75],"c":15991011},{"p":[225,125,75],"c":15991011},{"p":[25,75,125],"c":15991011},{"p":[75,75,125],"c":15991011},{"p":[125,75,125],"c":15991011},{"p":[175,75,125],"c":15991011},{"p":[25,125,125],"c":15991011},{"p":[75,125,125],"c":15991011},{"p":[125,125,125],"c":15991011},{"p":[175,125,125],"c":15991011},{"p":[175,75,25],"c":15991011},{"p":[175,125,25],"c":15991011}];

var naeb = [{"p":[-225,25,225],"c":15991011},{"p":[-225,75,225],"c":15990784},{"p":[-225,125,225],"c":16248576},{"p":[-225,125,275],"c":16248576},{"p":[-225,125,175],"c":16248576},{"p":[-175,125,175],"c":16248576},{"p":[-175,125,225],"c":16248576},{"p":[-175,125,275],"c":16248576},{"p":[-225,175,175],"c":15991011},{"p":[-225,175,225],"c":15991011},{"p":[-225,175,275],"c":15991011},{"p":[-175,175,175],"c":15991011},{"p":[-175,175,225],"c":15991011},{"p":[-175,175,275],"c":15991011},{"p":[-225,125,125],"c":15991011},{"p":[-175,125,125],"c":15991011},{"p":[-125,125,175],"c":15991011},{"p":[-125,125,225],"c":15991011},{"p":[-125,125,275],"c":15991011},{"p":[-175,125,325],"c":15991011},{"p":[-225,125,325],"c":15991011},{"p":[-225,75,275],"c":15991011},{"p":[-175,75,275],"c":15991011},{"p":[-175,75,225],"c":15991011},{"p":[-175,75,175],"c":15991011},{"p":[-225,75,175],"c":15991011}];

var helKylling = [{"p":[25,25,125],"c":16248576},{"p":[25,25,75],"c":16248576},{"p":[25,25,25],"c":16248576},{"p":[75,25,125],"c":16248576},{"p":[75,25,75],"c":16248576},{"p":[75,25,25],"c":16248576},{"p":[125,25,125],"c":16248576},{"p":[125,25,75],"c":16248576},{"p":[125,25,25],"c":16248576},{"p":[25,75,75],"c":16248576},{"p":[25,25,-75],"c":16248576},{"p":[75,25,-75],"c":16248576},{"p":[125,25,-75],"c":16248576},{"p":[25,25,-125],"c":16248576},{"p":[25,25,-175],"c":16248576},{"p":[75,25,-125],"c":16248576},{"p":[75,25,-175],"c":16248576},{"p":[125,25,-125],"c":16248576},{"p":[125,25,-175],"c":16248576},{"p":[25,75,-125],"c":16248576},{"p":[25,125,75],"c":16777215},{"p":[25,125,25],"c":16777215},{"p":[25,125,-25],"c":16777215},{"p":[25,125,-75],"c":16777215},{"p":[25,125,-125],"c":16777215},{"p":[75,125,75],"c":16777215},{"p":[75,125,25],"c":16777215},{"p":[75,125,-25],"c":16777215},{"p":[75,125,-75],"c":16777215},{"p":[75,125,-125],"c":16777215},{"p":[-25,125,-125],"c":16777215},{"p":[-25,125,-75],"c":16777215},{"p":[-25,125,-25],"c":16777215},{"p":[-25,125,25],"c":16777215},{"p":[-25,125,75],"c":16777215},{"p":[-75,125,-125],"c":16777215},{"p":[-75,125,-75],"c":16777215},{"p":[-75,125,-25],"c":16777215},{"p":[-75,125,25],"c":16777215},{"p":[-75,125,75],"c":16777215},{"p":[75,175,-125],"c":16777215},{"p":[-75,175,-125],"c":16777215},{"p":[-75,175,-75],"c":16777215},{"p":[-75,175,-25],"c":16777215},{"p":[-75,175,25],"c":16777215},{"p":[75,175,75],"c":16777215},{"p":[-75,175,75],"c":16777215},{"p":[75,225,-125],"c":16777215},{"p":[-75,225,-125],"c":16777215},{"p":[-75,225,-75],"c":16777215},{"p":[-75,225,-25],"c":16777215},{"p":[-75,225,25],"c":16777215},{"p":[75,225,75],"c":16777215},{"p":[-75,225,75],"c":16777215},{"p":[25,225,125],"c":16777215},{"p":[-25,225,125],"c":16777215},{"p":[-75,225,125],"c":16777215},{"p":[-125,225,125],"c":16777215},{"p":[25,175,125],"c":16777215},{"p":[-25,175,125],"c":16777215},{"p":[-75,175,125],"c":16777215},{"p":[-125,175,125],"c":16777215},{"p":[25,225,-175],"c":16777215},{"p":[-25,225,-175],"c":16777215},{"p":[-75,225,-175],"c":16777215},{"p":[-125,225,-175],"c":16777215},{"p":[25,175,-175],"c":16777215},{"p":[-25,175,-175],"c":16777215},{"p":[-75,175,-175],"c":16777215},{"p":[-125,175,-175],"c":16777215},{"p":[125,225,25],"c":16777215},{"p":[125,225,-75],"c":16777215},{"p":[125,175,25],"c":16777215},{"p":[125,175,-25],"c":16777215},{"p":[125,175,-75],"c":16777215},{"p":[175,225,25],"c":16248576},{"p":[175,225,-25],"c":16248576},{"p":[175,225,-75],"c":16248576},{"p":[225,225,25],"c":16248576},{"p":[225,225,-25],"c":16248576},{"p":[225,225,-75],"c":16248576},{"p":[175,175,-25],"c":15990784},{"p":[125,275,25],"c":2236962},{"p":[125,275,-75],"c":2236962},{"p":[125,275,-25],"c":16777215},{"p":[125,325,25],"c":16777215},{"p":[125,325,-25],"c":16777215},{"p":[125,325,-75],"c":16777215},{"p":[75,275,25],"c":16777215},{"p":[75,325,25],"c":16777215},{"p":[75,275,-75],"c":16777215},{"p":[75,325,-75],"c":16777215},{"p":[25,275,25],"c":16777215},{"p":[25,325,25],"c":16777215},{"p":[25,275,-75],"c":16777215},{"p":[25,325,-75],"c":16777215},{"p":[75,325,-25],"c":16777215},{"p":[25,325,-25],"c":16777215},{"p":[25,225,75],"c":16777215},{"p":[-25,225,75],"c":16777215},{"p":[-25,225,25],"c":16777215},{"p":[-25,225,-25],"c":16777215},{"p":[-25,225,-75],"c":16777215},{"p":[-25,225,-125],"c":16777215},{"p":[25,225,-125],"c":16777215},{"p":[25,275,-25],"c":16777215}];

return {
  fod : Scoring.find(fod, false, wsColor).length &gt;= 2 ? 1 : 0,
  fod_farve : Scoring.find(fod, true, wsColor).length &gt;= 2 ? 1 : 0,
  hovede : Scoring.find(hovede, false, wsColor).length &gt; 0 ? 1 : 0,
  hoved_farver : Scoring.find(hovede, true, wsColor).length &gt; 0 ? 1 : 0,
  naeb: Scoring.find(naeb, false, wsColor).length &gt; 0 ? 1 : 0,
  naeb_farver: Scoring.find(naeb, true, wsColor).length &gt; 0 ? 1 : 0,
  krop: Scoring.find(krop, false, wsColor).length &gt; 0 ? 1 : 0,
  vinger: Scoring.find(vinger, false, wsColor).length &gt; 0 ? 1 : 0,
  vinger_farve: Scoring.find(vinger, true, wsColor).length &gt; 0 ? 1 : 0,
  hel_kylling: Scoring.find(helKylling, false, wsColor).length &gt; 0 ? 1 : 0,
  hel_kylling_farve: Scoring.find(helKylling, true, wsColor).length &gt; 0 ? 1 : 0,
  alle_farver: (Scoring.find([{"p":[25,25,125],"c":16248576}]).length
    &amp;&amp; Scoring.find([{"p":[25,25,125],"c":16777215}]).length
    &amp;&amp; Scoring.find([{"p":[25,25,125],"c":2236962}]).length
    &amp;&amp; Scoring.find([{"p":[25,25,125],"c":15990784}]).length) ? 1 : 0
};
}</property>
            </properties>
            <markup xmlns="http://www.w3.org/1999/xhtml">
              <div class="voxelcraft">
</div>
            </markup>
          </portableCustomInteraction>
        </customInteraction>
      </div>
    </div>
  </itemBody>
  <responseProcessing template="http://www.imsglobal.org/question/qti_v2p2/rptemplates/match_correct"/>
</assessmentItem>
