<?xml version="1.0" encoding="UTF-8"?>
<assessmentItem xmlns="http://www.imsglobal.org/xsd/imsqti_v2p2" xmlns:m="http://www.w3.org/1998/Math/MathML" xmlns:xsi="http://www.w3.org/2001/XMLSchema-instance" xsi:schemaLocation="http://www.imsglobal.org/xsd/imsqti_v2p2 http://www.imsglobal.org/xsd/qti/qtiv2p2/imsqti_v2p2.xsd" identifier="i154738220017401880" title="0. Slutside" label="0. Slutside" xml:lang="da-DK" adaptive="false" timeDependent="false" toolName="TAO" toolVersion="3.3.0-RC02">
  <itemBody>
    <div class="grid-row">
      <div class="col-12">
        <h4>Alle opgaverne på museet er klaret. </h4>
        <h6>Tak for din indsats!</h6>
      </div>
    </div>
  </itemBody>
  <responseProcessing/>
</assessmentItem>
