<?xml version="1.0" encoding="UTF-8"?>
<assessmentItem xmlns="http://www.imsglobal.org/xsd/imsqti_v2p2" xmlns:m="http://www.w3.org/1998/Math/MathML" xmlns:xsi="http://www.w3.org/2001/XMLSchema-instance" xsi:schemaLocation="http://www.imsglobal.org/xsd/imsqti_v2p2 http://www.imsglobal.org/xsd/qti/qtiv2p2/imsqti_v2p2.xsd" identifier="i156050531280079823" title="Intro" label="Intro" xml:lang="da-DK" adaptive="false" timeDependent="false" toolName="TAO" toolVersion="3.3.0-RC02">
  <itemBody>
    <div class="grid-row">
      <div class="col-12">
        <h4>Dette er en vejledning</h4>
        <h5>Du skal snart løse nogle opgaver på computer. Der er fx opgaver, hvor du skal:<br/>
• indrette rum<br/>
• bygge figurer med klodser<br/>
• deltage i en brainstorm<br/>
• tegne vej på et kort<br/>
• lave tidsplaner</h5>
        <h6>Du skal nu prøve hver af disse typer opgaver sammen med klassen. Din lærer følger jer igennem opgaverne. Når I har været igennem de fem opgaver, kan I starte på de rigtige opgaver.<br/>
Klik på <img src="næste.png" alt="n ste" width="9%"/>
 nederst til højre, når din lærer siger til.</h6>
      </div>
    </div>
  </itemBody>
  <responseProcessing/>
</assessmentItem>
