<?xml version="1.0" encoding="UTF-8"?>
<assessmentItem xmlns="http://www.imsglobal.org/xsd/imsqti_v2p2" xmlns:html5="html5" xmlns:m="http://www.w3.org/1998/Math/MathML" xmlns:pci="http://www.imsglobal.org/xsd/portableCustomInteraction" xmlns:xsi="http://www.w3.org/2001/XMLSchema-instance" xsi:schemaLocation="http://www.imsglobal.org/xsd/imsqti_v2p2 http://www.imsglobal.org/xsd/qti/qtiv2p2/imsqti_v2p2.xsd" identifier="i15433988814868866" title="4.minigolf" label="Rum" xml:lang="da-DK" adaptive="false" timeDependent="false" toolName="TAO" toolVersion="3.3.0-RC02">
  <responseDeclaration identifier="RESPONSE" cardinality="single" baseType="string"/>
  <outcomeDeclaration identifier="SCORE" cardinality="single" baseType="float"/>
  <stylesheet href="style/custom/tao-user-styles.css" type="text/css" media="all" title=""/>
  <itemBody>
    <div class="grid-row">
      <div class="col-12">
        <h4>I denne type opgave skal du indrette rum</h4>
        <h5>• Træk en af tingene foroven ned i byggerummet.<br/>
• Dobbeltklik på en ting, hvis du vil vende den om. Du kan også klikke på den og så bruge piletasterne til at vende den.<br/>
• Træk ting rundt i byggerummet, hvis de skal stå et andet sted.<br/>
• Nogle ting snapper til hinanden, fx enderne uden bander på to banestykker. I et rum kan en reol fx snappe til en væg.<br/>
• Zoom ind og ud ved at rulle på musehjulet eller din trackpad, imens <img src="pil2.svg" alt="pil2" width="20" height="32"/>
 er i byggerummet.<br/>
• Klik på de to pile nederst, hvis du vil dreje kameraet.<br/>
• Hold venstre museknap eller trakpad nede og bevæg <img src="pil2.svg" alt="pil2" width="20" height="32"/>
 rundt, hvis du vil flytte rundt på kameraet.</h5>
        <h6>Prøv nu at bygge en minigolfbane.</h6>
      </div>
    </div>
    <div class="grid-row">
      <div class="col-12">
        <customInteraction responseIdentifier="RESPONSE">
          <portableCustomInteraction xmlns="http://www.imsglobal.org/xsd/portableCustomInteraction" customInteractionTypeIdentifier="theroom" hook="theroom/runtime/theroom.amd.js" version="0.0.12">
            <resources>
              <libraries>
                <lib id="IMSGlobal/jquery_2_1_1"/>
              </libraries>
              <stylesheets>
                <link href="theroom/runtime/css/base.css" type="text/css" title="base"/>
              </stylesheets>
              <mediaFiles>
                <file src="theroom/runtime/assets/download.png" type="image/png"/>
                <file src="theroom/runtime/css/img/download.png" type="image/png"/>
              </mediaFiles>
            </resources>
            <properties>
              <property key="excersize">minigolf.json</property>
              <property key="gameurl">https://surveyinfo.au.dk/pci-external/open-tao-pcis/theroom/runtime/theroom.html</property>
              <property key="exercise">minigolf.json</property>
            </properties>
            <markup xmlns="http://www.w3.org/1999/xhtml">
              <div class="theroom">
</div>
            </markup>
          </portableCustomInteraction>
        </customInteraction>
      </div>
    </div>
  </itemBody>
  <responseProcessing template="http://www.imsglobal.org/question/qti_v2p2/rptemplates/match_correct"/>
</assessmentItem>
