<?xml version="1.0" encoding="UTF-8"?>
<assessmentItem xmlns="http://www.imsglobal.org/xsd/imsqti_v2p2" xmlns:m="http://www.w3.org/1998/Math/MathML" xmlns:xsi="http://www.w3.org/2001/XMLSchema-instance" xsi:schemaLocation="http://www.imsglobal.org/xsd/imsqti_v2p2 http://www.imsglobal.org/xsd/qti/qtiv2p2/imsqti_v2p2.xsd" identifier="i155048387089462533" title="4.2 Diagram" label="4.2 Diagram" xml:lang="da-DK" adaptive="false" timeDependent="false" toolName="TAO" toolVersion="3.3.0-RC02">
  <responseDeclaration identifier="RESPONSE" cardinality="single" baseType="identifier">
    <correctResponse>
      <value><![CDATA[choice_3]]></value>
    </correctResponse>
  </responseDeclaration>
  <outcomeDeclaration identifier="SCORE" cardinality="single" baseType="float" normalMaximum="1"/>
  <outcomeDeclaration identifier="MAXSCORE" cardinality="single" baseType="float">
    <defaultValue>
      <value>1</value>
    </defaultValue>
  </outcomeDeclaration>
  <itemBody>
    <div class="grid-row">
      <div class="col-12">
        <h4>
          <img src="figurer_forlystelsespark.png" alt="figurer_forlystelsespark" width="100%"/>
        </h4>
        <h6>Hvad viser de to figurer?</h6>
      </div>
    </div>
    <div class="grid-row">
      <div class="col-12">
        <choiceInteraction responseIdentifier="RESPONSE" shuffle="true" maxChoices="1" minChoices="0" orientation="vertical">
          <simpleChoice identifier="choice_1" fixed="false" showHide="show">Jo ældre man bliver, jo mere uhyggeligt synes man Draculas slot er.</simpleChoice>
          <simpleChoice identifier="choice_2" fixed="false" showHide="show">Der er ingen sammenhæng mellem alder, og hvor uhyggeligt man synes Draculas slot er.</simpleChoice>
          <simpleChoice identifier="choice_3" fixed="false" showHide="show">Jo ældre man bliver, jo mindre uhyggeligt synes man Draculas slot er.</simpleChoice>
        </choiceInteraction>
      </div>
    </div>
  </itemBody>
  <responseProcessing template="http://www.imsglobal.org/question/qti_v2p2/rptemplates/match_correct"/>
</assessmentItem>
