<?xml version="1.0" encoding="UTF-8"?>
<assessmentItem xmlns="http://www.imsglobal.org/xsd/imsqti_v2p2" xmlns:m="http://www.w3.org/1998/Math/MathML" xmlns:xsi="http://www.w3.org/2001/XMLSchema-instance" xsi:schemaLocation="http://www.imsglobal.org/xsd/imsqti_v2p2 http://www.imsglobal.org/xsd/qti/qtiv2p2/imsqti_v2p2.xsd" identifier="i1543242254713739" title="0. Introtekst" label="0. Introside" xml:lang="da-DK" adaptive="false" timeDependent="false" toolName="TAO" toolVersion="3.3.0-RC02">
  <stylesheet href="style/custom/tao-user-styles.css" type="text/css" media="all" title=""/>
  <itemBody>
    <div class="grid-row">
      <div class="col-12">
        <h4>Du er ejer af en campingplads i Danmark. Det er snart sommer. I har derfor travlt med at blive klar til, at gæsterne kommer.<br/>
Du har ansvaret for, at de ansatte kender deres opgaver. Og du skal sørge for, at alle gæsterne har en god oplevelse.</h4>
        <h6>
          <img src="assets/f6c90cc75d414250bbde7.jpeg" alt="telt" width="100%" type="application/octet-stream"/>
        </h6>
        <p> </p>
      </div>
    </div>
  </itemBody>
  <responseProcessing/>
</assessmentItem>
