<?xml version="1.0" encoding="UTF-8"?>
<assessmentItem xmlns="http://www.imsglobal.org/xsd/imsqti_v2p2" xmlns:html5="html5" xmlns:m="http://www.w3.org/1998/Math/MathML" xmlns:pci="http://www.imsglobal.org/xsd/portableCustomInteraction" xmlns:xsi="http://www.w3.org/2001/XMLSchema-instance" xsi:schemaLocation="http://www.imsglobal.org/xsd/imsqti_v2p2 http://www.imsglobal.org/xsd/qti/qtiv2p2/imsqti_v2p2.xsd" identifier="i15368264641425194" title="2. Brainstorm" label="2. Brainstorm" xml:lang="en-US" adaptive="false" timeDependent="false" toolName="TAO" toolVersion="3.3.0-RC02">
  <responseDeclaration identifier="RESPONSE" cardinality="single" baseType="string"/>
  <outcomeDeclaration identifier="SCORE" cardinality="single" baseType="float"/>
  <stylesheet href="style/custom/tao-user-styles.css" type="text/css" media="all" title=""/>
  <itemBody>
    <div class="grid-row">
      <div class="col-12">
        <h4>You have to brainstorm a lot of ideas for the exhibit along with the students. You have to come up with ideas for:<br/>
• What should be shown about the viking age in the exhibition<br/>
• How it should be shown<br/>
• Ways to participate in the exhibit.</h4>
        <h6>Write in the space below. Click "Enter", every time you have written an idea. While you are writing, you can see other students' ideas on the screen. Click on the text in the big area, when you are ready to brainstorm. Go to the next task, when you cannot come up with anymore ideas. You will automatically go on after 3 minutes.</h6>
      </div>
    </div>
    <div class="grid-row">
      <div class="col-12">
        <customInteraction responseIdentifier="RESPONSE">
          <portableCustomInteraction xmlns="http://www.imsglobal.org/xsd/portableCustomInteraction" customInteractionTypeIdentifier="brainstorm" hook="brainstorm/runtime/brainstorm.amd.js" version="0.1.12">
            <resources>
              <libraries>
                <lib id="IMSGlobal/jquery_2_1_1"/>
              </libraries>
              <stylesheets>
                <link href="brainstorm/runtime/css/base.css" type="text/css" title="base"/>
                <link href="brainstorm/runtime/css/brainstorm.css" type="text/css" title="brainstorm"/>
              </stylesheets>
              <mediaFiles>
                <file src="brainstorm/runtime/assets/download.png" type="image/png"/>
                <file src="brainstorm/runtime/css/img/download.png" type="image/png"/>
              </mediaFiles>
            </resources>
            <properties>
              <property key="nickname">Dig</property>
              <property key="messages">5;Anne;darkred;A big collection of axes
10;Cal;green;A film about how the vikings lived
14;Michael;#00a8a7;Build axes
19;Andrea;blue;Look at the vikings in VR
25;Louise;purple;Show the vikings' clothes
30;Thomas;navy; Bake flat bread
36;Iqbal;#FF00FF;Make jewelery
43;Carly; #008080;Role play
50;Sophie;#00FFFF;Helmets
Runic letter games 64;Andrea;blue;Sword fight
74;Anne;darkred;Make mead
84;Thomas;navy;Try on viking clothing
94;Cal;green;Audio book
104;Iqbal;#FF00FF;Shields
114;Sophie;#00FFFF;Drinking horns
124;Nasim;#FF5733;Watch the cartoon Valhalla
134;Karly;#008080;Sew clothing
144;Cal;green;Viking games
154;Louise;purple;Cut figureheads
164;Michael;#00a8a7;Paint a shield</property>
              <property key="timeLimit">180</property>
              <property key="startText">Click here when you are ready to continue</property>
              <property key="endText">Time is out. Go to next task.</property>
            </properties>
            <markup xmlns="http://www.w3.org/1999/xhtml">
              <div class="brainstorm">
                <div class="chat"/>
                <input class="prompt"/>
              </div>
            </markup>
          </portableCustomInteraction>
        </customInteraction>
      </div>
    </div>
  </itemBody>
  <responseProcessing template="http://www.imsglobal.org/question/qti_v2p2/rptemplates/match_correct"/>
</assessmentItem>
