<?xml version="1.0" encoding="UTF-8"?>
<assessmentItem xmlns="http://www.imsglobal.org/xsd/imsqti_v2p2" xmlns:m="http://www.w3.org/1998/Math/MathML" xmlns:xsi="http://www.w3.org/2001/XMLSchema-instance" xsi:schemaLocation="http://www.imsglobal.org/xsd/imsqti_v2p2 http://www.imsglobal.org/xsd/qti/qtiv2p2/imsqti_v2p2.xsd" identifier="i1560756171849710070" title="testinterface" label="testinterface" xml:lang="da-DK" adaptive="false" timeDependent="false" toolName="TAO" toolVersion="3.3.0-RC02">
  <stylesheet href="style/custom/tao-user-styles.css" type="text/css" media="all" title=""/>
  <itemBody>
    <div class="grid-row">
      <div class="col-12">
        <h4>Hver opgave består af forskellige områder</h4>
        <h5>• I det øverste område står der, hvad opgaven handler om.<br/>
• I det nederste område kan du løse opgaven.<br/>
• Statuslinjen øverst til højre viser dig, hvor langt du er i modulet. Et modul er en historie med ca. 10 opgaver. Det kan fx være opgaver på en campingplads.<br/>
• Næste-knappen nederst til højre fører dig videre til næste opgave, når du klikker på den. Du kan ikke gå tilbage. Du skal derfor være sikker på, at du er færdig med opgaven.<br/>
<img src="testinterface.png" alt="testinterface" width="100%"/>
</h5>
        <h6>Hvis du klikker på <img src="næste.png" alt="n ste" width="9%"/>
 nu, kan du prøve at løse opgaven.</h6>
      </div>
    </div>
  </itemBody>
  <responseProcessing/>
</assessmentItem>
