<?xml version="1.0" encoding="UTF-8"?>
<assessmentItem xmlns="http://www.imsglobal.org/xsd/imsqti_v2p2" xmlns:m="http://www.w3.org/1998/Math/MathML" xmlns:xsi="http://www.w3.org/2001/XMLSchema-instance" xsi:schemaLocation="http://www.imsglobal.org/xsd/imsqti_v2p2 http://www.imsglobal.org/xsd/qti/qtiv2p2/imsqti_v2p2.xsd" identifier="i154443073669691849" title="0. Sluttekst" label="0. Final page" xml:lang="da-DK" adaptive="false" timeDependent="false" toolName="TAO" toolVersion="3.3.0-RC02">
  <itemBody>
    <div class="grid-row">
      <div class="col-12">
        <h4>All tasks in the amusement park are done.</h4>
        <h6>Thanks for your effort.</h6>
      </div>
    </div>
  </itemBody>
  <responseProcessing/>
</assessmentItem>
