<?xml version="1.0" encoding="UTF-8"?>
<assessmentItem xmlns="http://www.imsglobal.org/xsd/imsqti_v2p2" xmlns:html5="html5" xmlns:m="http://www.w3.org/1998/Math/MathML" xmlns:pci="http://www.imsglobal.org/xsd/portableCustomInteraction" xmlns:xsi="http://www.w3.org/2001/XMLSchema-instance" xsi:schemaLocation="http://www.imsglobal.org/xsd/imsqti_v2p2 http://www.imsglobal.org/xsd/qti/qtiv2p2/imsqti_v2p2.xsd" identifier="i15434087667146904" title="Teater 18" label="17. Redesign af hytte" xml:lang="da-DK" adaptive="false" timeDependent="false" toolName="TAO" toolVersion="3.3.0-RC02">
  <responseDeclaration identifier="RESPONSE" cardinality="single" baseType="string"/>
  <outcomeDeclaration identifier="SCORE" cardinality="single" baseType="float"/>
  <stylesheet href="style/custom/tao-user-styles.css" type="text/css" media="all" title=""/>
  <itemBody>
    <div class="grid-row">
      <div class="col-12">
        <h4>Der var en hytte med i stykket som rekvisit. Håndværkeren havde travlt, og han lavede derfor en ret simpel hytte. Du skal give hytten nogle detaljer.</h4>
        <h5>Krav:<br/>
• Hytten skal have vinduer<br/>
• Hytten skal have en dør<br/>
• Hytten skal have et tag<br/>
• Hytten skal have en skorsten<br/>
• Hytten skal have et træ udenfor</h5>
        <h6>Tilføj detaljerne til hytten med klodserne nedenfor. Nederst kan du vælge farver, bevæge kameraet, og indsætte og slette klodser.<br/>
</h6>
      </div>
    </div>
    <div class="grid-row">
      <div class="col-12">
        <customInteraction responseIdentifier="RESPONSE">
          <portableCustomInteraction xmlns="http://www.imsglobal.org/xsd/portableCustomInteraction" customInteractionTypeIdentifier="voxelcraft" hook="voxelcraft/runtime/voxelcraft.amd.js" version="0.0.24">
            <resources>
              <libraries>
                <lib id="IMSGlobal/jquery_2_1_1"/>
              </libraries>
              <stylesheets>
                <link href="voxelcraft/runtime/css/base.css" type="text/css" title="base"/>
              </stylesheets>
              <mediaFiles>
                <file src="voxelcraft/runtime/assets/download.png" type="image/png"/>
                <file src="voxelcraft/runtime/css/img/download.png" type="image/png"/>
              </mediaFiles>
            </resources>
            <properties>
              <property key="colors">#f40000
#cc0000
#8B4513
#cc6900
#f7ef00
#afe000
#00b512
#00bfa5
#009bbf
#008af4
#ae00f4
#f400e3
#cccccc
#ffffff
#222222</property>
              <property key="scene">[{"p":[125,25,75],"c":13396224},{"p":[125,25,25],"c":13396224},{"p":[125,25,-25],"c":13396224},{"p":[125,25,-75],"c":13396224},{"p":[125,25,125],"c":13396224},{"p":[125,25,-125],"c":13396224},{"p":[75,25,125],"c":13396224},{"p":[25,25,125],"c":13396224},{"p":[-25,25,125],"c":13396224},{"p":[-75,25,125],"c":13396224},{"p":[75,25,-125],"c":13396224},{"p":[25,25,-125],"c":13396224},{"p":[-25,25,-125],"c":13396224},{"p":[-75,25,-125],"c":13396224},{"p":[-125,25,-125],"c":13396224},{"p":[-125,25,125],"c":13396224},{"p":[-125,25,75],"c":13396224},{"p":[-125,25,25],"c":13396224},{"p":[-125,25,-25],"c":13396224},{"p":[-125,25,-75],"c":13396224},{"p":[-125,75,125],"c":13396224},{"p":[-125,75,75],"c":13396224},{"p":[-125,75,25],"c":13396224},{"p":[-125,75,-25],"c":13396224},{"p":[-125,75,-75],"c":13396224},{"p":[-125,75,-125],"c":13396224},{"p":[-75,75,-125],"c":13396224},{"p":[-25,75,-125],"c":13396224},{"p":[25,75,-125],"c":13396224},{"p":[75,75,-125],"c":13396224},{"p":[125,75,-125],"c":13396224},{"p":[-75,75,125],"c":13396224},{"p":[-25,75,125],"c":13396224},{"p":[25,75,125],"c":13396224},{"p":[75,75,125],"c":13396224},{"p":[125,75,125],"c":13396224},{"p":[125,75,75],"c":13396224},{"p":[125,75,25],"c":13396224},{"p":[125,75,-25],"c":13396224},{"p":[125,75,-75],"c":13396224},{"p":[-125,125,125],"c":13396224},{"p":[-125,125,75],"c":13396224},{"p":[-125,125,25],"c":13396224},{"p":[-125,125,-25],"c":13396224},{"p":[-125,125,-75],"c":13396224},{"p":[-125,125,-125],"c":13396224},{"p":[-75,125,-125],"c":13396224},{"p":[-25,125,-125],"c":13396224},{"p":[25,125,-125],"c":13396224},{"p":[75,125,-125],"c":13396224},{"p":[125,125,-125],"c":13396224},{"p":[125,125,-75],"c":13396224},{"p":[125,125,-25],"c":13396224},{"p":[125,125,25],"c":13396224},{"p":[125,125,75],"c":13396224},{"p":[-75,125,125],"c":13396224},{"p":[-25,125,125],"c":13396224},{"p":[25,125,125],"c":13396224},{"p":[75,125,125],"c":13396224},{"p":[125,125,125],"c":13396224}]</property>
              <property key="gameUrl">https://surveyinfo.au.dk/pci-external/open-tao-pcis/voxelcraft/game/</property>
              <property key="scoring"></property>
            </properties>
            <markup xmlns="http://www.w3.org/1999/xhtml">
              <div class="voxelcraft">
</div>
            </markup>
          </portableCustomInteraction>
        </customInteraction>
      </div>
    </div>
  </itemBody>
  <responseProcessing template="http://www.imsglobal.org/question/qti_v2p2/rptemplates/match_correct"/>
</assessmentItem>
