<?xml version="1.0" encoding="UTF-8"?>
<assessmentItem xmlns="http://www.imsglobal.org/xsd/imsqti_v2p2" xmlns:html5="html5" xmlns:m="http://www.w3.org/1998/Math/MathML" xmlns:pci="http://www.imsglobal.org/xsd/portableCustomInteraction" xmlns:xsi="http://www.w3.org/2001/XMLSchema-instance" xsi:schemaLocation="http://www.imsglobal.org/xsd/imsqti_v2p2 http://www.imsglobal.org/xsd/qti/qtiv2p2/imsqti_v2p2.xsd" identifier="i15368365587970204" title="9. En konflikt mellem to gæster" label="15. En konflikt mellem to gæster" xml:lang="da-DK" adaptive="false" timeDependent="false" toolName="TAO" toolVersion="3.3.0-RC02">
  <responseDeclaration identifier="RESPONSE" cardinality="single" baseType="string"/>
  <outcomeDeclaration identifier="SCORE" cardinality="single" baseType="float"/>
  <stylesheet href="style/custom/tao-user-styles.css" type="text/css" media="all" title=""/>
  <itemBody>
    <div class="grid-row">
      <div class="col-12">
        <h4>Elin og Kurt bor ved siden af hinanden. Kurt synes, at Elin og hendes to børn larmer alt for meget. Elin synes omvendt, at Kurt er sur hele tiden. Du skal komme på idéer til at løse konflikten mellem de to gæster. Du laver en brainstorm med Jan og Jette.<br/>
<img src="assets/a48b7cd65c2de1110023e.jpg" alt="Billede til opg. 15 i camping.jpg" width="20%"/>
</h4>
        <h6>Skriv i feltet nederst. Tryk på 'Enter', hver gang du har skrevet en idé.<br/>
Mens du skriver, kan du se Jan og Jettes idéer på skærmen. Klik på teksten i det store felt, når du er klar til at brainstorme. Gå videre til næste opgave, når du ikke kan komme på flere idéer. Du går automatisk videre efter 3 minutter.</h6>
      </div>
    </div>
    <div class="grid-row">
      <div class="col-12">
        <customInteraction responseIdentifier="RESPONSE">
          <portableCustomInteraction xmlns="http://www.imsglobal.org/xsd/portableCustomInteraction" customInteractionTypeIdentifier="brainstorm" hook="brainstorm/runtime/brainstorm.amd.js" version="0.1.12">
            <resources>
              <libraries>
                <lib id="IMSGlobal/jquery_2_1_1"/>
              </libraries>
              <stylesheets>
                <link href="brainstorm/runtime/css/base.css" type="text/css" title="base"/>
                <link href="brainstorm/runtime/css/brainstorm.css" type="text/css" title="brainstorm"/>
              </stylesheets>
              <mediaFiles>
                <file src="brainstorm/runtime/assets/download.png" type="image/png"/>
                <file src="brainstorm/runtime/css/img/download.png" type="image/png"/>
              </mediaFiles>
            </resources>
            <properties>
              <property key="nickname">Dig</property>
              <property key="messages">05;Jette;red;Lave et stilleområde
10;Jan;green;Hjælp fra en ekspert.
15;Jan;green;Ingen larm om morgenen og om aftenen.
20;Jette;red;Flytte dem begge til et nyt sted på pladsen.
25;Jette;red;Smide folk ud hvis de overtræder reglerne mange gange.
30;Jan;green;Børnefamilierne skal have deres eget område.
37;Jan;green;Opfordre alle til at være stille.
44;Jette;red;Spørge en konfliktmægler om råd.
51;Jette;red;Snakke med dem begge.
58;Jan;green;De enlige skal have deres eget område.
65;Jette;red;Lave regler for god opførsel.
75;Jan;green;Opfordre til at gæsterne er overbærende.
85;Jette;red;Lave et sted hvor man må larme.
95;Jette;red; pensionistlejr
105;Jan;green;giv dem en middag sammen
115;Jette;red;få børnene til at undskylde
125;Jan;green;Ingen brok over larm</property>
              <property key="timeLimit">180</property>
              <property key="startText">Klik her, når du er klar til at brainstorme.</property>
              <property key="endText">Tiden er gået. Gå videre til næste opgave.</property>
            </properties>
            <markup xmlns="http://www.w3.org/1999/xhtml">
              <div class="brainstorm">
                <div class="chat"/>
                <input class="prompt"/>
              </div>
            </markup>
          </portableCustomInteraction>
        </customInteraction>
      </div>
    </div>
  </itemBody>
  <responseProcessing template="http://www.imsglobal.org/question/qti_v2p2/rptemplates/match_correct"/>
</assessmentItem>
