<?xml version="1.0" encoding="UTF-8"?>
<assessmentItem xmlns="http://www.imsglobal.org/xsd/imsqti_v2p2" xmlns:m="http://www.w3.org/1998/Math/MathML" xmlns:xsi="http://www.w3.org/2001/XMLSchema-instance" xsi:schemaLocation="http://www.imsglobal.org/xsd/imsqti_v2p2 http://www.imsglobal.org/xsd/qti/qtiv2p2/imsqti_v2p2.xsd" identifier="i1540817162139419" title="3.2. Klage over børnezoo" label="7. Klage over børnezoo" xml:lang="da-DK" adaptive="false" timeDependent="false" toolName="TAO" toolVersion="3.3.0-RC02">
  <responseDeclaration identifier="RESPONSE" cardinality="multiple" baseType="directedPair">
    <correctResponse>
      <value><![CDATA[choice_2 choice_3]]></value>
      <value><![CDATA[choice_1 choice_4]]></value>
      <value><![CDATA[choice_1 choice_5]]></value>
      <value><![CDATA[choice_1 choice_6]]></value>
      <value><![CDATA[choice_2 choice_7]]></value>
    </correctResponse>
    <mapping defaultValue="0">
      <mapEntry mapKey="choice_2 choice_3" mappedValue="1"/>
      <mapEntry mapKey="choice_2 choice_7" mappedValue="1"/>
      <mapEntry mapKey="choice_1 choice_6" mappedValue="1"/>
      <mapEntry mapKey="choice_1 choice_5" mappedValue="1"/>
      <mapEntry mapKey="choice_1 choice_4" mappedValue="1"/>
    </mapping>
  </responseDeclaration>
  <outcomeDeclaration identifier="SCORE" cardinality="single" baseType="float" normalMaximum="5"/>
  <outcomeDeclaration identifier="MAXSCORE" cardinality="single" baseType="float">
    <defaultValue>
      <value>5</value>
    </defaultValue>
  </outcomeDeclaration>
  <itemBody>
    <div class="grid-row">
      <div class="col-12">
        <h4>Mette bor på campingpladsen for femte gang. Hun har sin søn Silas med, som er allergisk over for kaninpels. Hun har derfor klaget over planerne om at bygge en børnezoo.</h4>
        <h6>Der kan være mange grunde til, at Mette er utilfreds med de nye planer. Du skal for hver grund vælge, om det vil gøre Mette irriteret eller ked af det.</h6>
      </div>
    </div>
    <div class="grid-row">
      <div class="col-12">
        <matchInteraction responseIdentifier="RESPONSE" shuffle="true" maxAssociations="0" minAssociations="0">
          <prompt/>
          <simpleMatchSet>
            <simpleAssociableChoice identifier="choice_1" fixed="false" showHide="show" matchMax="0" matchMin="0">Irriteret</simpleAssociableChoice>
            <simpleAssociableChoice identifier="choice_2" fixed="false" showHide="show" matchMax="0" matchMin="0">Ked af det</simpleAssociableChoice>
          </simpleMatchSet>
          <simpleMatchSet>
            <simpleAssociableChoice identifier="choice_3" fixed="false" showHide="show" matchMax="1" matchMin="0">Silas vil føle sig udenfor, fordi han ikke kan lege med de andre børn i børnezooen.</simpleAssociableChoice>
            <simpleAssociableChoice identifier="choice_4" fixed="false" showHide="show" matchMax="1" matchMin="0">Familien skal høre på Silas nyse hele tiden.</simpleAssociableChoice>
            <simpleAssociableChoice identifier="choice_5" fixed="false" showHide="show" matchMax="1" matchMin="0">Silas vil kede sig, fordi han ikke længere kan lege på legepladsen, som børnezooen ligger lige ved siden af.</simpleAssociableChoice>
            <simpleAssociableChoice identifier="choice_6" fixed="false" showHide="show" matchMax="1" matchMin="0">Mette skal bruge mange penge på allergipiller til Silas.</simpleAssociableChoice>
            <simpleAssociableChoice identifier="choice_7" fixed="false" showHide="show" matchMax="1" matchMin="0">Mette har været på campingpladsen i mange år, og hun ville gerne inddrages i planerne.</simpleAssociableChoice>
          </simpleMatchSet>
        </matchInteraction>
      </div>
    </div>
  </itemBody>
  <responseProcessing template="http://www.imsglobal.org/question/qti_v2p2/rptemplates/map_response"/>
</assessmentItem>
