<?xml version="1.0" encoding="UTF-8"?>
<assessmentItem xmlns="http://www.imsglobal.org/xsd/imsqti_v2p2" xmlns:html5="html5" xmlns:m="http://www.w3.org/1998/Math/MathML" xmlns:pci="http://www.imsglobal.org/xsd/portableCustomInteraction" xmlns:xsi="http://www.w3.org/2001/XMLSchema-instance" xsi:schemaLocation="http://www.imsglobal.org/xsd/imsqti_v2p2 http://www.imsglobal.org/xsd/qti/qtiv2p2/imsqti_v2p2.xsd" identifier="i15432360853327733" title="!14. Draw a chicken" label="14. Build a pet" xml:lang="en-US" adaptive="false" timeDependent="false" toolName="TAO" toolVersion="3.3.0-RC02">
  <responseDeclaration identifier="RESPONSE" cardinality="single" baseType="string"/>
  <outcomeDeclaration identifier="SCORE" cardinality="single" baseType="float"/>
  <stylesheet href="style/custom/tao-user-styles.css" type="text/css" media="all" title=""/>
  <itemBody>
    <div class="grid-row">
      <div class="col-12">
        <h4>Before the vernissage you have time for one last task. The vikings had many pets, for example chickens. You are not allowed to keep live animals in the exhibit, but you have chosen to build a chicken.</h4>
        <h5>Requirements:<br/>
• The chicken has to be as big as the drawing. One square on the drawing is equivalent to one block in the building room.<br/>
• The chicken has to have the same colors as the drawing.</h5>
        <h6>Look at the drawing of the chicken from all sides. Then build the chicken. [front;from the side;from above;back]</h6>
        <p>
          <img src="assets/3d4cba1c5c2f27fe04531.png" alt="høne_ortografisk.png" width="100%"/>
        </p>
      </div>
    </div>
    <div class="grid-row">
      <div class="col-12">
        <customInteraction responseIdentifier="RESPONSE">
          <portableCustomInteraction xmlns="http://www.imsglobal.org/xsd/portableCustomInteraction" customInteractionTypeIdentifier="voxelcraft" hook="voxelcraft/runtime/voxelcraft.amd.js" version="0.0.24">
            <resources>
              <libraries>
                <lib id="IMSGlobal/jquery_2_1_1"/>
              </libraries>
              <stylesheets>
                <link href="voxelcraft/runtime/css/base.css" type="text/css" title="base"/>
              </stylesheets>
              <mediaFiles>
                <file src="voxelcraft/runtime/assets/download.png" type="image/png"/>
                <file src="voxelcraft/runtime/css/img/download.png" type="image/png"/>
              </mediaFiles>
            </resources>
            <properties>
              <property key="colors">#cc6900
#cc0000
#f7ef00
#afe000
#00b512
#00bfa5
#009bbf
#008af4
#ae00f4
#f400e3
#f40000
#cccccc
#ffffff
#222222</property>
              <property key="scene"></property>
              <property key="gameUrl">https://surveyinfo.au.dk/pci-external/open-tao-pcis/voxelcraft/game/</property>
              <property key="scoring">function score(){
var wsColor = 15991011;

var foot =
 [{"p":[75,25,125],"c":15991011},{"p":[25,25,125],"c":15991011},{"p":[-25,25,125],"c":15991011},{"p":[-25,25,75],"c":15991011},{"p":[-25,25,25],"c":15991011},{"p":[25,25,75],"c":15991011},{"p":[25,25,25],"c":15991011},{"p":[75,25,75],"c":15991011},{"p":[75,25,25],"c":15991011},{"p":[-25,75,125],"c":16248576},{"p":[-25,75,75],"c":16248576},{"p":[-25,75,25],"c":16248576},{"p":[25,75,125],"c":16248576},{"p":[25,75,75],"c":16248576},{"p":[25,75,25],"c":16248576},{"p":[75,75,125],"c":16248576},{"p":[75,75,75],"c":16248576},{"p":[75,75,25],"c":16248576},{"p":[-25,125,75],"c":16248576},{"p":[-25,125,125],"c":15991011},{"p":[-25,125,25],"c":15991011},{"p":[25,125,25],"c":15991011},{"p":[25,125,75],"c":15991011},{"p":[25,125,125],"c":15991011},{"p":[75,125,25],"c":15991011},{"p":[75,125,75],"c":15991011},{"p":[75,125,125],"c":15991011},{"p":[125,75,25],"c":15991011},{"p":[125,75,75],"c":15991011},{"p":[125,75,125],"c":15991011},{"p":[75,75,-25],"c":15991011},{"p":[25,75,-25],"c":15991011},{"p":[-25,75,-25],"c":15991011},{"p":[75,75,175],"c":15991011},{"p":[25,75,175],"c":15991011},{"p":[-25,75,175],"c":15991011},{"p":[-75,75,25],"c":15991011},{"p":[-75,75,75],"c":15991011},{"p":[-75,75,125],"c":15991011},{"p":[-75,125,75],"c":15991011}];

var feet = [{"p":[75,25,125],"c":15991011},{"p":[25,25,125],"c":15991011},{"p":[-25,25,125],"c":15991011},{"p":[-25,25,75],"c":15991011},{"p":[-25,25,25],"c":15991011},{"p":[25,25,75],"c":15991011},{"p":[25,25,25],"c":15991011},{"p":[75,25,75],"c":15991011},{"p":[75,25,25],"c":15991011},{"p":[-25,75,125],"c":16248576},{"p":[-25,75,75],"c":16248576},{"p":[-25,75,25],"c":16248576},{"p":[25,75,125],"c":16248576},{"p":[25,75,75],"c":16248576},{"p":[25,75,25],"c":16248576},{"p":[75,75,125],"c":16248576},{"p":[75,75,75],"c":16248576},{"p":[75,75,25],"c":16248576},{"p":[-25,125,75],"c":16248576},{"p":[-25,125,125],"c":15991011},{"p":[-25,125,25],"c":15991011},{"p":[25,125,25],"c":15991011},{"p":[25,125,75],"c":15991011},{"p":[25,125,125],"c":15991011},{"p":[75,125,25],"c":15991011},{"p":[75,125,75],"c":15991011},{"p":[75,125,125],"c":15991011},{"p":[125,75,25],"c":15991011},{"p":[125,75,75],"c":15991011},{"p":[125,75,125],"c":15991011},{"p":[75,75,-25],"c":15991011},{"p":[25,75,-25],"c":15991011},{"p":[-25,75,-25],"c":15991011},{"p":[75,75,175],"c":15991011},{"p":[25,75,175],"c":15991011},{"p":[-25,75,175],"c":15991011},{"p":[-75,75,25],"c":15991011},{"p":[-75,75,75],"c":15991011},{"p":[-75,75,125],"c":15991011},{"p":[-75,125,75],"c":15991011},{"p":[-25,25,-75],"c":15991011},{"p":[25,25,-75],"c":15991011},{"p":[75,25,-75],"c":15991011},{"p":[-25,25,-125],"c":15991011},{"p":[25,25,-125],"c":15991011},{"p":[75,25,-125],"c":15991011},{"p":[-25,25,-175],"c":15991011},{"p":[25,25,-175],"c":15991011},{"p":[75,25,-175],"c":15991011},{"p":[-25,75,-75],"c":16248576},{"p":[-25,75,-125],"c":16248576},{"p":[-25,75,-175],"c":16248576},{"p":[25,75,-75],"c":16248576},{"p":[25,75,-125],"c":16248576},{"p":[25,75,-175],"c":16248576},{"p":[75,75,-75],"c":16248576},{"p":[75,75,-125],"c":16248576},{"p":[75,75,-175],"c":16248576},{"p":[-25,125,-125],"c":16248576},{"p":[125,75,-75],"c":15991011},{"p":[125,75,-125],"c":15991011},{"p":[125,75,-175],"c":15991011},{"p":[-25,125,-75],"c":15991011},{"p":[25,125,-75],"c":15991011},{"p":[75,125,-75],"c":15991011},{"p":[-25,125,-175],"c":15991011},{"p":[25,125,-175],"c":15991011},{"p":[75,125,-175],"c":15991011},{"p":[25,125,-125],"c":15991011},{"p":[75,125,-125],"c":15991011},{"p":[75,75,-225],"c":15991011},{"p":[25,75,-225],"c":15991011},{"p":[-25,75,-225],"c":15991011},{"p":[-75,75,-75],"c":15991011},{"p":[-75,75,-125],"c":15991011},{"p":[-75,75,-175],"c":15991011},{"p":[-75,125,-125],"c":15991011}];

var head = 
[{"p":[225,25,275],"c":15991011},{"p":[225,25,225],"c":15991011},{"p":[225,25,175],"c":15991011},{"p":[225,75,275],"c":16777215},{"p":[225,75,225],"c":16777215},{"p":[225,75,175],"c":16777215},{"p":[225,125,275],"c":16777215},{"p":[225,125,175],"c":16777215},{"p":[225,175,275],"c":2236962},{"p":[225,175,225],"c":16777215},{"p":[225,175,175],"c":2236962},{"p":[225,225,275],"c":16777215},{"p":[225,225,225],"c":16777215},{"p":[225,225,175],"c":16777215},{"p":[175,175,175],"c":16777215},{"p":[175,175,275],"c":16777215},{"p":[175,225,175],"c":16777215},{"p":[175,225,225],"c":16777215},{"p":[175,225,275],"c":16777215},{"p":[125,175,175],"c":16777215},{"p":[125,175,225],"c":16777215},{"p":[125,175,275],"c":16777215},{"p":[125,225,175],"c":16777215},{"p":[125,225,225],"c":16777215},{"p":[125,225,275],"c":16777215},{"p":[275,75,275],"c":15991011},{"p":[275,75,175],"c":15991011},{"p":[275,175,275],"c":15991011},{"p":[275,175,225],"c":15991011},{"p":[275,175,175],"c":15991011},{"p":[275,225,275],"c":15991011},{"p":[275,225,225],"c":15991011},{"p":[275,225,175],"c":15991011},{"p":[125,275,175],"c":15991011},{"p":[175,275,175],"c":15991011},{"p":[225,275,175],"c":15991011},{"p":[125,275,225],"c":15991011},{"p":[175,275,225],"c":15991011},{"p":[225,275,225],"c":15991011},{"p":[125,275,275],"c":15991011},{"p":[175,275,275],"c":15991011},{"p":[225,275,275],"c":15991011},{"p":[225,75,325],"c":15991011},{"p":[225,125,325],"c":15991011},{"p":[225,175,325],"c":15991011},{"p":[225,225,325],"c":15991011},{"p":[175,175,325],"c":15991011},{"p":[175,225,325],"c":15991011},{"p":[125,175,325],"c":15991011},{"p":[125,225,325],"c":15991011},{"p":[225,75,125],"c":15991011},{"p":[225,125,125],"c":15991011},{"p":[225,175,125],"c":15991011},{"p":[225,225,125],"c":15991011},{"p":[175,175,125],"c":15991011},{"p":[175,225,125],"c":15991011},{"p":[125,175,125],"c":15991011},{"p":[125,225,125],"c":15991011},{"p":[75,175,275],"c":15991011},{"p":[75,225,275],"c":15991011},{"p":[75,175,225],"c":15991011},{"p":[75,225,225],"c":15991011},{"p":[75,175,175],"c":15991011},{"p":[75,225,175],"c":15991011}];

var body =
[{"p":[125,25,125],"c":15991011},{"p":[125,25,75],"c":15991011},{"p":[125,25,25],"c":15991011},{"p":[125,25,-25],"c":15991011},{"p":[125,25,-75],"c":15991011},{"p":[-25,25,-75],"c":15991011},{"p":[25,25,-75],"c":15991011},{"p":[-25,25,-25],"c":15991011},{"p":[25,25,-25],"c":15991011},{"p":[75,25,-25],"c":15991011},{"p":[-25,25,25],"c":15991011},{"p":[25,25,25],"c":15991011},{"p":[75,25,25],"c":15991011},{"p":[-25,25,75],"c":15991011},{"p":[25,25,75],"c":15991011},{"p":[75,25,75],"c":15991011},{"p":[-25,25,125],"c":15991011},{"p":[25,25,125],"c":15991011},{"p":[75,75,125],"c":16777215},{"p":[75,75,-75],"c":16777215},{"p":[125,75,-75],"c":16777215},{"p":[125,75,-25],"c":16777215},{"p":[125,75,25],"c":16777215},{"p":[125,75,75],"c":16777215},{"p":[125,75,125],"c":16777215},{"p":[25,75,-75],"c":16777215},{"p":[-25,75,-75],"c":16777215},{"p":[-25,75,-25],"c":16777215},{"p":[-25,75,25],"c":16777215},{"p":[-25,75,75],"c":16777215},{"p":[-25,75,125],"c":16777215},{"p":[25,75,125],"c":16777215},{"p":[25,75,-25],"c":16777215},{"p":[75,75,-25],"c":16777215},{"p":[25,75,25],"c":16777215},{"p":[25,75,75],"c":16777215},{"p":[-25,125,-75],"c":16777215},{"p":[-25,125,-25],"c":16777215},{"p":[-25,125,25],"c":16777215},{"p":[-25,125,75],"c":16777215},{"p":[-25,125,125],"c":16777215},{"p":[-25,175,-75],"c":16777215},{"p":[-25,175,-25],"c":16777215},{"p":[-25,175,25],"c":16777215},{"p":[-25,175,75],"c":16777215},{"p":[-25,175,125],"c":16777215},{"p":[125,125,-75],"c":16777215},{"p":[125,175,-75],"c":16777215},{"p":[125,125,125],"c":16777215},{"p":[125,175,125],"c":16777215},{"p":[25,175,-75],"c":16777215},{"p":[75,175,-75],"c":16777215},{"p":[25,175,125],"c":16777215},{"p":[75,175,125],"c":16777215},{"p":[-25,75,175],"c":15991011},{"p":[25,75,175],"c":15991011},{"p":[75,75,175],"c":15991011},{"p":[125,75,175],"c":15991011},{"p":[125,125,175],"c":15991011},{"p":[125,175,175],"c":15991011},{"p":[125,175,-125],"c":15991011},{"p":[125,125,-125],"c":15991011},{"p":[125,75,-125],"c":15991011},{"p":[75,75,-125],"c":15991011},{"p":[-25,75,-125],"c":15991011},{"p":[-75,75,-75],"c":15991011},{"p":[-75,75,-25],"c":15991011},{"p":[-75,75,25],"c":15991011},{"p":[-75,75,75],"c":15991011},{"p":[-75,75,125],"c":15991011},{"p":[-75,125,-75],"c":15991011},{"p":[-75,125,-25],"c":15991011},{"p":[-75,125,25],"c":15991011},{"p":[-75,125,75],"c":15991011},{"p":[-75,125,125],"c":15991011},{"p":[-75,175,-75],"c":15991011},{"p":[-75,175,-25],"c":15991011},{"p":[-75,175,25],"c":15991011},{"p":[-75,175,75],"c":15991011},{"p":[-75,175,125],"c":15991011},{"p":[175,75,125],"c":15991011},{"p":[175,75,75],"c":15991011},{"p":[175,75,25],"c":15991011},{"p":[175,75,-25],"c":15991011},{"p":[175,75,-75],"c":15991011},{"p":[175,125,-75],"c":15991011},{"p":[175,175,-75],"c":15991011},{"p":[175,125,125],"c":15991011},{"p":[175,175,125],"c":15991011},{"p":[25,175,75],"c":16777215},{"p":[25,175,25],"c":16777215},{"p":[25,175,-25],"c":16777215},{"p":[125,225,-75],"c":15991011},{"p":[75,225,-75],"c":15991011},{"p":[25,225,-75],"c":15991011},{"p":[-25,225,-75],"c":15991011},{"p":[-25,225,-25],"c":15991011},{"p":[25,225,-25],"c":15991011},{"p":[25,225,25],"c":15991011},{"p":[-25,225,25],"c":15991011},{"p":[-25,225,75],"c":15991011},{"p":[25,225,75],"c":15991011},{"p":[125,225,125],"c":15991011},{"p":[75,225,125],"c":15991011},{"p":[25,225,125],"c":15991011},{"p":[-25,225,125],"c":15991011},{"p":[75,75,75],"c":16777215},{"p":[75,75,25],"c":16777215},{"p":[25,75,-125],"c":15991011}];

var leftwing = [{"p":[175,25,-225],"c":15991011},{"p":[125,25,-225],"c":15991011},{"p":[75,25,-225],"c":15991011},{"p":[25,25,-225],"c":15991011},{"p":[175,75,-225],"c":16777215},{"p":[125,75,-225],"c":16777215},{"p":[75,75,-225],"c":16777215},{"p":[25,75,-225],"c":16777215},{"p":[175,125,-225],"c":16777215},{"p":[125,125,-225],"c":16777215},{"p":[75,125,-225],"c":16777215},{"p":[25,125,-225],"c":16777215},{"p":[-25,125,-225],"c":15991011},{"p":[-25,75,-225],"c":15991011},{"p":[25,75,-275],"c":15991011},{"p":[75,75,-275],"c":15991011},{"p":[125,75,-275],"c":15991011},{"p":[175,75,-275],"c":15991011},{"p":[25,125,-275],"c":15991011},{"p":[75,125,-275],"c":15991011},{"p":[125,125,-275],"c":15991011},{"p":[175,125,-275],"c":15991011},{"p":[25,175,-225],"c":15991011},{"p":[75,175,-225],"c":15991011},{"p":[125,175,-225],"c":15991011},{"p":[175,175,-225],"c":15991011},{"p":[225,75,-225],"c":15991011},{"p":[225,125,-225],"c":15991011},{"p":[175,125,-175],"c":15991011},{"p":[175,75,-175],"c":15991011}];

var rightwing = [{"p":[125,25,75],"c":15991011},{"p":[75,25,75],"c":15991011},{"p":[25,25,75],"c":15991011},{"p":[175,25,75],"c":15991011},{"p":[25,75,75],"c":16777215},{"p":[75,75,75],"c":16777215},{"p":[125,75,75],"c":16777215},{"p":[25,125,75],"c":16777215},{"p":[75,125,75],"c":16777215},{"p":[125,125,75],"c":16777215},{"p":[175,75,75],"c":16777215},{"p":[175,125,75],"c":16777215},{"p":[-25,75,75],"c":15991011},{"p":[-25,125,75],"c":15991011},{"p":[175,175,75],"c":15991011},{"p":[125,175,75],"c":15991011},{"p":[75,175,75],"c":15991011},{"p":[25,175,75],"c":15991011},{"p":[225,75,75],"c":15991011},{"p":[225,125,75],"c":15991011},{"p":[25,75,125],"c":15991011},{"p":[75,75,125],"c":15991011},{"p":[125,75,125],"c":15991011},{"p":[175,75,125],"c":15991011},{"p":[25,125,125],"c":15991011},{"p":[75,125,125],"c":15991011},{"p":[125,125,125],"c":15991011},{"p":[175,125,125],"c":15991011},{"p":[175,75,25],"c":15991011},{"p":[175,125,25],"c":15991011}];

var wings = [{"p":[175,25,-225],"c":15991011},{"p":[125,25,-225],"c":15991011},{"p":[75,25,-225],"c":15991011},{"p":[25,25,-225],"c":15991011},{"p":[175,75,-225],"c":16777215},{"p":[125,75,-225],"c":16777215},{"p":[75,75,-225],"c":16777215},{"p":[25,75,-225],"c":16777215},{"p":[175,125,-225],"c":16777215},{"p":[125,125,-225],"c":16777215},{"p":[75,125,-225],"c":16777215},{"p":[25,125,-225],"c":16777215},{"p":[-25,125,-225],"c":15991011},{"p":[-25,75,-225],"c":15991011},{"p":[25,75,-275],"c":15991011},{"p":[75,75,-275],"c":15991011},{"p":[125,75,-275],"c":15991011},{"p":[175,75,-275],"c":15991011},{"p":[25,125,-275],"c":15991011},{"p":[75,125,-275],"c":15991011},{"p":[125,125,-275],"c":15991011},{"p":[175,125,-275],"c":15991011},{"p":[25,175,-225],"c":15991011},{"p":[75,175,-225],"c":15991011},{"p":[125,175,-225],"c":15991011},{"p":[175,175,-225],"c":15991011},{"p":[225,75,-225],"c":15991011},{"p":[225,125,-225],"c":15991011},{"p":[175,125,-175],"c":15991011},{"p":[175,75,-175],"c":15991011},{"p":[125,25,75],"c":15991011},{"p":[75,25,75],"c":15991011},{"p":[25,25,75],"c":15991011},{"p":[175,25,75],"c":15991011},{"p":[25,75,75],"c":16777215},{"p":[75,75,75],"c":16777215},{"p":[125,75,75],"c":16777215},{"p":[25,125,75],"c":16777215},{"p":[75,125,75],"c":16777215},{"p":[125,125,75],"c":16777215},{"p":[175,75,75],"c":16777215},{"p":[175,125,75],"c":16777215},{"p":[-25,75,75],"c":15991011},{"p":[-25,125,75],"c":15991011},{"p":[175,175,75],"c":15991011},{"p":[125,175,75],"c":15991011},{"p":[75,175,75],"c":15991011},{"p":[25,175,75],"c":15991011},{"p":[225,75,75],"c":15991011},{"p":[225,125,75],"c":15991011},{"p":[25,75,125],"c":15991011},{"p":[75,75,125],"c":15991011},{"p":[125,75,125],"c":15991011},{"p":[175,75,125],"c":15991011},{"p":[25,125,125],"c":15991011},{"p":[75,125,125],"c":15991011},{"p":[125,125,125],"c":15991011},{"p":[175,125,125],"c":15991011},{"p":[175,75,25],"c":15991011},{"p":[175,125,25],"c":15991011}];

var beak = [{"p":[-225,25,225],"c":15991011},{"p":[-225,75,225],"c":15990784},{"p":[-225,125,225],"c":16248576},{"p":[-225,125,275],"c":16248576},{"p":[-225,125,175],"c":16248576},{"p":[-175,125,175],"c":16248576},{"p":[-175,125,225],"c":16248576},{"p":[-175,125,275],"c":16248576},{"p":[-225,175,175],"c":15991011},{"p":[-225,175,225],"c":15991011},{"p":[-225,175,275],"c":15991011},{"p":[-175,175,175],"c":15991011},{"p":[-175,175,225],"c":15991011},{"p":[-175,175,275],"c":15991011},{"p":[-225,125,125],"c":15991011},{"p":[-175,125,125],"c":15991011},{"p":[-125,125,175],"c":15991011},{"p":[-125,125,225],"c":15991011},{"p":[-125,125,275],"c":15991011},{"p":[-175,125,325],"c":15991011},{"p":[-225,125,325],"c":15991011},{"p":[-225,75,275],"c":15991011},{"p":[-175,75,275],"c":15991011},{"p":[-175,75,225],"c":15991011},{"p":[-175,75,175],"c":15991011},{"p":[-225,75,175],"c":15991011}];

var beak2 = [{"p":[-225,25,225],"c":15991011},{"p":[-225,75,225],"c":13369344},{"p":[-225,125,225],"c":16248576},{"p":[-225,125,275],"c":16248576},{"p":[-225,125,175],"c":16248576},{"p":[-175,125,175],"c":16248576},{"p":[-175,125,225],"c":16248576},{"p":[-175,125,275],"c":16248576},{"p":[-225,175,175],"c":15991011},{"p":[-225,175,225],"c":15991011},{"p":[-225,175,275],"c":15991011},{"p":[-175,175,175],"c":15991011},{"p":[-175,175,225],"c":15991011},{"p":[-175,175,275],"c":15991011},{"p":[-225,125,125],"c":15991011},{"p":[-175,125,125],"c":15991011},{"p":[-125,125,175],"c":15991011},{"p":[-125,125,225],"c":15991011},{"p":[-125,125,275],"c":15991011},{"p":[-175,125,325],"c":15991011},{"p":[-225,125,325],"c":15991011},{"p":[-225,75,275],"c":15991011},{"p":[-175,75,275],"c":15991011},{"p":[-175,75,225],"c":15991011},{"p":[-175,75,175],"c":15991011},{"p":[-225,75,175],"c":15991011}];

var wholechicken = [{"p":[-125,25,175],"c":15991011},{"p":[-75,25,175],"c":15991011},{"p":[-25,25,175],"c":15991011},{"p":[-125,25,125],"c":15991011},{"p":[-75,25,125],"c":15991011},{"p":[-25,25,125],"c":15991011},{"p":[-125,25,75],"c":15991011},{"p":[-75,25,75],"c":15991011},{"p":[-25,25,75],"c":15991011},{"p":[-125,25,-125],"c":15991011},{"p":[-75,25,-125],"c":15991011},{"p":[-25,25,-125],"c":15991011},{"p":[-125,25,-75],"c":15991011},{"p":[-75,25,-75],"c":15991011},{"p":[-25,25,-75],"c":15991011},{"p":[-125,25,-25],"c":15991011},{"p":[-75,25,-25],"c":15991011},{"p":[-25,25,-25],"c":15991011},{"p":[-125,75,-125],"c":16248576},{"p":[-75,75,-125],"c":16248576},{"p":[-25,75,-125],"c":16248576},{"p":[-125,75,-75],"c":16248576},{"p":[-75,75,-75],"c":16248576},{"p":[-25,75,-75],"c":16248576},{"p":[-125,75,-25],"c":16248576},{"p":[-75,75,-25],"c":16248576},{"p":[-25,75,-25],"c":16248576},{"p":[-125,75,75],"c":16248576},{"p":[-75,75,75],"c":16248576},{"p":[-25,75,75],"c":16248576},{"p":[-125,75,125],"c":16248576},{"p":[-75,75,125],"c":16248576},{"p":[-25,75,125],"c":16248576},{"p":[-125,75,175],"c":16248576},{"p":[-75,75,175],"c":16248576},{"p":[-25,75,175],"c":16248576},{"p":[-125,125,125],"c":16248576},{"p":[-125,125,-75],"c":16248576},{"p":[-125,175,-75],"c":16777215},{"p":[-125,175,125],"c":16777215},{"p":[-75,175,-75],"c":16777215},{"p":[-75,175,125],"c":16777215},{"p":[-175,175,-75],"c":16777215},{"p":[-225,175,-75],"c":16777215},{"p":[-175,175,125],"c":16777215},{"p":[-225,175,125],"c":16777215},{"p":[-75,175,-25],"c":16777215},{"p":[-75,175,25],"c":16777215},{"p":[-75,175,75],"c":16777215},{"p":[-125,175,-25],"c":16777215},{"p":[-125,175,25],"c":16777215},{"p":[-125,175,75],"c":16777215},{"p":[-175,175,-25],"c":16777215},{"p":[-175,175,25],"c":16777215},{"p":[-175,175,75],"c":16777215},{"p":[-225,175,-25],"c":16777215},{"p":[-225,175,25],"c":16777215},{"p":[-225,175,75],"c":16777215},{"p":[-75,225,125],"c":16777215},{"p":[-75,275,125],"c":16777215},{"p":[-225,225,-75],"c":16777215},{"p":[-225,275,-75],"c":16777215},{"p":[-225,225,125],"c":16777215},{"p":[-225,275,125],"c":16777215},{"p":[-225,225,-25],"c":16777215},{"p":[-225,225,25],"c":16777215},{"p":[-225,225,75],"c":16777215},{"p":[-225,275,-25],"c":16777215},{"p":[-225,275,25],"c":16777215},{"p":[-225,275,75],"c":16777215},{"p":[-25,225,-25],"c":16777215},{"p":[-25,225,25],"c":16777215},{"p":[-25,225,75],"c":16777215},{"p":[-25,275,75],"c":16777215},{"p":[-25,275,-25],"c":16777215},{"p":[25,225,25],"c":15990784},{"p":[25,275,-25],"c":16248576},{"p":[25,275,25],"c":16248576},{"p":[25,275,75],"c":16248576},{"p":[-25,325,75],"c":2236962},{"p":[-25,325,-25],"c":2236962},{"p":[-25,325,25],"c":16777215},{"p":[-25,375,-25],"c":16777215},{"p":[-25,375,25],"c":16777215},{"p":[-25,375,75],"c":16777215},{"p":[75,275,-25],"c":16248576},{"p":[75,275,25],"c":16248576},{"p":[75,275,75],"c":16248576},{"p":[-75,325,-25],"c":16777215},{"p":[-125,325,-25],"c":16777215},{"p":[-75,325,75],"c":16777215},{"p":[-125,325,75],"c":16777215},{"p":[-125,325,25],"c":16777215},{"p":[-75,375,-25],"c":16777215},{"p":[-125,375,-25],"c":16777215},{"p":[-75,375,25],"c":16777215},{"p":[-125,375,25],"c":16777215},{"p":[-75,375,75],"c":16777215},{"p":[-125,375,75],"c":16777215},{"p":[-225,275,175],"c":16777215},{"p":[-225,225,175],"c":16777215},{"p":[-175,225,175],"c":16777215},{"p":[-175,275,175],"c":16777215},{"p":[-125,225,175],"c":16777215},{"p":[-125,275,175],"c":16777215},{"p":[-275,225,175],"c":16777215},{"p":[-275,275,175],"c":16777215},{"p":[-125,275,125],"c":16777215},{"p":[-175,275,125],"c":16777215},{"p":[-175,275,-75],"c":16777215},{"p":[-175,275,-25],"c":16777215},{"p":[-175,275,25],"c":16777215},{"p":[-175,275,75],"c":16777215},{"p":[-75,225,-75],"c":16777215},{"p":[-75,275,-75],"c":16777215},{"p":[-125,275,-75],"c":16777215},{"p":[-225,225,-125],"c":16777215},{"p":[-225,275,-125],"c":16777215},{"p":[-275,225,-125],"c":16777215},{"p":[-275,275,-125],"c":16777215},{"p":[-175,225,-125],"c":16777215},{"p":[-175,275,-125],"c":16777215},{"p":[-125,225,-125],"c":16777215},{"p":[-125,275,-125],"c":16777215},{"p":[-25,425,75],"c":15991011},{"p":[-75,425,75],"c":15991011},{"p":[-125,425,75],"c":15991011},{"p":[-25,425,25],"c":15991011},{"p":[-75,425,25],"c":15991011},{"p":[-125,425,25],"c":15991011},{"p":[-25,425,-25],"c":15991011},{"p":[-75,425,-25],"c":15991011},{"p":[-125,425,-25],"c":15991011},{"p":[-75,325,-75],"c":15991011},{"p":[-125,325,-75],"c":15991011},{"p":[-175,325,-75],"c":15991011},{"p":[-225,325,-75],"c":15991011},{"p":[-125,325,-125],"c":15991011},{"p":[-175,325,-125],"c":15991011},{"p":[-225,325,-125],"c":15991011},{"p":[-275,325,-125],"c":15991011},{"p":[-25,375,-75],"c":15991011},{"p":[-75,375,-75],"c":15991011},{"p":[-125,375,-75],"c":15991011},{"p":[-25,225,-75],"c":15991011},{"p":[-25,275,-75],"c":15991011},{"p":[-25,325,-75],"c":15991011},{"p":[-75,175,-125],"c":15991011},{"p":[-75,225,-125],"c":15991011},{"p":[-75,275,-125],"c":15991011},{"p":[-125,225,-175],"c":15991011},{"p":[-175,225,-175],"c":15991011},{"p":[-225,225,-175],"c":15991011},{"p":[-275,225,-175],"c":15991011},{"p":[-125,275,-175],"c":15991011},{"p":[-175,275,-175],"c":15991011},{"p":[-225,275,-175],"c":15991011},{"p":[-275,275,-175],"c":15991011},{"p":[25,325,-25],"c":15991011},{"p":[25,325,25],"c":15991011},{"p":[25,325,75],"c":15991011},{"p":[25,375,-25],"c":15991011},{"p":[25,375,25],"c":15991011},{"p":[25,375,75],"c":15991011},{"p":[75,325,-25],"c":15991011},{"p":[75,325,25],"c":15991011},{"p":[75,325,75],"c":15991011},{"p":[-25,175,125],"c":15991011},{"p":[-25,225,125],"c":15991011},{"p":[-25,275,125],"c":15991011},{"p":[-125,325,125],"c":15991011},{"p":[-75,325,125],"c":15991011},{"p":[-25,325,125],"c":15991011},{"p":[-125,375,125],"c":15991011},{"p":[-75,375,125],"c":15991011},{"p":[-25,375,125],"c":15991011},{"p":[-275,325,175],"c":15991011},{"p":[-225,325,175],"c":15991011},{"p":[-175,325,175],"c":15991011},{"p":[-125,325,175],"c":15991011},{"p":[-75,175,175],"c":15991011},{"p":[-75,225,175],"c":15991011},{"p":[-75,275,175],"c":15991011},{"p":[-25,175,75],"c":15991011},{"p":[-25,175,25],"c":15991011},{"p":[-25,175,-25],"c":15991011},{"p":[-25,175,-75],"c":15991011},{"p":[25,225,75],"c":15991011},{"p":[25,225,-25],"c":15991011},{"p":[75,225,25],"c":15991011},{"p":[125,275,75],"c":15991011},{"p":[125,275,25],"c":15991011},{"p":[125,275,-25],"c":15991011},{"p":[25,175,25],"c":15991011},{"p":[75,225,75],"c":15991011},{"p":[75,225,-25],"c":15991011},{"p":[25,275,-75],"c":15991011},{"p":[75,275,-75],"c":15991011},{"p":[25,275,125],"c":15991011},{"p":[75,275,125],"c":15991011},{"p":[-275,225,225],"c":15991011},{"p":[-225,225,225],"c":15991011},{"p":[-175,225,225],"c":15991011},{"p":[-125,225,225],"c":15991011},{"p":[-275,275,225],"c":15991011},{"p":[-225,275,225],"c":15991011},{"p":[-175,275,225],"c":15991011},{"p":[-125,275,225],"c":15991011},{"p":[-75,125,125],"c":15991011},{"p":[-75,125,75],"c":15991011},{"p":[-75,125,25],"c":15991011},{"p":[-75,125,-25],"c":15991011},{"p":[-75,125,-75],"c":15991011},{"p":[25,75,175],"c":15991011},{"p":[25,75,125],"c":15991011},{"p":[25,75,75],"c":15991011},{"p":[-125,75,25],"c":15991011},{"p":[-75,75,25],"c":15991011},{"p":[-25,75,25],"c":15991011},{"p":[25,75,-25],"c":15991011},{"p":[25,75,-75],"c":15991011},{"p":[25,75,-125],"c":15991011},{"p":[-175,325,-25],"c":15991011},{"p":[-175,325,25],"c":15991011},{"p":[-175,325,75],"c":15991011},{"p":[-175,325,125],"c":15991011},{"p":[-175,375,-25],"c":15991011},{"p":[-175,375,25],"c":15991011},{"p":[-175,375,75],"c":15991011},{"p":[-225,325,-25],"c":15991011},{"p":[-225,325,25],"c":15991011},{"p":[-225,325,75],"c":15991011},{"p":[-225,325,125],"c":15991011},{"p":[-275,275,-75],"c":15991011},{"p":[-275,275,-25],"c":15991011},{"p":[-275,275,25],"c":15991011},{"p":[-275,275,75],"c":15991011},{"p":[-275,275,125],"c":15991011},{"p":[-325,275,-125],"c":15991011},{"p":[-325,225,-125],"c":15991011},{"p":[-325,225,175],"c":15991011},{"p":[-325,275,175],"c":15991011},{"p":[-275,225,-75],"c":15991011},{"p":[-275,225,-25],"c":15991011},{"p":[-275,225,25],"c":15991011},{"p":[-275,225,75],"c":15991011},{"p":[-275,225,125],"c":15991011},{"p":[-125,175,-125],"c":15991011},{"p":[-175,175,-125],"c":15991011},{"p":[-225,175,-125],"c":15991011},{"p":[-275,175,-125],"c":15991011},{"p":[-125,175,175],"c":15991011},{"p":[-175,175,175],"c":15991011},{"p":[-225,175,175],"c":15991011},{"p":[-275,175,175],"c":15991011},{"p":[-175,125,-75],"c":15991011},{"p":[-175,125,-25],"c":15991011},{"p":[-175,125,25],"c":15991011},{"p":[-175,125,75],"c":15991011},{"p":[-175,125,125],"c":15991011},{"p":[-225,125,-75],"c":15991011},{"p":[-225,125,-25],"c":15991011},{"p":[-225,125,25],"c":15991011},{"p":[-225,125,75],"c":15991011},{"p":[-225,125,125],"c":15991011},{"p":[-275,175,-75],"c":15991011},{"p":[-275,175,-25],"c":15991011},{"p":[-275,175,25],"c":15991011},{"p":[-275,175,75],"c":15991011},{"p":[-275,175,125],"c":15991011},{"p":[-175,75,-125],"c":15991011},{"p":[-175,75,-75],"c":15991011},{"p":[-175,75,-25],"c":15991011},{"p":[-175,75,75],"c":15991011},{"p":[-175,75,125],"c":15991011},{"p":[-175,75,175],"c":15991011},{"p":[-125,125,175],"c":15991011},{"p":[-125,75,225],"c":15991011},{"p":[-75,75,225],"c":15991011},{"p":[-25,75,225],"c":15991011},{"p":[-75,125,175],"c":15991011},{"p":[-25,125,175],"c":15991011},{"p":[-25,125,75],"c":15991011},{"p":[-25,125,125],"c":15991011},{"p":[-25,125,-125],"c":15991011},{"p":[-25,125,-75],"c":15991011},{"p":[-25,125,-25],"c":15991011},{"p":[-125,125,-125],"c":15991011},{"p":[-75,125,-125],"c":15991011},{"p":[-25,75,-175],"c":15991011},{"p":[-75,75,-175],"c":15991011},{"p":[-125,75,-175],"c":15991011}];

var wholechicken2 = 
[{"p":[-125,25,175],"c":15991011},{"p":[-75,25,175],"c":15991011},{"p":[-25,25,175],"c":15991011},{"p":[-125,25,125],"c":15991011},{"p":[-75,25,125],"c":15991011},{"p":[-25,25,125],"c":15991011},{"p":[-125,25,75],"c":15991011},{"p":[-75,25,75],"c":15991011},{"p":[-25,25,75],"c":15991011},{"p":[-125,25,-125],"c":15991011},{"p":[-75,25,-125],"c":15991011},{"p":[-25,25,-125],"c":15991011},{"p":[-125,25,-75],"c":15991011},{"p":[-75,25,-75],"c":15991011},{"p":[-25,25,-75],"c":15991011},{"p":[-125,25,-25],"c":15991011},{"p":[-75,25,-25],"c":15991011},{"p":[-25,25,-25],"c":15991011},{"p":[-125,75,-125],"c":16248576},{"p":[-75,75,-125],"c":16248576},{"p":[-25,75,-125],"c":16248576},{"p":[-125,75,-75],"c":16248576},{"p":[-75,75,-75],"c":16248576},{"p":[-25,75,-75],"c":16248576},{"p":[-125,75,-25],"c":16248576},{"p":[-75,75,-25],"c":16248576},{"p":[-25,75,-25],"c":16248576},{"p":[-125,75,75],"c":16248576},{"p":[-75,75,75],"c":16248576},{"p":[-25,75,75],"c":16248576},{"p":[-125,75,125],"c":16248576},{"p":[-75,75,125],"c":16248576},{"p":[-25,75,125],"c":16248576},{"p":[-125,75,175],"c":16248576},{"p":[-75,75,175],"c":16248576},{"p":[-25,75,175],"c":16248576},{"p":[-125,125,125],"c":16248576},{"p":[-125,125,-75],"c":16248576},{"p":[-125,175,-75],"c":16777215},{"p":[-125,175,125],"c":16777215},{"p":[-75,175,-75],"c":16777215},{"p":[-75,175,125],"c":16777215},{"p":[-175,175,-75],"c":16777215},{"p":[-225,175,-75],"c":16777215},{"p":[-175,175,125],"c":16777215},{"p":[-225,175,125],"c":16777215},{"p":[-75,175,-25],"c":16777215},{"p":[-75,175,25],"c":16777215},{"p":[-75,175,75],"c":16777215},{"p":[-125,175,-25],"c":16777215},{"p":[-125,175,25],"c":16777215},{"p":[-125,175,75],"c":16777215},{"p":[-175,175,-25],"c":16777215},{"p":[-175,175,25],"c":16777215},{"p":[-175,175,75],"c":16777215},{"p":[-225,175,-25],"c":16777215},{"p":[-225,175,25],"c":16777215},{"p":[-225,175,75],"c":16777215},{"p":[-75,225,125],"c":16777215},{"p":[-75,275,125],"c":16777215},{"p":[-225,225,-75],"c":16777215},{"p":[-225,275,-75],"c":16777215},{"p":[-225,225,125],"c":16777215},{"p":[-225,275,125],"c":16777215},{"p":[-225,225,-25],"c":16777215},{"p":[-225,225,25],"c":16777215},{"p":[-225,225,75],"c":16777215},{"p":[-225,275,-25],"c":16777215},{"p":[-225,275,25],"c":16777215},{"p":[-225,275,75],"c":16777215},{"p":[-25,225,-25],"c":16777215},{"p":[-25,225,25],"c":16777215},{"p":[-25,225,75],"c":16777215},{"p":[-25,275,75],"c":16777215},{"p":[-25,275,-25],"c":16777215},{"p":[25,225,25],"c":13369344},{"p":[25,275,-25],"c":16248576},{"p":[25,275,25],"c":16248576},{"p":[25,275,75],"c":16248576},{"p":[-25,325,75],"c":2236962},{"p":[-25,325,-25],"c":2236962},{"p":[-25,325,25],"c":16777215},{"p":[-25,375,-25],"c":16777215},{"p":[-25,375,25],"c":16777215},{"p":[-25,375,75],"c":16777215},{"p":[75,275,-25],"c":16248576},{"p":[75,275,25],"c":16248576},{"p":[75,275,75],"c":16248576},{"p":[-75,325,-25],"c":16777215},{"p":[-125,325,-25],"c":16777215},{"p":[-75,325,75],"c":16777215},{"p":[-125,325,75],"c":16777215},{"p":[-125,325,25],"c":16777215},{"p":[-75,375,-25],"c":16777215},{"p":[-125,375,-25],"c":16777215},{"p":[-75,375,25],"c":16777215},{"p":[-125,375,25],"c":16777215},{"p":[-75,375,75],"c":16777215},{"p":[-125,375,75],"c":16777215},{"p":[-225,275,175],"c":16777215},{"p":[-225,225,175],"c":16777215},{"p":[-175,225,175],"c":16777215},{"p":[-175,275,175],"c":16777215},{"p":[-125,225,175],"c":16777215},{"p":[-125,275,175],"c":16777215},{"p":[-275,225,175],"c":16777215},{"p":[-275,275,175],"c":16777215},{"p":[-125,275,125],"c":16777215},{"p":[-175,275,125],"c":16777215},{"p":[-175,275,-75],"c":16777215},{"p":[-175,275,-25],"c":16777215},{"p":[-175,275,25],"c":16777215},{"p":[-175,275,75],"c":16777215},{"p":[-75,225,-75],"c":16777215},{"p":[-75,275,-75],"c":16777215},{"p":[-125,275,-75],"c":16777215},{"p":[-225,225,-125],"c":16777215},{"p":[-225,275,-125],"c":16777215},{"p":[-275,225,-125],"c":16777215},{"p":[-275,275,-125],"c":16777215},{"p":[-175,225,-125],"c":16777215},{"p":[-175,275,-125],"c":16777215},{"p":[-125,225,-125],"c":16777215},{"p":[-125,275,-125],"c":16777215},{"p":[-25,425,75],"c":15991011},{"p":[-75,425,75],"c":15991011},{"p":[-125,425,75],"c":15991011},{"p":[-25,425,25],"c":15991011},{"p":[-75,425,25],"c":15991011},{"p":[-125,425,25],"c":15991011},{"p":[-25,425,-25],"c":15991011},{"p":[-75,425,-25],"c":15991011},{"p":[-125,425,-25],"c":15991011},{"p":[-75,325,-75],"c":15991011},{"p":[-125,325,-75],"c":15991011},{"p":[-175,325,-75],"c":15991011},{"p":[-225,325,-75],"c":15991011},{"p":[-125,325,-125],"c":15991011},{"p":[-175,325,-125],"c":15991011},{"p":[-225,325,-125],"c":15991011},{"p":[-275,325,-125],"c":15991011},{"p":[-25,375,-75],"c":15991011},{"p":[-75,375,-75],"c":15991011},{"p":[-125,375,-75],"c":15991011},{"p":[-25,225,-75],"c":15991011},{"p":[-25,275,-75],"c":15991011},{"p":[-25,325,-75],"c":15991011},{"p":[-75,175,-125],"c":15991011},{"p":[-75,225,-125],"c":15991011},{"p":[-75,275,-125],"c":15991011},{"p":[-125,225,-175],"c":15991011},{"p":[-175,225,-175],"c":15991011},{"p":[-225,225,-175],"c":15991011},{"p":[-275,225,-175],"c":15991011},{"p":[-125,275,-175],"c":15991011},{"p":[-175,275,-175],"c":15991011},{"p":[-225,275,-175],"c":15991011},{"p":[-275,275,-175],"c":15991011},{"p":[25,325,-25],"c":15991011},{"p":[25,325,25],"c":15991011},{"p":[25,325,75],"c":15991011},{"p":[25,375,-25],"c":15991011},{"p":[25,375,25],"c":15991011},{"p":[25,375,75],"c":15991011},{"p":[75,325,-25],"c":15991011},{"p":[75,325,25],"c":15991011},{"p":[75,325,75],"c":15991011},{"p":[-25,175,125],"c":15991011},{"p":[-25,225,125],"c":15991011},{"p":[-25,275,125],"c":15991011},{"p":[-125,325,125],"c":15991011},{"p":[-75,325,125],"c":15991011},{"p":[-25,325,125],"c":15991011},{"p":[-125,375,125],"c":15991011},{"p":[-75,375,125],"c":15991011},{"p":[-25,375,125],"c":15991011},{"p":[-275,325,175],"c":15991011},{"p":[-225,325,175],"c":15991011},{"p":[-175,325,175],"c":15991011},{"p":[-125,325,175],"c":15991011},{"p":[-75,175,175],"c":15991011},{"p":[-75,225,175],"c":15991011},{"p":[-75,275,175],"c":15991011},{"p":[-25,175,75],"c":15991011},{"p":[-25,175,25],"c":15991011},{"p":[-25,175,-25],"c":15991011},{"p":[-25,175,-75],"c":15991011},{"p":[25,225,75],"c":15991011},{"p":[25,225,-25],"c":15991011},{"p":[75,225,25],"c":15991011},{"p":[125,275,75],"c":15991011},{"p":[125,275,25],"c":15991011},{"p":[125,275,-25],"c":15991011},{"p":[25,175,25],"c":15991011},{"p":[75,225,75],"c":15991011},{"p":[75,225,-25],"c":15991011},{"p":[25,275,-75],"c":15991011},{"p":[75,275,-75],"c":15991011},{"p":[25,275,125],"c":15991011},{"p":[75,275,125],"c":15991011},{"p":[-275,225,225],"c":15991011},{"p":[-225,225,225],"c":15991011},{"p":[-175,225,225],"c":15991011},{"p":[-125,225,225],"c":15991011},{"p":[-275,275,225],"c":15991011},{"p":[-225,275,225],"c":15991011},{"p":[-175,275,225],"c":15991011},{"p":[-125,275,225],"c":15991011},{"p":[-75,125,125],"c":15991011},{"p":[-75,125,75],"c":15991011},{"p":[-75,125,25],"c":15991011},{"p":[-75,125,-25],"c":15991011},{"p":[-75,125,-75],"c":15991011},{"p":[25,75,175],"c":15991011},{"p":[25,75,125],"c":15991011},{"p":[25,75,75],"c":15991011},{"p":[-125,75,25],"c":15991011},{"p":[-75,75,25],"c":15991011},{"p":[-25,75,25],"c":15991011},{"p":[25,75,-25],"c":15991011},{"p":[25,75,-75],"c":15991011},{"p":[25,75,-125],"c":15991011},{"p":[-175,325,-25],"c":15991011},{"p":[-175,325,25],"c":15991011},{"p":[-175,325,75],"c":15991011},{"p":[-175,325,125],"c":15991011},{"p":[-175,375,-25],"c":15991011},{"p":[-175,375,25],"c":15991011},{"p":[-175,375,75],"c":15991011},{"p":[-225,325,-25],"c":15991011},{"p":[-225,325,25],"c":15991011},{"p":[-225,325,75],"c":15991011},{"p":[-225,325,125],"c":15991011},{"p":[-275,275,-75],"c":15991011},{"p":[-275,275,-25],"c":15991011},{"p":[-275,275,25],"c":15991011},{"p":[-275,275,75],"c":15991011},{"p":[-275,275,125],"c":15991011},{"p":[-325,275,-125],"c":15991011},{"p":[-325,225,-125],"c":15991011},{"p":[-325,225,175],"c":15991011},{"p":[-325,275,175],"c":15991011},{"p":[-275,225,-75],"c":15991011},{"p":[-275,225,-25],"c":15991011},{"p":[-275,225,25],"c":15991011},{"p":[-275,225,75],"c":15991011},{"p":[-275,225,125],"c":15991011},{"p":[-125,175,-125],"c":15991011},{"p":[-175,175,-125],"c":15991011},{"p":[-225,175,-125],"c":15991011},{"p":[-275,175,-125],"c":15991011},{"p":[-125,175,175],"c":15991011},{"p":[-175,175,175],"c":15991011},{"p":[-225,175,175],"c":15991011},{"p":[-275,175,175],"c":15991011},{"p":[-175,125,-75],"c":15991011},{"p":[-175,125,-25],"c":15991011},{"p":[-175,125,25],"c":15991011},{"p":[-175,125,75],"c":15991011},{"p":[-175,125,125],"c":15991011},{"p":[-225,125,-75],"c":15991011},{"p":[-225,125,-25],"c":15991011},{"p":[-225,125,25],"c":15991011},{"p":[-225,125,75],"c":15991011},{"p":[-225,125,125],"c":15991011},{"p":[-275,175,-75],"c":15991011},{"p":[-275,175,-25],"c":15991011},{"p":[-275,175,25],"c":15991011},{"p":[-275,175,75],"c":15991011},{"p":[-275,175,125],"c":15991011},{"p":[-175,75,-125],"c":15991011},{"p":[-175,75,-75],"c":15991011},{"p":[-175,75,-25],"c":15991011},{"p":[-175,75,75],"c":15991011},{"p":[-175,75,125],"c":15991011},{"p":[-175,75,175],"c":15991011},{"p":[-125,125,175],"c":15991011},{"p":[-125,75,225],"c":15991011},{"p":[-75,75,225],"c":15991011},{"p":[-25,75,225],"c":15991011},{"p":[-75,125,175],"c":15991011},{"p":[-25,125,175],"c":15991011},{"p":[-25,125,75],"c":15991011},{"p":[-25,125,125],"c":15991011},{"p":[-25,125,-125],"c":15991011},{"p":[-25,125,-75],"c":15991011},{"p":[-25,125,-25],"c":15991011},{"p":[-125,125,-125],"c":15991011},{"p":[-75,125,-125],"c":15991011},{"p":[-25,75,-175],"c":15991011},{"p":[-75,75,-175],"c":15991011},{"p":[-125,75,-175],"c":15991011}];

return {
 foot : Math.min(Scoring.find(foot, false, wsColor).length, 2), 
 foot_color : Math.min(Scoring.find(foot, true, wsColor).length, 2),
 feet : Scoring.find(feet, false, wsColor).length &gt; 0 ? 1 : 0,
 feet_color : Scoring.find(feet, true, wsColor).length &gt; 0 ? 1 : 0,
 head : Scoring.find(head, false, wsColor).length &gt; 0 ? 1 : 0,
 head_colorr : Scoring.find(head, true, wsColor).length &gt; 0 ? 1 : 0,
 beak: ((Scoring.find(beak, false, wsColor).length &gt; 0) ||
(Scoring.find(beak2, false, wsColor).length &gt; 0)) ? 1 : 0,
 beak_colorr: ((Scoring.find(beak, true, wsColor).length &gt; 0) ||
(Scoring.find(beak2, true, wsColor).length &gt; 0)) ? 1 : 0,
 body: Scoring.find(body, false, wsColor).length &gt; 0 ? 1 : 0,
wings: Scoring.find(wings, false, wsColor).length &gt; 0 ? 1 : 0,
 wings_color: Scoring.find(wings, true, wsColor).length &gt; 0 ? 1 : 0,
 wingsfound: (Scoring.find(leftwing, false, wsColor).length &gt; 0 ? 1 : 0) + (Scoring.find(rightwing, false, wsColor).length &gt; 0 ? 1 : 0),
 wingsfound_color: (Scoring.find(leftwing, true, wsColor).length &gt; 0 ? 1 : 0) + (Scoring.find(rightwing, true, wsColor).length &gt; 0 ? 1 : 0),
 whole_chicken: ((Scoring.find(wholechicken, false, wsColor).length &gt; 0) ||
(Scoring.find(wholechicken2, false, wsColor).length &gt; 0)) ? 1 : 0,
 whole_chicken_color: ((Scoring.find(wholechicken, true, wsColor).length &gt; 0) ||
(Scoring.find(wholechicken2, true, wsColor).length &gt; 0)) ? 1 : 0,
 all_colorr: (Scoring.find([{"p":[25,25,125],"c":16248576}],true).length
&amp;&amp; Scoring.find([{"p":[25,25,125],"c":16777215}],true).length
&amp;&amp; Scoring.find([{"p":[25,25,125],"c":2236962}],true).length 
&amp;&amp; (Scoring.find([{"p":[25,25,125],"c":15990784}],true).length || Scoring.find([{"p":[25,25,125],"c":13369344}],true).length))? 
(Scoring.find([{"p":[25,25,125],"c":13396224}],true).length==0
&amp;&amp; Scoring.find([{"p":[25,25,125],"c":11526144}],true).length==0
&amp;&amp; Scoring.find([{"p":[25,25,125],"c":46354}],true).length==0
&amp;&amp; Scoring.find([{"p":[25,25,125],"c":49061}],true).length==0
&amp;&amp; Scoring.find([{"p":[25,25,125],"c":39871}],true).length==0
&amp;&amp; Scoring.find([{"p":[25,25,125],"c":35572}],true).length==0
&amp;&amp; Scoring.find([{"p":[25,25,125],"c":11403508}],true).length==0
&amp;&amp; Scoring.find([{"p":[25,25,125],"c":15991011}],true).length==0
&amp;&amp; Scoring.find([{"p":[25,25,125],"c":13421772}],true).length==0
? 2:1) : 0 

};
}
</property>
            </properties>
            <markup xmlns="http://www.w3.org/1999/xhtml">
              <div class="voxelcraft">
</div>
            </markup>
          </portableCustomInteraction>
        </customInteraction>
      </div>
    </div>
  </itemBody>
  <responseProcessing template="http://www.imsglobal.org/question/qti_v2p2/rptemplates/match_correct"/>
</assessmentItem>
