<?xml version="1.0" encoding="UTF-8"?>
<assessmentItem xmlns="http://www.imsglobal.org/xsd/imsqti_v2p2" xmlns:html5="html5" xmlns:m="http://www.w3.org/1998/Math/MathML" xmlns:pci="http://www.imsglobal.org/xsd/portableCustomInteraction" xmlns:xsi="http://www.w3.org/2001/XMLSchema-instance" xsi:schemaLocation="http://www.imsglobal.org/xsd/imsqti_v2p2 http://www.imsglobal.org/xsd/qti/qtiv2p2/imsqti_v2p2.xsd" identifier="i15368304093384200" title="Brainstorm I" label="5. Brainstorm I" xml:lang="en-US" adaptive="false" timeDependent="false" toolName="TAO" toolVersion="3.3.0-RC02">
  <responseDeclaration identifier="RESPONSE" cardinality="single" baseType="string"/>
  <outcomeDeclaration identifier="SCORE" cardinality="single" baseType="float"/>
  <stylesheet href="style/custom/tao-user-styles.css" type="text/css" media="all" title=""/>
  <itemBody>
    <div class="grid-row">
      <div class="col-12">
        <h4>Next to the playground is a big lawn which is not in use. You want to reshape it into a place where children below 8 years old would like to stay. You are doing a brainstorm with Jack and Jill. You should come up with ideas on what to do with the area.</h4>
        <h6>Write in the field below. Press 'Enter' each time you have written an idea. While you write, you can see Jack and Jill's ideas on the screen. Click on the text in the large area when you are ready to begin brainstorming. Go on to the next task when you are out of ideas. The brainstorm will automatically end after 3 minutes.</h6>
      </div>
    </div>
    <div class="grid-row">
      <div class="col-12">
        <customInteraction responseIdentifier="RESPONSE">
          <portableCustomInteraction xmlns="http://www.imsglobal.org/xsd/portableCustomInteraction" customInteractionTypeIdentifier="brainstorm" hook="brainstorm/runtime/brainstorm.amd.js" version="0.1.12">
            <resources>
              <libraries>
                <lib id="IMSGlobal/jquery_2_1_1"/>
              </libraries>
              <stylesheets>
                <link href="brainstorm/runtime/css/base.css" type="text/css" title="base"/>
                <link href="brainstorm/runtime/css/brainstorm.css" type="text/css" title="brainstorm"/>
              </stylesheets>
              <mediaFiles>
                <file src="brainstorm/runtime/assets/download.png" type="image/png"/>
                <file src="brainstorm/runtime/css/img/download.png" type="image/png"/>
              </mediaFiles>
            </resources>
            <properties>
              <property key="nickname">You</property>
              <property key="messages">03;Jack;green;Slide
08;Jill;red;Build rope swings
13;Jack;green;Workshop where kids can draw and paint
18;Jill;red; Bake bread on a stick
23;Jack;green;Puppet theater
26;Jack;green;Children’s theater
30;Jill;red;A velodrome
37;Jack;green;Children’s zoo
44;Jill;red;Waffle stand
51;Jack;green;Children’s cinema
57;Jill;red;Build a playhouse
64;Jill;red;LEGO workshop
70;Jill;red;Make your own icecream
80;Jack;green;Kuglerum
90;Jill;red;Hoppeborg
100;Jack;green;Forhindringsbane
110;Jack;green;Bygge et legehus
120;Jill;red;Lave perleplader
130;Jack;green;Værksted hvor man kan tegne
140;Jill;red;Vipper
150;Jack;green;Klatretårn
160;Jill;red;Fodboldbane</property>
              <property key="timeLimit">180</property>
              <property key="startText">Click here when you are ready to continue</property>
              <property key="endText">Time is out. Go to next task.</property>
            </properties>
            <markup xmlns="http://www.w3.org/1999/xhtml">
              <div class="brainstorm">
                <div class="chat"/>
                <input class="prompt"/>
              </div>
            </markup>
          </portableCustomInteraction>
        </customInteraction>
      </div>
    </div>
  </itemBody>
  <responseProcessing template="http://www.imsglobal.org/question/qti_v2p2/rptemplates/match_correct"/>
</assessmentItem>
