<?xml version="1.0" encoding="UTF-8"?>
<assessmentItem xmlns="http://www.imsglobal.org/xsd/imsqti_v2p2" xmlns:m="http://www.w3.org/1998/Math/MathML" xmlns:xsi="http://www.w3.org/2001/XMLSchema-instance" xsi:schemaLocation="http://www.imsglobal.org/xsd/imsqti_v2p2 http://www.imsglobal.org/xsd/qti/qtiv2p2/imsqti_v2p2.xsd" identifier="i15426348758678454" title="7. Sketch of bridge" label="9. Sketch of bridge" xml:lang="en-US" adaptive="false" timeDependent="false" toolName="TAO" toolVersion="3.3.0-RC02">
  <responseDeclaration identifier="RESPONSE_2" cardinality="single" baseType="identifier"/>
  <responseDeclaration identifier="RESPONSE_3" cardinality="single" baseType="identifier">
    <correctResponse>
      <value><![CDATA[C_6]]></value>
    </correctResponse>
  </responseDeclaration>
  <responseDeclaration identifier="RESPONSE_4" cardinality="single" baseType="identifier">
    <correctResponse>
      <value><![CDATA[H_3]]></value>
    </correctResponse>
  </responseDeclaration>
  <responseDeclaration identifier="RESPONSE_5" cardinality="single" baseType="identifier"/>
  <responseDeclaration identifier="RESPONSE_6" cardinality="single" baseType="identifier">
    <correctResponse>
      <value><![CDATA[J_5]]></value>
    </correctResponse>
  </responseDeclaration>
  <responseDeclaration identifier="RESPONSE" cardinality="single" baseType="identifier">
    <correctResponse>
      <value><![CDATA[choice_1]]></value>
    </correctResponse>
  </responseDeclaration>
  <outcomeDeclaration identifier="SCORE" cardinality="single" baseType="float" normalMaximum="4"/>
  <outcomeDeclaration identifier="MAXSCORE" cardinality="single" baseType="float">
    <defaultValue>
      <value>4</value>
    </defaultValue>
  </outcomeDeclaration>
  <stylesheet href="style/custom/tao-user-styles.css" type="text/css" media="all" title=""/>
  <itemBody>
    <div class="grid-row">
      <div class="col-12">
        <h4>One of the wings in the play is a knight fortress. There needs to be a moat with a bridge surrounding the fortress. You have drawn a sketch of the bridge.<br/>
<img src="broskitse_færre confounders.png" alt="broskitse_f rre confounders" width="100%"/><br/>
On the first picture is the bridge's surface marked with letters. On the sketches of the bridge from above, from the side and front, the surfaces are marked with numbers.</h4>
        <h6>There are 6 surfaces marked with numbers. Match every surface with the surface on the first picture. <br/>
1: <inlineChoiceInteraction responseIdentifier="RESPONSE_2" shuffle="false" required="false"><inlineChoice identifier="A_2" fixed="false" showHide="show">A</inlineChoice><inlineChoice identifier="B_2" fixed="false" showHide="show">B</inlineChoice><inlineChoice identifier="C_2" fixed="false" showHide="show">C</inlineChoice><inlineChoice identifier="D_2" fixed="false" showHide="show">D</inlineChoice><inlineChoice identifier="E_2" fixed="false" showHide="show">E</inlineChoice><inlineChoice identifier="F_2" fixed="false" showHide="show">F</inlineChoice><inlineChoice identifier="G_2" fixed="false" showHide="show">G</inlineChoice><inlineChoice identifier="H_2" fixed="false" showHide="show">H</inlineChoice><inlineChoice identifier="I_2" fixed="false" showHide="show">I</inlineChoice><inlineChoice identifier="J_2" fixed="false" showHide="show">J</inlineChoice><inlineChoice identifier="K_2" fixed="false" showHide="show">K</inlineChoice><inlineChoice identifier="L_2" fixed="false" showHide="show">L</inlineChoice></inlineChoiceInteraction> <br/>
2: <inlineChoiceInteraction responseIdentifier="RESPONSE_4" shuffle="false" required="false"><inlineChoice identifier="A_3" fixed="false" showHide="show">A</inlineChoice><inlineChoice identifier="B_3" fixed="false" showHide="show">B</inlineChoice><inlineChoice identifier="C_3" fixed="false" showHide="show">C</inlineChoice><inlineChoice identifier="D_3" fixed="false" showHide="show">D</inlineChoice><inlineChoice identifier="E_3" fixed="false" showHide="show">E</inlineChoice><inlineChoice identifier="F_3" fixed="false" showHide="show">F</inlineChoice><inlineChoice identifier="G_3" fixed="false" showHide="show">G</inlineChoice><inlineChoice identifier="H_3" fixed="false" showHide="show">H</inlineChoice><inlineChoice identifier="I_3" fixed="false" showHide="show">I</inlineChoice><inlineChoice identifier="J_3" fixed="false" showHide="show">J</inlineChoice><inlineChoice identifier="K_3" fixed="false" showHide="show">K</inlineChoice><inlineChoice identifier="L_3" fixed="false" showHide="show">L</inlineChoice></inlineChoiceInteraction> <br/>
3: <inlineChoiceInteraction responseIdentifier="RESPONSE_5" shuffle="false" required="false"><inlineChoice identifier="A_4" fixed="false" showHide="show">A</inlineChoice><inlineChoice identifier="B_4" fixed="false" showHide="show">B</inlineChoice><inlineChoice identifier="C_4" fixed="false" showHide="show">C</inlineChoice><inlineChoice identifier="D_4" fixed="false" showHide="show">D</inlineChoice><inlineChoice identifier="E_4" fixed="false" showHide="show">E</inlineChoice><inlineChoice identifier="F_4" fixed="false" showHide="show">F</inlineChoice><inlineChoice identifier="G_4" fixed="false" showHide="show">G</inlineChoice><inlineChoice identifier="H_4" fixed="false" showHide="show">H</inlineChoice><inlineChoice identifier="I_4" fixed="false" showHide="show">I</inlineChoice><inlineChoice identifier="J_4" fixed="false" showHide="show">J</inlineChoice><inlineChoice identifier="K_4" fixed="false" showHide="show">K</inlineChoice><inlineChoice identifier="L_4" fixed="false" showHide="show">L</inlineChoice></inlineChoiceInteraction> <br/>
4: <inlineChoiceInteraction responseIdentifier="RESPONSE_6" shuffle="false" required="false"><inlineChoice identifier="A_5" fixed="false" showHide="show">A</inlineChoice><inlineChoice identifier="B_5" fixed="false" showHide="show">B</inlineChoice><inlineChoice identifier="C_5" fixed="false" showHide="show">C</inlineChoice><inlineChoice identifier="D_5" fixed="false" showHide="show">D</inlineChoice><inlineChoice identifier="E_5" fixed="false" showHide="show">E</inlineChoice><inlineChoice identifier="F_5" fixed="false" showHide="show">F</inlineChoice><inlineChoice identifier="G_5" fixed="false" showHide="show">G</inlineChoice><inlineChoice identifier="H_5" fixed="false" showHide="show">H</inlineChoice><inlineChoice identifier="I_5" fixed="false" showHide="show">I</inlineChoice><inlineChoice identifier="J_5" fixed="false" showHide="show">J</inlineChoice><inlineChoice identifier="K_5" fixed="false" showHide="show">K</inlineChoice><inlineChoice identifier="L_5" fixed="false" showHide="show">L</inlineChoice></inlineChoiceInteraction> <br/>
5: <inlineChoiceInteraction responseIdentifier="RESPONSE_3" shuffle="false" required="false"><inlineChoice identifier="A_6" fixed="false" showHide="show">A</inlineChoice><inlineChoice identifier="B_6" fixed="false" showHide="show">B</inlineChoice><inlineChoice identifier="C_6" fixed="false" showHide="show">C</inlineChoice><inlineChoice identifier="D_6" fixed="false" showHide="show">D</inlineChoice><inlineChoice identifier="E_6" fixed="false" showHide="show">E</inlineChoice><inlineChoice identifier="F_6" fixed="false" showHide="show">F</inlineChoice><inlineChoice identifier="G_6" fixed="false" showHide="show">G</inlineChoice><inlineChoice identifier="H_6" fixed="false" showHide="show">H</inlineChoice><inlineChoice identifier="I_6" fixed="false" showHide="show">I</inlineChoice><inlineChoice identifier="J_6" fixed="false" showHide="show">J</inlineChoice><inlineChoice identifier="K_6" fixed="false" showHide="show">K</inlineChoice><inlineChoice identifier="L_6" fixed="false" showHide="show">L</inlineChoice></inlineChoiceInteraction> <br/>
6: <inlineChoiceInteraction responseIdentifier="RESPONSE" shuffle="false" required="false"><inlineChoice identifier="choice_1" fixed="false" showHide="show">A</inlineChoice><inlineChoice identifier="choice_2" fixed="false" showHide="show">B</inlineChoice><inlineChoice identifier="choice_3" fixed="false" showHide="show">C</inlineChoice><inlineChoice identifier="choice_4" fixed="false" showHide="show">D</inlineChoice><inlineChoice identifier="choice_5" fixed="false" showHide="show">E</inlineChoice><inlineChoice identifier="choice_6" fixed="false" showHide="show">F</inlineChoice><inlineChoice identifier="choice_7" fixed="false" showHide="show">G</inlineChoice><inlineChoice identifier="choice_8" fixed="false" showHide="show">H</inlineChoice><inlineChoice identifier="choice_9" fixed="false" showHide="show">I</inlineChoice><inlineChoice identifier="choice_10" fixed="false" showHide="show">J</inlineChoice><inlineChoice identifier="choice_11" fixed="false" showHide="show">K</inlineChoice><inlineChoice identifier="choice_12" fixed="false" showHide="show">L</inlineChoice></inlineChoiceInteraction> </h6>
      </div>
    </div>
  </itemBody>
  <responseProcessing>
    <responseCondition>
      <responseIf>
        <match>
          <variable identifier="RESPONSE_2"/>
          <correct identifier="RESPONSE_2"/>
        </match>
        <setOutcomeValue identifier="SCORE">
          <sum>
            <variable identifier="SCORE"/>
            <baseValue baseType="integer">1</baseValue>
          </sum>
        </setOutcomeValue>
      </responseIf>
    </responseCondition>
    <responseCondition>
      <responseIf>
        <match>
          <variable identifier="RESPONSE_4"/>
          <correct identifier="RESPONSE_4"/>
        </match>
        <setOutcomeValue identifier="SCORE">
          <sum>
            <variable identifier="SCORE"/>
            <baseValue baseType="integer">1</baseValue>
          </sum>
        </setOutcomeValue>
      </responseIf>
    </responseCondition>
    <responseCondition>
      <responseIf>
        <match>
          <variable identifier="RESPONSE_5"/>
          <correct identifier="RESPONSE_5"/>
        </match>
        <setOutcomeValue identifier="SCORE">
          <sum>
            <variable identifier="SCORE"/>
            <baseValue baseType="integer">1</baseValue>
          </sum>
        </setOutcomeValue>
      </responseIf>
    </responseCondition>
    <responseCondition>
      <responseIf>
        <match>
          <variable identifier="RESPONSE_6"/>
          <correct identifier="RESPONSE_6"/>
        </match>
        <setOutcomeValue identifier="SCORE">
          <sum>
            <variable identifier="SCORE"/>
            <baseValue baseType="integer">1</baseValue>
          </sum>
        </setOutcomeValue>
      </responseIf>
    </responseCondition>
    <responseCondition>
      <responseIf>
        <match>
          <variable identifier="RESPONSE_3"/>
          <correct identifier="RESPONSE_3"/>
        </match>
        <setOutcomeValue identifier="SCORE">
          <sum>
            <variable identifier="SCORE"/>
            <baseValue baseType="integer">1</baseValue>
          </sum>
        </setOutcomeValue>
      </responseIf>
    </responseCondition>
    <responseCondition>
      <responseIf>
        <match>
          <variable identifier="RESPONSE"/>
          <correct identifier="RESPONSE"/>
        </match>
        <setOutcomeValue identifier="SCORE">
          <sum>
            <variable identifier="SCORE"/>
            <baseValue baseType="integer">1</baseValue>
          </sum>
        </setOutcomeValue>
      </responseIf>
    </responseCondition>
  </responseProcessing>
</assessmentItem>
