<?xml version="1.0" encoding="UTF-8"?>
<assessmentItem xmlns="http://www.imsglobal.org/xsd/imsqti_v2p2" xmlns:html5="html5" xmlns:m="http://www.w3.org/1998/Math/MathML" xmlns:pci="http://www.imsglobal.org/xsd/portableCustomInteraction" xmlns:xsi="http://www.w3.org/2001/XMLSchema-instance" xsi:schemaLocation="http://www.imsglobal.org/xsd/imsqti_v2p2 http://www.imsglobal.org/xsd/qti/qtiv2p2/imsqti_v2p2.xsd" identifier="i15374389495676244" title="Camping 11" label="16. Lav et program for Sankt Hans" xml:lang="da-DK" adaptive="false" timeDependent="false" toolName="TAO" toolVersion="3.3.0-RC02">
  <responseDeclaration identifier="RESPONSE" cardinality="single" baseType="string"/>
  <outcomeDeclaration identifier="SCORE" cardinality="single" baseType="float"/>
  <stylesheet href="style/custom/tao-user-styles.css" type="text/css" media="all" title=""/>
  <itemBody>
    <div class="grid-row">
      <div class="col-12">
        <h4>I skal fejre Sankt Hans på campingpladsen med et stort bål. I har allerede besluttet jer for, hvilke aktiviteter I gerne vil lave. Der mangler bare at blive lavet et program.</h4>
        <h6>Lav programmet for Sankt Hans ved at klikke på firkanterne ud for hver aktivitet. Hver firkant svarer til en halv time. Du skal tænke over, hvilken rækkefølge aktiviteterne skal ske i, hvor lang tid de enkelte aktiviteter skal tage, og hvilke aktiviteter der kan foregå på samme tid.</h6>
      </div>
    </div>
    <div class="grid-row">
      <div class="col-12">
        <customInteraction responseIdentifier="RESPONSE">
          <portableCustomInteraction xmlns="http://www.imsglobal.org/xsd/portableCustomInteraction" customInteractionTypeIdentifier="gantt" hook="gantt/runtime/gantt.amd.js" version="0.1.21">
            <resources>
              <libraries>
                <lib id="IMSGlobal/jquery_2_1_1"/>
                <lib id="gantt/runtime/ganttjs/gantt"/>
              </libraries>
              <stylesheets>
                <link href="gantt/runtime/css/base.css" type="text/css" title="base"/>
                <link href="gantt/runtime/css/gantt.css" type="text/css" title="gantt"/>
                <link href="gantt/runtime/ganttjs/ganttjs.css" type="text/css" title="ganttjs"/>
              </stylesheets>
              <mediaFiles>
                <file src="gantt/runtime/assets/download.png" type="image/png"/>
                <file src="gantt/runtime/css/img/download.png" type="image/png"/>
              </mediaFiles>
            </resources>
            <properties>
              <property key="period">1</property>
              <property key="weekDays"></property>
              <property key="months"></property>
              <property key="disableWeekends"></property>
              <property key="startDate"></property>
              <property key="useHours">true</property>
              <property key="useHalfHours">true</property>
              <property key="dayStart">17</property>
              <property key="dayEnd">20</property>
              <property key="tasks">Borgmesteren holder båltale;#F00
Aftensmadsbuffet;#0F0
Bålet tændes;#00f
Bålet slukkes;#ffbf00
Sækkevæddeløb for børn;#000
Snobrødsbagning for børn;#2ff
Fællessang;#7aa424</property>
              <property key="showTimeRange">true</property>
            </properties>
            <markup xmlns="http://www.w3.org/1999/xhtml">
              <div class="gantt">
    
</div>
            </markup>
          </portableCustomInteraction>
        </customInteraction>
      </div>
    </div>
  </itemBody>
  <responseProcessing template="http://www.imsglobal.org/question/qti_v2p2/rptemplates/match_correct"/>
</assessmentItem>
