<?xml version="1.0" encoding="UTF-8"?>
<assessmentItem xmlns="http://www.imsglobal.org/xsd/imsqti_v2p2" xmlns:html5="html5" xmlns:m="http://www.w3.org/1998/Math/MathML" xmlns:pci="http://www.imsglobal.org/xsd/portableCustomInteraction" xmlns:xsi="http://www.w3.org/2001/XMLSchema-instance" xsi:schemaLocation="http://www.imsglobal.org/xsd/imsqti_v2p2 http://www.imsglobal.org/xsd/qti/qtiv2p2/imsqti_v2p2.xsd" identifier="i15368264641425194" title="2. Brainstorm" label="2. Brainstorm" xml:lang="da-DK" adaptive="false" timeDependent="false" toolName="TAO" toolVersion="3.3.0-RC02">
  <responseDeclaration identifier="RESPONSE" cardinality="single" baseType="string"/>
  <outcomeDeclaration identifier="SCORE" cardinality="single" baseType="float"/>
  <stylesheet href="style/custom/tao-user-styles.css" type="text/css" media="all" title=""/>
  <itemBody>
    <div class="grid-row">
      <div class="col-12">
        <h4>Du skal brainstorme over en masse idéer til udstillingen sammen med eleverne. Du skal komme på idéer til:<br/>
• hvad der skal vises om vikingetiden på udstillingen<br/>
• hvordan det skal vises<br/>
• måder at deltage i udstillingen på</h4>
        <h6>Skriv i feltet nederst. Tryk på 'Enter', hver gang du har skrevet en idé.<br/>
Mens du skriver, kan du se elevernes idéer på skærmen. Klik på teksten i det store felt, når du er klar til at brainstorme. Gå videre til næste opgave, når du ikke kan komme på flere idéer. Du går automatisk videre efter 3 minutter.</h6>
      </div>
    </div>
    <div class="grid-row">
      <div class="col-12">
        <customInteraction responseIdentifier="RESPONSE">
          <portableCustomInteraction xmlns="http://www.imsglobal.org/xsd/portableCustomInteraction" customInteractionTypeIdentifier="brainstorm" hook="brainstorm/runtime/brainstorm.amd.js" version="0.1.12">
            <resources>
              <libraries>
                <lib id="IMSGlobal/jquery_2_1_1"/>
              </libraries>
              <stylesheets>
                <link href="brainstorm/runtime/css/base.css" type="text/css" title="base"/>
                <link href="brainstorm/runtime/css/brainstorm.css" type="text/css" title="brainstorm"/>
              </stylesheets>
              <mediaFiles>
                <file src="brainstorm/runtime/assets/download.png" type="image/png"/>
                <file src="brainstorm/runtime/css/img/download.png" type="image/png"/>
              </mediaFiles>
            </resources>
            <properties>
              <property key="nickname">Dig</property>
              <property key="messages">5;Anne;darkred;En stor samling af økser
10;Kai;green;Film om hvordan vikingerne boede
14;Eske;#00a8a7;Bygge økser
19;Andrea;blue;Se vikingepladsen i VR
25;Louise;purple;Udstille vikingernes tøj
30;Hans;navy; Bage fladbrød
36;Iqbal;#FF00FF;Smede smykker
43;Kari; #008080;Rollespil
50;Sofie;#00FFFF;Hjelme
57;Nasim;#FF5733;Runespil
64;Andrea;blue;Sværdkamp
74;Anne;darkred;Brygge mjød
84;Hans;navy;Prøve vikingetøj 
94;Kai;green;Lydbog
104;Iqbal;#FF00FF;Skjolde
114;Sofie;#00FFFF;Drikkehorn
124;Nasim;#FF5733;Se tegnefilmen Valhalla
134;Kari;#008080;Sy tøj
144;Kai;green;Vikingespil
154;Louise;purple;Snit galionsfigur
164;Eske;#00a8a7;Mal et skjold</property>
              <property key="timeLimit">180</property>
              <property key="startText">Klik her, når du er klar til at brainstorme!</property>
              <property key="endText">Tiden er gået, gå videre til næste opgave.</property>
            </properties>
            <markup xmlns="http://www.w3.org/1999/xhtml">
              <div class="brainstorm">
                <div class="chat"/>
                <input class="prompt"/>
              </div>
            </markup>
          </portableCustomInteraction>
        </customInteraction>
      </div>
    </div>
  </itemBody>
  <responseProcessing template="http://www.imsglobal.org/question/qti_v2p2/rptemplates/match_correct"/>
</assessmentItem>
