<?xml version="1.0" encoding="UTF-8"?>
<assessmentItem xmlns="http://www.imsglobal.org/xsd/imsqti_v2p2" xmlns:m="http://www.w3.org/1998/Math/MathML" xmlns:xsi="http://www.w3.org/2001/XMLSchema-instance" xsi:schemaLocation="http://www.imsglobal.org/xsd/imsqti_v2p2 http://www.imsglobal.org/xsd/qti/qtiv2p2/imsqti_v2p2.xsd" identifier="i1534323092204844" title="7. Feedback på souvenir" label="9. Feedback på souvenir" xml:lang="da-DK" adaptive="false" timeDependent="false" toolName="TAO" toolVersion="3.3.0-RC02">
  <responseDeclaration identifier="RESPONSE" cardinality="single" baseType="string"/>
  <outcomeDeclaration identifier="SCORE" cardinality="single" baseType="float"/>
  <stylesheet href="style/custom/tao-user-styles.css" type="text/css" media="all" title=""/>
  <itemBody>
    <div class="grid-row">
      <div class="col-12">
        <h4>Nogle af eleverne har lavet et krus. Museets gæster kan få kruset med hjem som souvenir fra museumsbutikken. Vikingerne brugte fx krus til at drikke mjød af.<br/>
Eleverne vil gerne have, at kruset bliver brugt til mange andre ting end til at drikke af. Krus kan nemlig andet end at indeholde væske. Fx vejer kruset noget, det har en flad bund, det har en hank, og det er lavet af brændt ler.</h4>
        <h6>Du skal komme på en masse forskellige ting, kruset kan bruges til i dag. Idéerne må gerne være skøre.</h6>
      </div>
    </div>
    <div class="grid-row">
      <div class="col-12">
        <extendedTextInteraction responseIdentifier="RESPONSE" base="10" minStrings="0" format="plain">
    </extendedTextInteraction>
      </div>
    </div>
  </itemBody>
  <responseProcessing template="http://www.imsglobal.org/question/qti_v2p2/rptemplates/match_correct"/>
</assessmentItem>
