<?xml version="1.0" encoding="UTF-8"?>
<assessmentItem xmlns="http://www.imsglobal.org/xsd/imsqti_v2p2" xmlns:m="http://www.w3.org/1998/Math/MathML" xmlns:xsi="http://www.w3.org/2001/XMLSchema-instance" xsi:schemaLocation="http://www.imsglobal.org/xsd/imsqti_v2p2 http://www.imsglobal.org/xsd/qti/qtiv2p2/imsqti_v2p2.xsd" identifier="i15426273042695447" title="8.1 A letter to the guests" label="13. A letter to the guests" xml:lang="en-US" adaptive="false" timeDependent="false" toolName="TAO" toolVersion="3.3.0-RC02">
  <responseDeclaration identifier="RESPONSE" cardinality="multiple" baseType="identifier">
    <mapping defaultValue="0">
      <mapEntry mapKey="choice_1" mappedValue="1"/>
      <mapEntry mapKey="choice_2" mappedValue="0"/>
      <mapEntry mapKey="choice_3" mappedValue="1"/>
      <mapEntry mapKey="choice_4" mappedValue="0"/>
      <mapEntry mapKey="choice_5" mappedValue="1"/>
      <mapEntry mapKey="choice_6" mappedValue="1"/>
      <mapEntry mapKey="choice_7" mappedValue="0"/>
      <mapEntry mapKey="choice_8" mappedValue="0"/>
    </mapping>
  </responseDeclaration>
  <outcomeDeclaration identifier="SCORE" cardinality="single" baseType="float" normalMaximum="2"/>
  <outcomeDeclaration identifier="MAXSCORE" cardinality="single" baseType="float">
    <defaultValue>
      <value>2</value>
    </defaultValue>
  </outcomeDeclaration>
  <stylesheet href="style/custom/tao-user-styles.css" type="text/css" media="all" title=""/>
  <itemBody>
    <div class="grid-row">
      <div class="col-12">
        <h4>You want to write a letter to the guests at the campsite. It should inform about the construction work. You need to decide which information to include in the letter.</h4>
        <h6>Choose the two of the informations below you think is most important to share with the guests.</h6>
      </div>
    </div>
    <div class="grid-row">
      <div class="col-12">
        <choiceInteraction responseIdentifier="RESPONSE" shuffle="false" maxChoices="2" minChoices="0" orientation="vertical">
          <simpleChoice identifier="choice_1" fixed="false" showHide="show">How long time the construction work will take.</simpleChoice>
          <simpleChoice identifier="choice_2" fixed="false" showHide="show">The name of the company that carries out the work.</simpleChoice>
          <simpleChoice identifier="choice_3" fixed="false" showHide="show">What is build.</simpleChoice>
          <simpleChoice identifier="choice_4" fixed="false" showHide="show">The total price of the construction work.</simpleChoice>
          <simpleChoice identifier="choice_5" fixed="false" showHide="show">The time of day noise can be expected from the construction work.</simpleChoice>
          <simpleChoice identifier="choice_6" fixed="false" showHide="show">Why the construction work needs to take place in the high season.</simpleChoice>
          <simpleChoice identifier="choice_7" fixed="false" showHide="show">Who made the decision to start the construction work.</simpleChoice>
          <simpleChoice identifier="choice_8" fixed="false" showHide="show">The materials used in the construction of the stage.</simpleChoice>
        </choiceInteraction>
      </div>
    </div>
  </itemBody>
  <responseProcessing template="http://www.imsglobal.org/question/qti_v2p2/rptemplates/map_response"/>
</assessmentItem>
