<?xml version="1.0" encoding="UTF-8"?>
<assessmentItem xmlns="http://www.imsglobal.org/xsd/imsqti_v2p2" xmlns:m="http://www.w3.org/1998/Math/MathML" xmlns:xsi="http://www.w3.org/2001/XMLSchema-instance" xsi:schemaLocation="http://www.imsglobal.org/xsd/imsqti_v2p2 http://www.imsglobal.org/xsd/qti/qtiv2p2/imsqti_v2p2.xsd" identifier="i15432351749842727" title="0. Infoside" label="0. Introduction page" xml:lang="da-DK" adaptive="false" timeDependent="false" toolName="TAO" toolVersion="3.3.0-RC02">
  <stylesheet href="style/custom/tao-user-styles.css" type="text/css" media="all" title=""/>
  <itemBody>
    <div class="grid-row">
      <div class="col-12">
        <h4>You are the manager of Little Town's historical museum. The museum will create a new, exciting exibition about the viking age for school students. The museum are planning the exibition in collaboration with a 6th grade from the local school.</h4>
        <h6>
          <br/>
          <img src="assets/aee651835d4142e0151c1.jpeg" alt="Dreng på museum" width="100%" type="application/octet-stream"/>
        </h6>
      </div>
    </div>
  </itemBody>
  <responseProcessing/>
</assessmentItem>
