<?xml version="1.0" encoding="UTF-8"?>
<assessmentItem xmlns="http://www.imsglobal.org/xsd/imsqti_v2p2" xmlns:html5="html5" xmlns:m="http://www.w3.org/1998/Math/MathML" xmlns:pci="http://www.imsglobal.org/xsd/portableCustomInteraction" xmlns:xsi="http://www.w3.org/2001/XMLSchema-instance" xsi:schemaLocation="http://www.imsglobal.org/xsd/imsqti_v2p2 http://www.imsglobal.org/xsd/qti/qtiv2p2/imsqti_v2p2.xsd" identifier="i15371688134676208" title="1. Brainstorm I" label="1. Brainstorm I" xml:lang="da-DK" adaptive="false" timeDependent="false" toolName="TAO" toolVersion="3.3.0-RC02">
  <responseDeclaration identifier="RESPONSE" cardinality="single" baseType="string"/>
  <outcomeDeclaration identifier="SCORE" cardinality="single" baseType="float"/>
  <stylesheet href="style/custom/tao-user-styles.css" type="text/css" media="all" title=""/>
  <itemBody>
    <div class="grid-row">
      <div class="col-12">
        <h4>Der kommer meget få drenge mellem 7 og 10 år i parken. Drengene siger, at forlystelserne er for kedelige. Du laver derfor en brainstorm med to af de andre fra parken. Du skal komme på idéer til, hvordan I får flere drenge til at komme i parken.</h4>
        <h6>Skriv i feltet nederst. Tryk på 'Enter', hver gang du har skrevet en idé.<br/>
Mens du skriver, kan du se Lars og Annes idéer på skærmen. Klik på teksten i det store felt, når du er klar til at brainstorme. Gå videre til næste opgave, når du ikke kan komme på flere idéer. Du går automatisk videre efter 3 minutter.</h6>
      </div>
    </div>
    <div class="grid-row">
      <div class="col-12">
        <customInteraction responseIdentifier="RESPONSE">
          <portableCustomInteraction xmlns="http://www.imsglobal.org/xsd/portableCustomInteraction" customInteractionTypeIdentifier="brainstorm" hook="brainstorm/runtime/brainstorm.amd.js" version="0.1.12">
            <resources>
              <libraries>
                <lib id="IMSGlobal/jquery_2_1_1"/>
              </libraries>
              <stylesheets>
                <link href="brainstorm/runtime/css/base.css" type="text/css" title="base"/>
                <link href="brainstorm/runtime/css/brainstorm.css" type="text/css" title="brainstorm"/>
              </stylesheets>
              <mediaFiles>
                <file src="brainstorm/runtime/assets/download.png" type="image/png"/>
                <file src="brainstorm/runtime/css/img/download.png" type="image/png"/>
              </mediaFiles>
            </resources>
            <properties>
              <property key="nickname">Dig</property>
              <property key="messages">05;Lars;green; Sælge actionfigurer
09;Anne;red;Bygge flere rutschebaner.
15;Lars;green;Få rutschebanerne til at køre hurtigere.
19; Lars; green; Skydebaner
24;Anne;red;Værksteder hvor man kan lave tegneserier.
29;Anne;red; Computerrum
34;Lars;green;Bygge klatrevægge.
41;Lars;green; Gokart
45;Anne;red;Give rutschebanerne sejere navne.
50;Lars;green;Hockeybane
55;Anne;red; Flere loops på rutschebanerne.
60;Anne;red;Parkour
65;Anne,red;En stor hoppeborg
70;Lars;green;Bygge et hurlumhejhus
75;Anne;red;Giv rutschebanerne et tema.
80;Anne;red;Flere radiobiler
87;Lars;green;Flere trampoliner
94;Anne;red;Et nyt vandland.
103;Lars;green;Tombolaer
110;Anne;red;Maleværksted
118;Lars;green;Flere slikboder
125;Anne;red;Børnebiograf
133;Anne;red;Sørøvertema
140;Lars;green;Musikværksted.
147;Lars;green;Rollespil
154;Anne;Et større spøgelseshus
161;Lars;green;Luftgynger
168;Anne;red;Skattejagt
173;Lars;green;Vandcykler</property>
              <property key="timeLimit">180</property>
              <property key="startText">Klik her, når du er klar til at brainstorme.</property>
              <property key="endText">Tiden er gået. Gå til næste opgave.</property>
            </properties>
            <markup xmlns="http://www.w3.org/1999/xhtml">
              <div class="brainstorm">
                <div class="chat"/>
                <input class="prompt"/>
              </div>
            </markup>
          </portableCustomInteraction>
        </customInteraction>
      </div>
    </div>
  </itemBody>
  <responseProcessing template="http://www.imsglobal.org/question/qti_v2p2/rptemplates/match_correct"/>
</assessmentItem>
