<?xml version="1.0" encoding="UTF-8"?>
<assessmentItem xmlns="http://www.imsglobal.org/xsd/imsqti_v2p2" xmlns:html5="html5" xmlns:m="http://www.w3.org/1998/Math/MathML" xmlns:pci="http://www.imsglobal.org/xsd/portableCustomInteraction" xmlns:xsi="http://www.w3.org/2001/XMLSchema-instance" xsi:schemaLocation="http://www.imsglobal.org/xsd/imsqti_v2p2 http://www.imsglobal.org/xsd/qti/qtiv2p2/imsqti_v2p2.xsd" identifier="i15371814552017223" title="14. Come up with good solutions" label="16. Think of good solutions" xml:lang="en-US" adaptive="false" timeDependent="false" toolName="TAO" toolVersion="3.3.0-RC02">
  <responseDeclaration identifier="RESPONSE" cardinality="single" baseType="string"/>
  <outcomeDeclaration identifier="SCORE" cardinality="single" baseType="float"/>
  <stylesheet href="style/custom/tao-user-styles.css" type="text/css" media="all" title=""/>
  <itemBody>
    <div class="grid-row">
      <div class="col-12">
        <h4>The premiere went well. Ella from the theater says that some of the students were unsatisfied. They had bad vision and were not able to see everything on stage well. You create a brainstorm with Ella and Jacob to come up with good ideas for solving the problem. </h4>
        <h6>Write in the space below. Click "Enter" everytime you have written an idea. While you are writing, you can see Ella and Jacob's ideas on the screen. Click the text in the big square when you are ready to brainstorm. Go to the next task when you are out of ideas. You will automatically go on to the next task after 3 minutes.</h6>
      </div>
    </div>
    <div class="grid-row">
      <div class="col-12">
        <customInteraction responseIdentifier="RESPONSE">
          <portableCustomInteraction xmlns="http://www.imsglobal.org/xsd/portableCustomInteraction" customInteractionTypeIdentifier="brainstorm" hook="brainstorm/runtime/brainstorm.amd.js" version="0.1.12">
            <resources>
              <libraries>
                <lib id="IMSGlobal/jquery_2_1_1"/>
              </libraries>
              <stylesheets>
                <link href="brainstorm/runtime/css/base.css" type="text/css" title="base"/>
                <link href="brainstorm/runtime/css/brainstorm.css" type="text/css" title="brainstorm"/>
              </stylesheets>
              <mediaFiles>
                <file src="brainstorm/runtime/assets/download.png" type="image/png"/>
                <file src="brainstorm/runtime/css/img/download.png" type="image/png"/>
              </mediaFiles>
            </resources>
            <properties>
              <property key="nickname">Dig</property>
              <property key="messages">03;Ella;red;They have to sit in the front
08;Jacob;green;Put up big screens
13;Jacob;green;Give the students binoculars
18;Ella;red;Warn in advance about bad placement of seating
23;Ella;red;Tell the students to listen to radio theater
29;Jacob;green;Write on the ticket to make them remember their glasses
34;Ella;red;Make a balcony close to the scene for some of the students
41;Jacob;green;Film the play
48;Jacob;green;Make a special play for the students
55;Ella;red;Change the play to a hearing play
62;Jacob;green;Contact the school and say that the play is not good for people with vision handicaps
72;Ella;red;Get the students another experience instead
82;Ella;red;Place the audience in a circle around the scene
92;Ella;red;Let the students sit on the scene
102;Jacob;green;Make the actors speak extra loudly
112;Ella;red;Give the students a part in the play
122;Jacob;green;Place the students next to someone who can whisper the plot to them
132;Jacob;green;Give them a big bag of candy as an apology
142;Ella;red;Get the actors up on stilts.
152;Jacob;green;Make the play happen in the audience
162;Ella;red;Give the actors big masks to wear
172;Jacob;green;Give a coupon to the local cinema
</property>
              <property key="timeLimit">180</property>
              <property key="startText">Klik her, når du er klar til at brainstorme!</property>
              <property key="endText">Tiden er gået. Gå videre til næste opgave.</property>
            </properties>
            <markup xmlns="http://www.w3.org/1999/xhtml">
              <div class="brainstorm">
                <div class="chat"/>
                <input class="prompt"/>
              </div>
            </markup>
          </portableCustomInteraction>
        </customInteraction>
      </div>
    </div>
  </itemBody>
  <responseProcessing template="http://www.imsglobal.org/question/qti_v2p2/rptemplates/match_correct"/>
</assessmentItem>
