<?xml version="1.0" encoding="UTF-8"?>
<assessmentItem xmlns="http://www.imsglobal.org/xsd/imsqti_v2p2" xmlns:m="http://www.w3.org/1998/Math/MathML" xmlns:xsi="http://www.w3.org/2001/XMLSchema-instance" xsi:schemaLocation="http://www.imsglobal.org/xsd/imsqti_v2p2 http://www.imsglobal.org/xsd/qti/qtiv2p2/imsqti_v2p2.xsd" identifier="i15432275645574722" title="12.1 Pie chart" label="14.1 Pie chart" xml:lang="en-US" adaptive="false" timeDependent="false" toolName="TAO" toolVersion="3.3.0-RC02">
  <responseDeclaration identifier="RESPONSE" cardinality="single" baseType="identifier">
    <correctResponse>
      <value><![CDATA[choice_3]]></value>
    </correctResponse>
    <mapping defaultValue="0">
      <mapEntry mapKey="choice_3" mappedValue="1"/>
      <mapEntry mapKey="choice_11" mappedValue="0"/>
    </mapping>
  </responseDeclaration>
  <responseDeclaration identifier="RESPONSE_3" cardinality="single" baseType="identifier">
    <mapping defaultValue="0">
      <mapEntry mapKey="choice_20" mappedValue="1"/>
    </mapping>
  </responseDeclaration>
  <outcomeDeclaration identifier="SCORE" cardinality="single" baseType="float" normalMaximum="2"/>
  <outcomeDeclaration identifier="MAXSCORE" cardinality="single" baseType="float">
    <defaultValue>
      <value>2</value>
    </defaultValue>
  </outcomeDeclaration>
  <stylesheet href="style/custom/tao-user-styles.css" type="text/css" media="all" title=""/>
  <itemBody>
    <div class="grid-row">
      <div class="col-12">
        <h4>The students from 3rd grade have answered the questionaire. They were asked to name their favorite type of theater. Angela from accounting has put the answers into two pie charts:<br/>
<img src="søjlediagram_teater.png" alt="s jlediagram_teater" width="100%"/><br/>
(Fairytale, opera, musical, ballet, comedy) Look at the charts and pick the right answer to every question below.</h4>
        <div>
          <h6>What genre did the girls like the most?     </h6>
        </div>
      </div>
    </div>
    <div class="grid-row">
      <div class="col-12">
        <choiceInteraction responseIdentifier="RESPONSE" shuffle="true" maxChoices="1" minChoices="0" orientation="horizontal">
          <simpleChoice identifier="choice_1" fixed="false" showHide="show">Opera</simpleChoice>
          <simpleChoice identifier="choice_2" fixed="false" showHide="show">Musical</simpleChoice>
          <simpleChoice identifier="choice_3" fixed="false" showHide="show">Fairytale</simpleChoice>
          <simpleChoice identifier="choice_11" fixed="false" showHide="show">Comedy</simpleChoice>
          <simpleChoice identifier="choice_12" fixed="false" showHide="show">Ballet</simpleChoice>
        </choiceInteraction>
      </div>
    </div>
    <div class="grid-row">
      <div class="col-12">
        <h6>What genre do both boys and girls enjoy least?</h6>
      </div>
    </div>
    <div class="grid-row">
      <div class="col-12">
        <choiceInteraction responseIdentifier="RESPONSE_3" shuffle="true" maxChoices="1" minChoices="0" orientation="horizontal">
          <simpleChoice identifier="choice_16" fixed="false" showHide="show">Ballet</simpleChoice>
          <simpleChoice identifier="choice_17" fixed="false" showHide="show">Musical</simpleChoice>
          <simpleChoice identifier="choice_18" fixed="false" showHide="show">Comedy</simpleChoice>
          <simpleChoice identifier="choice_19" fixed="false" showHide="show">Fairytale</simpleChoice>
          <simpleChoice identifier="choice_20" fixed="false" showHide="show">Opera</simpleChoice>
        </choiceInteraction>
      </div>
    </div>
  </itemBody>
  <responseProcessing>
    <responseCondition>
      <responseIf>
        <not>
          <isNull>
            <variable identifier="RESPONSE"/>
          </isNull>
        </not>
        <setOutcomeValue identifier="SCORE">
          <sum>
            <variable identifier="SCORE"/>
            <mapResponse identifier="RESPONSE"/>
          </sum>
        </setOutcomeValue>
      </responseIf>
    </responseCondition>
    <responseCondition>
      <responseIf>
        <not>
          <isNull>
            <variable identifier="RESPONSE_3"/>
          </isNull>
        </not>
        <setOutcomeValue identifier="SCORE">
          <sum>
            <variable identifier="SCORE"/>
            <mapResponse identifier="RESPONSE_3"/>
          </sum>
        </setOutcomeValue>
      </responseIf>
    </responseCondition>
  </responseProcessing>
</assessmentItem>
