<?xml version="1.0" encoding="UTF-8"?>
<assessmentItem xmlns="http://www.imsglobal.org/xsd/imsqti_v2p2" xmlns:m="http://www.w3.org/1998/Math/MathML" xmlns:xsi="http://www.w3.org/2001/XMLSchema-instance" xsi:schemaLocation="http://www.imsglobal.org/xsd/imsqti_v2p2 http://www.imsglobal.org/xsd/qti/qtiv2p2/imsqti_v2p2.xsd" identifier="i15433320269874785" title="0. Introside" label="0. Introside" xml:lang="da-DK" adaptive="false" timeDependent="false" toolName="TAO" toolVersion="3.3.0-RC02">
  <itemBody>
    <div class="grid-row">
      <div class="col-12">
        <h4>Du er instruktør på et lille teater. Teatret skal opføre en ny forestilling. Forestillingen skal være et riddereventyr, og det er målrettet elever i 3. til 4. klasse.</h4>
        <h6>
          <br/>
          <img src="teater.jpg" alt="teater" width="100%"/>
        </h6>
      </div>
    </div>
  </itemBody>
  <responseProcessing/>
</assessmentItem>
