<?xml version="1.0" encoding="UTF-8"?>
<assessmentItem xmlns="http://www.imsglobal.org/xsd/imsqti_v2p2" xmlns:html5="html5" xmlns:m="http://www.w3.org/1998/Math/MathML" xmlns:pci="http://www.imsglobal.org/xsd/portableCustomInteraction" xmlns:xsi="http://www.w3.org/2001/XMLSchema-instance" xsi:schemaLocation="http://www.imsglobal.org/xsd/imsqti_v2p2 http://www.imsglobal.org/xsd/qti/qtiv2p2/imsqti_v2p2.xsd" identifier="i154833553313502514" title="17. Build a zombie" label="17. Build a zombie" xml:lang="en-US" adaptive="false" timeDependent="false" toolName="TAO" toolVersion="3.3.0-RC02">
  <responseDeclaration identifier="RESPONSE" cardinality="single" baseType="string"/>
  <outcomeDeclaration identifier="SCORE" cardinality="single" baseType="float"/>
  <stylesheet href="style/custom/tao-user-styles.css" type="text/css" media="all" title=""/>
  <itemBody>
    <div class="grid-row">
      <div class="col-12">
        <h4>A figure still needs to be built for the haunted house. The figure has to be a zombie.</h4>
        <h5>Requirements:<br/>
• The zombie has to be as big as it is on the drawings. A square on the drawing is equivalent to a block in the building room.<br/>
• The zombie has to be the same colors as the drawings.</h5>
        <h6>Look at the drawings from multiple sides. Then build a zombie with the blocks below. At the bottom you can choose colors, move the camera and add or delete blocks.<br/>
<img src="zombie_tegning.png" alt="zombie_tegning" width="100%"/></h6>
        <h6>Front       From the side       From above     From behind</h6>
        <div> </div>
      </div>
    </div>
    <div class="grid-row">
      <div class="col-12">
        <customInteraction responseIdentifier="RESPONSE">
          <portableCustomInteraction xmlns="http://www.imsglobal.org/xsd/portableCustomInteraction" customInteractionTypeIdentifier="voxelcraft" hook="voxelcraft/runtime/voxelcraft.amd.js" version="0.0.24">
            <resources>
                                            <libraries><lib id="IMSGlobal/jquery_2_1_1"/></libraries><stylesheets><link href="voxelcraft/runtime/css/base.css" type="text/css" title="base"/></stylesheets><mediaFiles><file src="voxelcraft/runtime/assets/download.png" type="image/png"/><file src="voxelcraft/runtime/css/img/download.png" type="image/png"/></mediaFiles></resources>
            <properties>
              <property key="colors">#cc0000
#cc6900
#f7ef00
#afe000
#00b512
#00bfa5
#009bbf
#008af4
#ae00f4
#f400e3
#f40000
#cccccc
#ffffff
#222222</property>
              <properties key="scene"/>
              <property key="gameUrl">https://surveyinfo.au.dk/pci-external/open-tao-pcis/voxelcraft/game/</property>
              <property key="scoring">function score(){
var wsColor = 15991011;

  var foot = [{"p":[-75,25,275],"c":15991011},{"p":[-75,25,225],"c":15991011},{"p":[-75,25,175],"c":15991011},{"p":[-25,25,275],"c":15991011},{"p":[-25,25,225],"c":15991011},{"p":[-25,25,175],"c":15991011},{"p":[25,25,275],"c":15991011},{"p":[25,25,225],"c":15991011},{"p":[25,25,175],"c":15991011},{"p":[75,25,275],"c":15991011},{"p":[75,25,225],"c":15991011},{"p":[75,25,175],"c":15991011},{"p":[-75,75,275],"c":13396224},{"p":[-75,75,225],"c":13396224},{"p":[-75,75,175],"c":13396224},{"p":[-25,75,275],"c":13396224},{"p":[-25,75,175],"c":13396224},{"p":[25,75,275],"c":13396224},{"p":[25,75,175],"c":13396224},{"p":[75,75,275],"c":13396224},{"p":[75,75,225],"c":13396224},{"p":[75,75,175],"c":13396224},{"p":[75,125,275],"c":15991011},{"p":[75,125,225],"c":15991011},{"p":[75,125,175],"c":15991011},{"p":[125,75,275],"c":15991011},{"p":[125,75,225],"c":15991011},{"p":[125,75,175],"c":15991011},{"p":[-75,75,325],"c":15991011},{"p":[-25,75,325],"c":15991011},{"p":[25,75,325],"c":15991011},{"p":[75,75,325],"c":15991011},{"p":[75,75,125],"c":15991011},{"p":[25,75,125],"c":15991011},{"p":[-25,75,125],"c":15991011},{"p":[-75,75,125],"c":15991011},{"p":[-125,75,275],"c":15991011},{"p":[-125,75,225],"c":15991011},{"p":[-125,75,175],"c":15991011}];

var feet = [{"p":[-75,25,275],"c":15991011},{"p":[-75,25,225],"c":15991011},{"p":[-75,25,175],"c":15991011},{"p":[-25,25,275],"c":15991011},{"p":[-25,25,225],"c":15991011},{"p":[-25,25,175],"c":15991011},{"p":[25,25,275],"c":15991011},{"p":[25,25,225],"c":15991011},{"p":[25,25,175],"c":15991011},{"p":[75,25,275],"c":15991011},{"p":[75,25,225],"c":15991011},{"p":[75,25,175],"c":15991011},{"p":[-75,75,275],"c":13396224},{"p":[-75,75,225],"c":13396224},{"p":[-75,75,175],"c":13396224},{"p":[-25,75,275],"c":13396224},{"p":[-25,75,175],"c":13396224},{"p":[25,75,275],"c":13396224},{"p":[25,75,175],"c":13396224},{"p":[75,75,275],"c":13396224},{"p":[75,75,225],"c":13396224},{"p":[75,75,175],"c":13396224},{"p":[75,125,275],"c":15991011},{"p":[75,125,225],"c":15991011},{"p":[75,125,175],"c":15991011},{"p":[125,75,275],"c":15991011},{"p":[125,75,225],"c":15991011},{"p":[125,75,175],"c":15991011},{"p":[-75,75,325],"c":15991011},{"p":[-25,75,325],"c":15991011},{"p":[25,75,325],"c":15991011},{"p":[75,75,325],"c":15991011},{"p":[75,75,125],"c":15991011},{"p":[25,75,125],"c":15991011},{"p":[-25,75,125],"c":15991011},{"p":[-75,75,125],"c":15991011},{"p":[-125,75,275],"c":15991011},{"p":[-125,75,225],"c":15991011},{"p":[-125,75,175],"c":15991011},{"p":[25,25,25],"c":15991011},{"p":[75,25,25],"c":15991011},{"p":[-75,25,25],"c":15991011},{"p":[-25,25,25],"c":15991011},{"p":[-75,25,-25],"c":15991011},{"p":[-25,25,-25],"c":15991011},{"p":[25,25,-25],"c":15991011},{"p":[75,25,-25],"c":15991011},{"p":[-75,25,-75],"c":15991011},{"p":[-25,25,-75],"c":15991011},{"p":[25,25,-75],"c":15991011},{"p":[75,25,-75],"c":15991011},{"p":[-75,75,25],"c":13396224},{"p":[-75,75,-25],"c":13396224},{"p":[-75,75,-75],"c":13396224},{"p":[-25,75,25],"c":13396224},{"p":[-25,75,-75],"c":13396224},{"p":[25,75,25],"c":13396224},{"p":[25,75,-75],"c":13396224},{"p":[75,75,25],"c":13396224},{"p":[75,75,-25],"c":13396224},{"p":[75,75,-75],"c":13396224},{"p":[75,125,25],"c":15991011},{"p":[75,125,-25],"c":15991011},{"p":[75,125,-75],"c":15991011},{"p":[125,75,25],"c":15991011},{"p":[125,75,-25],"c":15991011},{"p":[125,75,-75],"c":15991011},{"p":[-75,75,-125],"c":15991011},{"p":[-25,75,-125],"c":15991011},{"p":[25,75,-125],"c":15991011},{"p":[75,75,-125],"c":15991011},{"p":[75,75,75],"c":15991011},{"p":[25,75,75],"c":15991011},{"p":[-25,75,75],"c":15991011},{"p":[-75,75,75],"c":15991011},{"p":[-125,75,-75],"c":15991011},{"p":[-125,75,-25],"c":15991011},{"p":[-125,75,25],"c":15991011}];

var zombie_full = [{"p":[-75,25,75],"c":15991011},{"p":[-75,25,125],"c":15991011},{"p":[-75,25,175],"c":15991011},{"p":[-25,25,175],"c":15991011},{"p":[25,25,175],"c":15991011},{"p":[75,25,175],"c":15991011},{"p":[-25,25,125],"c":15991011},{"p":[25,25,125],"c":15991011},{"p":[75,25,125],"c":15991011},{"p":[-25,25,75],"c":15991011},{"p":[25,25,75],"c":15991011},{"p":[75,25,75],"c":15991011},{"p":[-75,25,-75],"c":15991011},{"p":[-75,25,-125],"c":15991011},{"p":[-75,25,-175],"c":15991011},{"p":[-25,25,-175],"c":15991011},{"p":[25,25,-175],"c":15991011},{"p":[75,25,-175],"c":15991011},{"p":[-25,25,-125],"c":15991011},{"p":[25,25,-125],"c":15991011},{"p":[75,25,-125],"c":15991011},{"p":[-25,25,-75],"c":15991011},{"p":[25,25,-75],"c":15991011},{"p":[75,25,-75],"c":15991011},{"p":[-75,75,175],"c":13396224},{"p":[-25,75,175],"c":13396224},{"p":[25,75,175],"c":13396224},{"p":[75,75,175],"c":13396224},{"p":[-75,75,125],"c":13396224},{"p":[75,75,125],"c":13396224},{"p":[-75,75,75],"c":13396224},{"p":[-25,75,75],"c":13396224},{"p":[25,75,75],"c":13396224},{"p":[75,75,75],"c":13396224},{"p":[-75,75,-175],"c":13396224},{"p":[-25,75,-175],"c":13396224},{"p":[25,75,-175],"c":13396224},{"p":[75,75,-175],"c":13396224},{"p":[-75,75,-125],"c":13396224},{"p":[75,75,-125],"c":13396224},{"p":[-75,75,-75],"c":13396224},{"p":[-25,75,-75],"c":13396224},{"p":[25,75,-75],"c":13396224},{"p":[75,75,-75],"c":13396224},{"p":[-75,125,175],"c":35572},{"p":[-75,125,125],"c":35572},{"p":[-75,125,75],"c":35572},{"p":[-75,125,-75],"c":35572},{"p":[-75,125,-125],"c":35572},{"p":[-75,125,-175],"c":35572},{"p":[-75,125,25],"c":35572},{"p":[-75,125,-25],"c":35572},{"p":[-25,125,175],"c":35572},{"p":[25,125,175],"c":35572},{"p":[-25,125,-175],"c":35572},{"p":[25,125,-175],"c":35572},{"p":[25,125,125],"c":35572},{"p":[25,125,75],"c":35572},{"p":[-25,125,25],"c":35572},{"p":[-25,125,-25],"c":35572},{"p":[25,125,25],"c":35572},{"p":[25,125,-25],"c":35572},{"p":[25,125,-75],"c":35572},{"p":[25,125,-125],"c":35572},{"p":[-75,175,175],"c":35572},{"p":[-75,175,125],"c":35572},{"p":[-75,175,75],"c":35572},{"p":[-75,175,25],"c":35572},{"p":[-75,175,-25],"c":35572},{"p":[-75,175,-75],"c":35572},{"p":[-75,175,-125],"c":35572},{"p":[-75,175,-175],"c":35572},{"p":[25,175,175],"c":35572},{"p":[-25,175,175],"c":35572},{"p":[-25,175,-175],"c":35572},{"p":[25,175,-175],"c":35572},{"p":[25,175,125],"c":35572},{"p":[25,175,75],"c":35572},{"p":[25,175,25],"c":35572},{"p":[25,175,-25],"c":35572},{"p":[25,175,-75],"c":35572},{"p":[25,175,-125],"c":35572},{"p":[-75,225,175],"c":49061},{"p":[-25,225,175],"c":49061},{"p":[25,225,175],"c":49061},{"p":[-75,225,-175],"c":49061},{"p":[-25,225,-175],"c":49061},{"p":[25,225,-175],"c":49061},{"p":[25,225,125],"c":49061},{"p":[25,225,75],"c":49061},{"p":[25,225,25],"c":49061},{"p":[25,225,-25],"c":49061},{"p":[25,225,-75],"c":49061},{"p":[25,225,-125],"c":49061},{"p":[-125,225,-175],"c":49061},{"p":[-125,225,175],"c":49061},{"p":[-125,225,-125],"c":49061},{"p":[-125,225,-75],"c":49061},{"p":[-125,225,-25],"c":49061},{"p":[-125,225,25],"c":49061},{"p":[-125,225,75],"c":49061},{"p":[-125,225,125],"c":49061},{"p":[-125,275,-175],"c":49061},{"p":[-125,275,-125],"c":49061},{"p":[-125,275,-75],"c":49061},{"p":[-125,275,-25],"c":49061},{"p":[-125,275,25],"c":49061},{"p":[-125,275,75],"c":49061},{"p":[-125,275,125],"c":49061},{"p":[-125,275,175],"c":49061},{"p":[-125,325,-175],"c":49061},{"p":[-125,325,-125],"c":49061},{"p":[-125,325,-75],"c":49061},{"p":[-125,325,-25],"c":49061},{"p":[-125,325,25],"c":49061},{"p":[-125,325,75],"c":49061},{"p":[-125,325,125],"c":49061},{"p":[-125,325,175],"c":49061},{"p":[-125,375,-175],"c":49061},{"p":[-125,375,-125],"c":49061},{"p":[-125,375,-75],"c":49061},{"p":[-125,375,-25],"c":49061},{"p":[-125,375,25],"c":49061},{"p":[-125,375,75],"c":49061},{"p":[-125,375,125],"c":49061},{"p":[-125,375,175],"c":49061},{"p":[-75,275,175],"c":49061},{"p":[-25,275,175],"c":49061},{"p":[25,275,175],"c":49061},{"p":[-75,325,175],"c":49061},{"p":[-75,375,175],"c":49061},{"p":[-75,275,-175],"c":49061},{"p":[-25,275,-175],"c":49061},{"p":[25,275,-175],"c":49061},{"p":[-75,325,-175],"c":49061},{"p":[-75,375,-175],"c":49061},{"p":[25,275,125],"c":49061},{"p":[25,275,75],"c":49061},{"p":[25,275,25],"c":49061},{"p":[25,275,-25],"c":49061},{"p":[25,275,-75],"c":49061},{"p":[25,275,-125],"c":49061},{"p":[25,325,175],"c":49061},{"p":[25,325,125],"c":49061},{"p":[25,325,75],"c":49061},{"p":[25,325,25],"c":11526144},{"p":[25,325,-25],"c":11526144},{"p":[25,325,-75],"c":49061},{"p":[25,325,-125],"c":49061},{"p":[25,325,-175],"c":49061},{"p":[25,375,175],"c":49061},{"p":[25,375,125],"c":49061},{"p":[25,375,75],"c":11526144},{"p":[25,375,25],"c":11526144},{"p":[25,375,-25],"c":11526144},{"p":[25,375,-75],"c":11526144},{"p":[25,375,-125],"c":49061},{"p":[25,375,-175],"c":49061},{"p":[25,425,175],"c":11526144},{"p":[75,425,175],"c":11526144},{"p":[125,425,175],"c":11526144},{"p":[-25,425,175],"c":11526144},{"p":[-75,425,175],"c":11526144},{"p":[-125,425,175],"c":11526144},{"p":[-125,425,-175],"c":11526144},{"p":[-75,425,-175],"c":11526144},{"p":[25,425,-175],"c":11526144},{"p":[-25,425,-175],"c":11526144},{"p":[-175,425,-175],"c":11526144},{"p":[-175,425,175],"c":11526144},{"p":[-175,425,-125],"c":11526144},{"p":[-175,425,-75],"c":11526144},{"p":[-175,425,-25],"c":11526144},{"p":[-175,425,25],"c":11526144},{"p":[-175,425,75],"c":11526144},{"p":[-175,425,125],"c":11526144},{"p":[75,425,-175],"c":11526144},{"p":[125,425,-175],"c":11526144},{"p":[75,425,125],"c":11526144},{"p":[125,425,125],"c":11526144},{"p":[75,425,75],"c":11526144},{"p":[125,425,75],"c":11526144},{"p":[75,425,25],"c":11526144},{"p":[125,425,25],"c":11526144},{"p":[75,425,-25],"c":11526144},{"p":[125,425,-25],"c":11526144},{"p":[75,425,-75],"c":11526144},{"p":[125,425,-75],"c":11526144},{"p":[75,425,-125],"c":11526144},{"p":[125,425,-125],"c":11526144},{"p":[125,475,-175],"c":11526144},{"p":[75,475,-175],"c":11526144},{"p":[25,475,-175],"c":11526144},{"p":[-25,475,-175],"c":11526144},{"p":[-75,475,-175],"c":11526144},{"p":[-125,475,-175],"c":11526144},{"p":[-175,475,-175],"c":11526144},{"p":[125,525,-175],"c":11526144},{"p":[75,525,-175],"c":11526144},{"p":[25,525,-175],"c":11526144},{"p":[-25,525,-175],"c":11526144},{"p":[-75,525,-175],"c":11526144},{"p":[-125,525,-175],"c":11526144},{"p":[-175,525,-175],"c":11526144},{"p":[125,575,-175],"c":11526144},{"p":[75,575,-175],"c":11526144},{"p":[25,575,-175],"c":11526144},{"p":[-25,575,-175],"c":11526144},{"p":[-75,575,-175],"c":11526144},{"p":[-125,575,-175],"c":11526144},{"p":[-175,575,-175],"c":11526144},{"p":[125,625,-175],"c":11526144},{"p":[75,625,-175],"c":11526144},{"p":[25,625,-175],"c":11526144},{"p":[-25,625,-175],"c":11526144},{"p":[-75,625,-175],"c":11526144},{"p":[-125,625,-175],"c":11526144},{"p":[-175,625,-175],"c":11526144},{"p":[125,675,-175],"c":11526144},{"p":[75,675,-175],"c":11526144},{"p":[25,675,-175],"c":11526144},{"p":[-25,675,-175],"c":11526144},{"p":[-75,675,-175],"c":11526144},{"p":[-125,675,-175],"c":11526144},{"p":[-175,675,-175],"c":11526144},{"p":[125,725,-175],"c":11526144},{"p":[75,725,-175],"c":11526144},{"p":[25,725,-175],"c":11526144},{"p":[-25,725,-175],"c":11526144},{"p":[-75,725,-175],"c":11526144},{"p":[-125,725,-175],"c":11526144},{"p":[-175,725,-175],"c":11526144},{"p":[125,475,175],"c":11526144},{"p":[125,475,125],"c":11526144},{"p":[125,475,75],"c":11526144},{"p":[125,475,25],"c":46354},{"p":[125,475,-25],"c":46354},{"p":[125,475,-75],"c":11526144},{"p":[125,475,-125],"c":11526144},{"p":[125,525,175],"c":11526144},{"p":[125,525,125],"c":2236962},{"p":[125,525,75],"c":2236962},{"p":[125,525,25],"c":11526144},{"p":[125,525,-25],"c":11526144},{"p":[125,525,-75],"c":2236962},{"p":[125,525,-125],"c":2236962},{"p":[125,575,175],"c":11526144},{"p":[125,575,125],"c":11526144},{"p":[125,575,75],"c":11526144},{"p":[125,575,25],"c":11526144},{"p":[125,575,-25],"c":11526144},{"p":[125,575,-75],"c":11526144},{"p":[125,575,-125],"c":11526144},{"p":[125,625,175],"c":11526144},{"p":[125,625,125],"c":11526144},{"p":[125,625,75],"c":11526144},{"p":[125,625,25],"c":11526144},{"p":[125,625,-25],"c":11526144},{"p":[125,625,-75],"c":11526144},{"p":[125,625,-125],"c":11526144},{"p":[125,675,175],"c":11526144},{"p":[125,675,125],"c":11526144},{"p":[125,675,75],"c":11526144},{"p":[125,675,25],"c":11526144},{"p":[125,675,-25],"c":11526144},{"p":[125,675,-75],"c":11526144},{"p":[125,675,-125],"c":11526144},{"p":[125,725,175],"c":11526144},{"p":[125,725,125],"c":11526144},{"p":[125,725,75],"c":11526144},{"p":[125,725,25],"c":11526144},{"p":[125,725,-25],"c":11526144},{"p":[125,725,-75],"c":11526144},{"p":[125,725,-125],"c":11526144},{"p":[-175,475,175],"c":11526144},{"p":[-125,475,175],"c":11526144},{"p":[-75,475,175],"c":11526144},{"p":[-25,475,175],"c":11526144},{"p":[25,475,175],"c":11526144},{"p":[75,475,175],"c":11526144},{"p":[-175,525,175],"c":11526144},{"p":[-125,525,175],"c":11526144},{"p":[-75,525,175],"c":11526144},{"p":[-25,525,175],"c":11526144},{"p":[25,525,175],"c":11526144},{"p":[75,525,175],"c":11526144},{"p":[-175,575,175],"c":11526144},{"p":[-125,575,175],"c":11526144},{"p":[-75,575,175],"c":11526144},{"p":[-25,575,175],"c":11526144},{"p":[25,575,175],"c":11526144},{"p":[75,575,175],"c":11526144},{"p":[-175,625,175],"c":11526144},{"p":[-125,625,175],"c":11526144},{"p":[-75,625,175],"c":11526144},{"p":[-25,625,175],"c":11526144},{"p":[25,625,175],"c":11526144},{"p":[75,625,175],"c":11526144},{"p":[-175,675,175],"c":11526144},{"p":[-125,675,175],"c":11526144},{"p":[-75,675,175],"c":11526144},{"p":[-25,675,175],"c":11526144},{"p":[25,675,175],"c":11526144},{"p":[75,675,175],"c":11526144},{"p":[-175,725,175],"c":11526144},{"p":[-125,725,175],"c":11526144},{"p":[-75,725,175],"c":11526144},{"p":[-25,725,175],"c":11526144},{"p":[25,725,175],"c":11526144},{"p":[75,725,175],"c":11526144},{"p":[-175,475,-125],"c":11526144},{"p":[-175,475,-75],"c":11526144},{"p":[-175,475,-25],"c":11526144},{"p":[-175,475,25],"c":11526144},{"p":[-175,475,75],"c":11526144},{"p":[-175,475,125],"c":11526144},{"p":[-175,525,-125],"c":11526144},{"p":[-175,525,-75],"c":11526144},{"p":[-175,525,-25],"c":11526144},{"p":[-175,525,25],"c":11526144},{"p":[-175,525,75],"c":11526144},{"p":[-175,525,125],"c":11526144},{"p":[-175,575,-125],"c":11526144},{"p":[-175,575,-75],"c":11526144},{"p":[-175,575,-25],"c":11526144},{"p":[-175,575,25],"c":11526144},{"p":[-175,575,75],"c":11526144},{"p":[-175,575,125],"c":11526144},{"p":[-175,625,-125],"c":11526144},{"p":[-175,625,-75],"c":11526144},{"p":[-175,625,-25],"c":11526144},{"p":[-175,625,25],"c":11526144},{"p":[-175,625,75],"c":11526144},{"p":[-175,625,125],"c":11526144},{"p":[-175,675,-125],"c":11526144},{"p":[-175,675,-75],"c":11526144},{"p":[-175,675,-25],"c":11526144},{"p":[-175,675,25],"c":11526144},{"p":[-175,675,75],"c":11526144},{"p":[-175,675,125],"c":11526144},{"p":[-175,725,-125],"c":11526144},{"p":[-175,725,-75],"c":11526144},{"p":[-175,725,-25],"c":11526144},{"p":[-175,725,25],"c":11526144},{"p":[-175,725,75],"c":11526144},{"p":[-175,725,125],"c":11526144},{"p":[75,725,-125],"c":11526144},{"p":[75,725,-75],"c":11526144},{"p":[75,725,-25],"c":11526144},{"p":[75,725,25],"c":11526144},{"p":[75,725,75],"c":11526144},{"p":[75,725,125],"c":11526144},{"p":[25,725,-125],"c":11526144},{"p":[25,725,-75],"c":11526144},{"p":[25,725,-25],"c":11526144},{"p":[25,725,25],"c":11526144},{"p":[25,725,75],"c":11526144},{"p":[25,725,125],"c":11526144},{"p":[-25,725,-125],"c":11526144},{"p":[-25,725,-75],"c":11526144},{"p":[-25,725,-25],"c":11526144},{"p":[-25,725,25],"c":11526144},{"p":[-25,725,75],"c":11526144},{"p":[-25,725,125],"c":11526144},{"p":[-75,725,-125],"c":11526144},{"p":[-75,725,-75],"c":11526144},{"p":[-75,725,-25],"c":11526144},{"p":[-75,725,25],"c":11526144},{"p":[-75,725,75],"c":11526144},{"p":[-75,725,125],"c":11526144},{"p":[-125,725,-125],"c":11526144},{"p":[-125,725,-75],"c":11526144},{"p":[-125,725,-25],"c":11526144},{"p":[-125,725,25],"c":11526144},{"p":[-125,725,75],"c":11526144},{"p":[-125,725,125],"c":11526144},{"p":[25,325,225],"c":49061},{"p":[25,375,225],"c":49061},{"p":[-25,325,225],"c":49061},{"p":[-25,375,225],"c":49061},{"p":[25,325,275],"c":49061},{"p":[25,375,275],"c":49061},{"p":[-25,325,275],"c":49061},{"p":[-25,375,275],"c":49061},{"p":[75,325,225],"c":49061},{"p":[75,325,275],"c":49061},{"p":[75,375,225],"c":49061},{"p":[75,375,275],"c":49061},{"p":[25,375,-225],"c":49061},{"p":[25,325,-225],"c":49061},{"p":[-25,325,-225],"c":49061},{"p":[-25,375,-225],"c":49061},{"p":[-25,325,-275],"c":49061},{"p":[25,325,-275],"c":49061},{"p":[25,375,-275],"c":49061},{"p":[-25,375,-275],"c":49061},{"p":[75,325,-225],"c":49061},{"p":[75,325,-275],"c":49061},{"p":[75,375,-225],"c":49061},{"p":[75,375,-275],"c":49061},{"p":[125,325,-225],"c":11526144},{"p":[125,325,-275],"c":11526144},{"p":[125,375,-225],"c":11526144},{"p":[125,375,-275],"c":11526144},{"p":[175,325,-225],"c":11526144},{"p":[175,325,-275],"c":11526144},{"p":[175,375,-225],"c":11526144},{"p":[175,375,-275],"c":11526144},{"p":[225,325,-225],"c":11526144},{"p":[225,325,-275],"c":11526144},{"p":[225,375,-225],"c":11526144},{"p":[225,375,-275],"c":11526144},{"p":[125,325,225],"c":11526144},{"p":[125,325,275],"c":11526144},{"p":[125,375,225],"c":11526144},{"p":[125,375,275],"c":11526144},{"p":[175,325,225],"c":11526144},{"p":[175,325,275],"c":11526144},{"p":[175,375,225],"c":11526144},{"p":[175,375,275],"c":11526144},{"p":[225,325,225],"c":11526144},{"p":[225,325,275],"c":11526144},{"p":[225,375,225],"c":11526144},{"p":[225,375,275],"c":11526144},{"p":[-75,75,25],"c":15991011},{"p":[-75,75,-25],"c":15991011},{"p":[-25,75,25],"c":15991011},{"p":[-25,75,-25],"c":15991011},{"p":[25,75,25],"c":15991011},{"p":[25,75,-25],"c":15991011},{"p":[-125,75,-175],"c":15991011},{"p":[-125,75,-125],"c":15991011},{"p":[-125,75,-75],"c":15991011},{"p":[-125,75,75],"c":15991011},{"p":[-125,75,125],"c":15991011},{"p":[-125,75,175],"c":15991011},{"p":[-125,175,-175],"c":15991011},{"p":[-125,175,-125],"c":15991011},{"p":[-125,175,-75],"c":15991011},{"p":[-125,175,-25],"c":15991011},{"p":[-125,175,25],"c":15991011},{"p":[-125,175,75],"c":15991011},{"p":[-125,175,125],"c":15991011},{"p":[-125,175,175],"c":15991011},{"p":[-125,125,-175],"c":15991011},{"p":[-125,125,-125],"c":15991011},{"p":[-125,125,-75],"c":15991011},{"p":[-125,125,-25],"c":15991011},{"p":[-125,125,25],"c":15991011},{"p":[-125,125,75],"c":15991011},{"p":[-125,125,125],"c":15991011},{"p":[-125,125,175],"c":15991011},{"p":[-75,75,225],"c":15991011},{"p":[-25,75,225],"c":15991011},{"p":[25,75,225],"c":15991011},{"p":[75,75,225],"c":15991011},{"p":[-75,125,225],"c":15991011},{"p":[-25,125,225],"c":15991011},{"p":[25,125,225],"c":15991011},{"p":[-75,175,225],"c":15991011},{"p":[-25,175,225],"c":15991011},{"p":[25,175,225],"c":15991011},{"p":[75,125,175],"c":15991011},{"p":[75,125,125],"c":15991011},{"p":[75,125,75],"c":15991011},{"p":[125,75,175],"c":15991011},{"p":[125,75,125],"c":15991011},{"p":[125,75,75],"c":15991011},{"p":[75,175,175],"c":15991011},{"p":[75,175,125],"c":15991011},{"p":[75,175,75],"c":15991011},{"p":[75,75,25],"c":15991011},{"p":[75,75,-25],"c":15991011},{"p":[75,125,-175],"c":15991011},{"p":[75,125,-125],"c":15991011},{"p":[75,125,-75],"c":15991011},{"p":[125,75,-175],"c":15991011},{"p":[125,75,-125],"c":15991011},{"p":[125,75,-75],"c":15991011},{"p":[75,125,25],"c":15991011},{"p":[75,125,-25],"c":15991011},{"p":[75,175,25],"c":15991011},{"p":[75,175,-25],"c":15991011},{"p":[75,175,-75],"c":15991011},{"p":[75,175,-125],"c":15991011},{"p":[75,175,-175],"c":15991011},{"p":[75,75,-225],"c":15991011},{"p":[25,75,-225],"c":15991011},{"p":[-25,75,-225],"c":15991011},{"p":[-75,75,-225],"c":15991011},{"p":[25,125,-225],"c":15991011},{"p":[-25,125,-225],"c":15991011},{"p":[-75,125,-225],"c":15991011},{"p":[25,175,-225],"c":15991011},{"p":[-25,175,-225],"c":15991011},{"p":[-75,175,-225],"c":15991011},{"p":[-175,375,-175],"c":15991011},{"p":[-175,375,-125],"c":15991011},{"p":[-175,375,-75],"c":15991011},{"p":[-175,375,-25],"c":15991011},{"p":[-175,375,25],"c":15991011},{"p":[-175,375,75],"c":15991011},{"p":[-175,375,125],"c":15991011},{"p":[-175,375,175],"c":15991011},{"p":[-175,325,-175],"c":15991011},{"p":[-175,325,-125],"c":15991011},{"p":[-175,325,-75],"c":15991011},{"p":[-175,325,-25],"c":15991011},{"p":[-175,325,25],"c":15991011},{"p":[-175,325,75],"c":15991011},{"p":[-175,325,125],"c":15991011},{"p":[-175,325,175],"c":15991011},{"p":[-175,275,-175],"c":15991011},{"p":[-175,275,-125],"c":15991011},{"p":[-175,275,-75],"c":15991011},{"p":[-175,275,-25],"c":15991011},{"p":[-175,275,25],"c":15991011},{"p":[-175,275,75],"c":15991011},{"p":[-175,275,125],"c":15991011},{"p":[-175,275,175],"c":15991011},{"p":[-175,225,-175],"c":15991011},{"p":[-175,225,-125],"c":15991011},{"p":[-175,225,-75],"c":15991011},{"p":[-175,225,-25],"c":15991011},{"p":[-175,225,25],"c":15991011},{"p":[-175,225,75],"c":15991011},{"p":[-175,225,125],"c":15991011},{"p":[-175,225,175],"c":15991011},{"p":[25,225,225],"c":15991011},{"p":[-25,225,225],"c":15991011},{"p":[-75,225,225],"c":15991011},{"p":[-125,225,225],"c":15991011},{"p":[25,275,225],"c":15991011},{"p":[-25,275,225],"c":15991011},{"p":[-75,275,225],"c":15991011},{"p":[-125,275,225],"c":15991011},{"p":[-75,375,225],"c":15991011},{"p":[-75,375,275],"c":15991011},{"p":[-75,325,225],"c":15991011},{"p":[-125,325,225],"c":15991011},{"p":[-125,375,225],"c":15991011},{"p":[-75,325,275],"c":15991011},{"p":[75,275,225],"c":15991011},{"p":[125,275,225],"c":15991011},{"p":[175,275,225],"c":15991011},{"p":[225,275,225],"c":15991011},{"p":[-25,275,275],"c":15991011},{"p":[25,275,275],"c":15991011},{"p":[75,275,275],"c":15991011},{"p":[125,275,275],"c":15991011},{"p":[175,275,275],"c":15991011},{"p":[225,275,275],"c":15991011},{"p":[-25,375,325],"c":15991011},{"p":[25,375,325],"c":15991011},{"p":[75,375,325],"c":15991011},{"p":[125,375,325],"c":15991011},{"p":[175,375,325],"c":15991011},{"p":[225,375,325],"c":15991011},{"p":[-25,325,325],"c":15991011},{"p":[25,325,325],"c":15991011},{"p":[75,325,325],"c":15991011},{"p":[125,325,325],"c":15991011},{"p":[175,325,325],"c":15991011},{"p":[225,325,325],"c":15991011},{"p":[-175,425,225],"c":15991011},{"p":[-125,425,225],"c":15991011},{"p":[-75,425,225],"c":15991011},{"p":[-25,425,225],"c":15991011},{"p":[25,425,225],"c":15991011},{"p":[75,425,225],"c":15991011},{"p":[125,425,225],"c":15991011},{"p":[-175,475,225],"c":15991011},{"p":[-125,475,225],"c":15991011},{"p":[-75,475,225],"c":15991011},{"p":[-25,475,225],"c":15991011},{"p":[25,475,225],"c":15991011},{"p":[75,475,225],"c":15991011},{"p":[125,475,225],"c":15991011},{"p":[175,425,225],"c":15991011},{"p":[225,425,225],"c":15991011},{"p":[-25,425,275],"c":15991011},{"p":[25,425,275],"c":15991011},{"p":[75,425,275],"c":15991011},{"p":[125,425,275],"c":15991011},{"p":[175,425,275],"c":15991011},{"p":[225,425,275],"c":15991011},{"p":[275,325,225],"c":15991011},{"p":[275,325,275],"c":15991011},{"p":[275,375,225],"c":15991011},{"p":[275,375,275],"c":15991011},{"p":[75,375,175],"c":15991011},{"p":[125,375,175],"c":15991011},{"p":[175,375,175],"c":15991011},{"p":[225,375,175],"c":15991011},{"p":[75,375,-175],"c":15991011},{"p":[75,375,-125],"c":15991011},{"p":[75,375,-75],"c":15991011},{"p":[75,375,-25],"c":15991011},{"p":[75,375,25],"c":15991011},{"p":[75,375,75],"c":15991011},{"p":[75,375,125],"c":15991011},{"p":[125,375,-175],"c":15991011},{"p":[125,375,-125],"c":15991011},{"p":[125,375,-75],"c":15991011},{"p":[125,375,-25],"c":15991011},{"p":[125,375,25],"c":15991011},{"p":[125,375,75],"c":15991011},{"p":[125,375,125],"c":15991011},{"p":[75,325,175],"c":15991011},{"p":[125,325,175],"c":15991011},{"p":[175,325,175],"c":15991011},{"p":[225,325,175],"c":15991011},{"p":[75,325,-175],"c":15991011},{"p":[125,325,-175],"c":15991011},{"p":[175,325,-175],"c":15991011},{"p":[225,325,-175],"c":15991011},{"p":[175,375,-175],"c":15991011},{"p":[225,375,-175],"c":15991011},{"p":[75,325,125],"c":15991011},{"p":[75,325,75],"c":15991011},{"p":[75,325,25],"c":15991011},{"p":[75,325,-25],"c":15991011},{"p":[75,325,-75],"c":15991011},{"p":[75,325,-125],"c":15991011},{"p":[75,275,175],"c":15991011},{"p":[75,275,125],"c":15991011},{"p":[75,275,75],"c":15991011},{"p":[75,275,25],"c":15991011},{"p":[75,275,-25],"c":15991011},{"p":[75,275,-75],"c":15991011},{"p":[75,275,-125],"c":15991011},{"p":[75,275,-175],"c":15991011},{"p":[75,225,175],"c":15991011},{"p":[75,225,125],"c":15991011},{"p":[75,225,75],"c":15991011},{"p":[75,225,25],"c":15991011},{"p":[75,225,-25],"c":15991011},{"p":[75,225,-75],"c":15991011},{"p":[75,225,-125],"c":15991011},{"p":[75,225,-175],"c":15991011},{"p":[25,225,-225],"c":15991011},{"p":[-25,225,-225],"c":15991011},{"p":[-75,225,-225],"c":15991011},{"p":[-125,225,-225],"c":15991011},{"p":[25,275,-225],"c":15991011},{"p":[-25,275,-225],"c":15991011},{"p":[-75,275,-225],"c":15991011},{"p":[-125,275,-225],"c":15991011},{"p":[-125,325,-225],"c":15991011},{"p":[-75,325,-225],"c":15991011},{"p":[-75,375,-225],"c":15991011},{"p":[-125,375,-225],"c":15991011},{"p":[225,275,-225],"c":15991011},{"p":[175,275,-225],"c":15991011},{"p":[125,275,-225],"c":15991011},{"p":[75,275,-225],"c":15991011},{"p":[225,275,-275],"c":15991011},{"p":[175,275,-275],"c":15991011},{"p":[125,275,-275],"c":15991011},{"p":[75,275,-275],"c":15991011},{"p":[25,275,-275],"c":15991011},{"p":[-25,275,-275],"c":15991011},{"p":[225,375,-325],"c":15991011},{"p":[175,375,-325],"c":15991011},{"p":[125,375,-325],"c":15991011},{"p":[75,375,-325],"c":15991011},{"p":[25,375,-325],"c":15991011},{"p":[-25,375,-325],"c":15991011},{"p":[225,325,-325],"c":15991011},{"p":[175,325,-325],"c":15991011},{"p":[125,325,-325],"c":15991011},{"p":[75,325,-325],"c":15991011},{"p":[25,325,-325],"c":15991011},{"p":[-25,325,-325],"c":15991011},{"p":[-75,325,-275],"c":15991011},{"p":[-75,375,-275],"c":15991011},{"p":[225,425,-225],"c":15991011},{"p":[175,425,-225],"c":15991011},{"p":[125,425,-225],"c":15991011},{"p":[75,425,-225],"c":15991011},{"p":[25,425,-225],"c":15991011},{"p":[-25,425,-225],"c":15991011},{"p":[225,425,-275],"c":15991011},{"p":[175,425,-275],"c":15991011},{"p":[125,425,-275],"c":15991011},{"p":[75,425,-275],"c":15991011},{"p":[25,425,-275],"c":15991011},{"p":[-25,425,-275],"c":15991011},{"p":[-75,425,-225],"c":15991011},{"p":[-125,425,-225],"c":15991011},{"p":[-175,425,-225],"c":15991011},{"p":[125,475,-225],"c":15991011},{"p":[75,475,-225],"c":15991011},{"p":[25,475,-225],"c":15991011},{"p":[-25,475,-225],"c":15991011},{"p":[-75,475,-225],"c":15991011},{"p":[-125,475,-225],"c":15991011},{"p":[-175,475,-225],"c":15991011},{"p":[125,525,-225],"c":15991011},{"p":[75,525,-225],"c":15991011},{"p":[25,525,-225],"c":15991011},{"p":[-25,525,-225],"c":15991011},{"p":[-75,525,-225],"c":15991011},{"p":[-125,525,-225],"c":15991011},{"p":[-175,525,-225],"c":15991011},{"p":[125,575,-225],"c":15991011},{"p":[75,575,-225],"c":15991011},{"p":[25,575,-225],"c":15991011},{"p":[-25,575,-225],"c":15991011},{"p":[-75,575,-225],"c":15991011},{"p":[-125,575,-225],"c":15991011},{"p":[-175,575,-225],"c":15991011},{"p":[125,625,-225],"c":15991011},{"p":[75,625,-225],"c":15991011},{"p":[25,625,-225],"c":15991011},{"p":[-25,625,-225],"c":15991011},{"p":[-75,625,-225],"c":15991011},{"p":[-125,625,-225],"c":15991011},{"p":[-175,625,-225],"c":15991011},{"p":[125,675,-225],"c":15991011},{"p":[75,675,-225],"c":15991011},{"p":[25,675,-225],"c":15991011},{"p":[-25,675,-225],"c":15991011},{"p":[-75,675,-225],"c":15991011},{"p":[-125,675,-225],"c":15991011},{"p":[-175,675,-225],"c":15991011},{"p":[125,725,-225],"c":15991011},{"p":[75,725,-225],"c":15991011},{"p":[25,725,-225],"c":15991011},{"p":[-25,725,-225],"c":15991011},{"p":[-75,725,-225],"c":15991011},{"p":[-125,725,-225],"c":15991011},{"p":[-175,725,-225],"c":15991011},{"p":[125,775,175],"c":15991011},{"p":[75,775,175],"c":15991011},{"p":[25,775,175],"c":15991011},{"p":[-25,775,175],"c":15991011},{"p":[-75,775,175],"c":15991011},{"p":[-125,775,175],"c":15991011},{"p":[-175,775,175],"c":15991011},{"p":[125,775,125],"c":15991011},{"p":[75,775,125],"c":15991011},{"p":[25,775,125],"c":15991011},{"p":[-25,775,125],"c":15991011},{"p":[-75,775,125],"c":15991011},{"p":[-125,775,125],"c":15991011},{"p":[-175,775,125],"c":15991011},{"p":[125,775,75],"c":15991011},{"p":[75,775,75],"c":15991011},{"p":[25,775,75],"c":15991011},{"p":[-25,775,75],"c":15991011},{"p":[-75,775,75],"c":15991011},{"p":[-125,775,75],"c":15991011},{"p":[-175,775,75],"c":15991011},{"p":[125,775,25],"c":15991011},{"p":[75,775,25],"c":15991011},{"p":[25,775,25],"c":15991011},{"p":[-25,775,25],"c":15991011},{"p":[-75,775,25],"c":15991011},{"p":[-125,775,25],"c":15991011},{"p":[-175,775,25],"c":15991011},{"p":[125,775,-25],"c":15991011},{"p":[75,775,-25],"c":15991011},{"p":[25,775,-25],"c":15991011},{"p":[-25,775,-25],"c":15991011},{"p":[-75,775,-25],"c":15991011},{"p":[-125,775,-25],"c":15991011},{"p":[-175,775,-25],"c":15991011},{"p":[125,775,-75],"c":15991011},{"p":[75,775,-75],"c":15991011},{"p":[25,775,-75],"c":15991011},{"p":[-25,775,-75],"c":15991011},{"p":[-75,775,-75],"c":15991011},{"p":[-125,775,-75],"c":15991011},{"p":[-175,775,-75],"c":15991011},{"p":[125,775,-125],"c":15991011},{"p":[75,775,-125],"c":15991011},{"p":[25,775,-125],"c":15991011},{"p":[-25,775,-125],"c":15991011},{"p":[-75,775,-125],"c":15991011},{"p":[-125,775,-125],"c":15991011},{"p":[-175,775,-125],"c":15991011},{"p":[125,775,-175],"c":15991011},{"p":[75,775,-175],"c":15991011},{"p":[25,775,-175],"c":15991011},{"p":[-25,775,-175],"c":15991011},{"p":[-75,775,-175],"c":15991011},{"p":[-125,775,-175],"c":15991011},{"p":[-175,775,-175],"c":15991011},{"p":[-225,425,-175],"c":15991011},{"p":[-225,425,-125],"c":15991011},{"p":[-225,425,-75],"c":15991011},{"p":[-225,425,-25],"c":15991011},{"p":[-225,425,25],"c":15991011},{"p":[-225,425,75],"c":15991011},{"p":[-225,425,125],"c":15991011},{"p":[-225,425,175],"c":15991011},{"p":[-225,475,-175],"c":15991011},{"p":[-225,475,-125],"c":15991011},{"p":[-225,475,-75],"c":15991011},{"p":[-225,475,-25],"c":15991011},{"p":[-225,475,25],"c":15991011},{"p":[-225,475,75],"c":15991011},{"p":[-225,475,125],"c":15991011},{"p":[-225,475,175],"c":15991011},{"p":[-225,525,-175],"c":15991011},{"p":[-225,525,-125],"c":15991011},{"p":[-225,525,-75],"c":15991011},{"p":[-225,525,-25],"c":15991011},{"p":[-225,525,25],"c":15991011},{"p":[-225,525,75],"c":15991011},{"p":[-225,525,125],"c":15991011},{"p":[-225,525,175],"c":15991011},{"p":[-225,575,-175],"c":15991011},{"p":[-225,575,-125],"c":15991011},{"p":[-225,575,-75],"c":15991011},{"p":[-225,575,-25],"c":15991011},{"p":[-225,575,25],"c":15991011},{"p":[-225,575,75],"c":15991011},{"p":[-225,575,125],"c":15991011},{"p":[-225,575,175],"c":15991011},{"p":[-225,625,-175],"c":15991011},{"p":[-225,625,-125],"c":15991011},{"p":[-225,625,-75],"c":15991011},{"p":[-225,625,-25],"c":15991011},{"p":[-225,625,25],"c":15991011},{"p":[-225,625,75],"c":15991011},{"p":[-225,625,125],"c":15991011},{"p":[-225,625,175],"c":15991011},{"p":[-225,675,-175],"c":15991011},{"p":[-225,675,-125],"c":15991011},{"p":[-225,675,-75],"c":15991011},{"p":[-225,675,-25],"c":15991011},{"p":[-225,675,25],"c":15991011},{"p":[-225,675,75],"c":15991011},{"p":[-225,675,125],"c":15991011},{"p":[-225,675,175],"c":15991011},{"p":[-225,725,-175],"c":15991011},{"p":[-225,725,-125],"c":15991011},{"p":[-225,725,-75],"c":15991011},{"p":[-225,725,-25],"c":15991011},{"p":[-225,725,25],"c":15991011},{"p":[-225,725,75],"c":15991011},{"p":[-225,725,125],"c":15991011},{"p":[-225,725,175],"c":15991011},{"p":[-175,525,225],"c":15991011},{"p":[-125,525,225],"c":15991011},{"p":[-75,525,225],"c":15991011},{"p":[-25,525,225],"c":15991011},{"p":[25,525,225],"c":15991011},{"p":[75,525,225],"c":15991011},{"p":[125,525,225],"c":15991011},{"p":[-175,575,225],"c":15991011},{"p":[-125,575,225],"c":15991011},{"p":[-75,575,225],"c":15991011},{"p":[-25,575,225],"c":15991011},{"p":[25,575,225],"c":15991011},{"p":[75,575,225],"c":15991011},{"p":[125,575,225],"c":15991011},{"p":[-175,625,225],"c":15991011},{"p":[-125,625,225],"c":15991011},{"p":[-75,625,225],"c":15991011},{"p":[-25,625,225],"c":15991011},{"p":[25,625,225],"c":15991011},{"p":[75,625,225],"c":15991011},{"p":[125,625,225],"c":15991011},{"p":[-175,675,225],"c":15991011},{"p":[-125,675,225],"c":15991011},{"p":[-75,675,225],"c":15991011},{"p":[-25,675,225],"c":15991011},{"p":[25,675,225],"c":15991011},{"p":[75,675,225],"c":15991011},{"p":[125,675,225],"c":15991011},{"p":[-175,725,225],"c":15991011},{"p":[-125,725,225],"c":15991011},{"p":[-75,725,225],"c":15991011},{"p":[-25,725,225],"c":15991011},{"p":[25,725,225],"c":15991011},{"p":[75,725,225],"c":15991011},{"p":[125,725,225],"c":15991011},{"p":[275,325,-225],"c":15991011},{"p":[275,325,-275],"c":15991011},{"p":[275,375,-225],"c":15991011},{"p":[275,375,-275],"c":15991011},{"p":[175,425,175],"c":15991011},{"p":[175,425,125],"c":15991011},{"p":[175,425,75],"c":15991011},{"p":[175,425,25],"c":15991011},{"p":[175,425,-25],"c":15991011},{"p":[175,425,-75],"c":15991011},{"p":[175,425,-125],"c":15991011},{"p":[175,425,-175],"c":15991011},{"p":[175,475,175],"c":15991011},{"p":[175,475,125],"c":15991011},{"p":[175,475,75],"c":15991011},{"p":[175,475,25],"c":15991011},{"p":[175,475,-25],"c":15991011},{"p":[175,475,-75],"c":15991011},{"p":[175,475,-125],"c":15991011},{"p":[175,475,-175],"c":15991011},{"p":[175,525,175],"c":15991011},{"p":[175,525,125],"c":15991011},{"p":[175,525,75],"c":15991011},{"p":[175,525,25],"c":15991011},{"p":[175,525,-25],"c":15991011},{"p":[175,525,-75],"c":15991011},{"p":[175,525,-125],"c":15991011},{"p":[175,525,-175],"c":15991011},{"p":[175,575,175],"c":15991011},{"p":[175,575,125],"c":15991011},{"p":[175,575,75],"c":15991011},{"p":[175,575,25],"c":15991011},{"p":[175,575,-25],"c":15991011},{"p":[175,575,-75],"c":15991011},{"p":[175,575,-125],"c":15991011},{"p":[175,575,-175],"c":15991011},{"p":[175,625,175],"c":15991011},{"p":[175,625,125],"c":15991011},{"p":[175,625,75],"c":15991011},{"p":[175,625,25],"c":15991011},{"p":[175,625,-25],"c":15991011},{"p":[175,625,-75],"c":15991011},{"p":[175,625,-125],"c":15991011},{"p":[175,625,-175],"c":15991011},{"p":[175,675,175],"c":15991011},{"p":[175,675,125],"c":15991011},{"p":[175,675,75],"c":15991011},{"p":[175,675,25],"c":15991011},{"p":[175,675,-25],"c":15991011},{"p":[175,675,-75],"c":15991011},{"p":[175,675,-125],"c":15991011},{"p":[175,675,-175],"c":15991011},{"p":[175,725,175],"c":15991011},{"p":[175,725,125],"c":15991011},{"p":[175,725,75],"c":15991011},{"p":[175,725,25],"c":15991011},{"p":[175,725,-25],"c":15991011},{"p":[175,725,-75],"c":15991011},{"p":[175,725,-125],"c":15991011},{"p":[175,725,-175],"c":15991011}];

  var leg = [{"p":[25,75,125],"c":35572},{"p":[25,75,75],"c":35572},{"p":[25,75,25],"c":35572},{"p":[25,75,-25],"c":35572},{"p":[25,75,-75],"c":35572},{"p":[25,75,-125],"c":35572},{"p":[25,75,-175],"c":35572},{"p":[25,75,-225],"c":35572},{"p":[125,75,125],"c":35572},{"p":[125,75,75],"c":35572},{"p":[125,75,25],"c":35572},{"p":[125,75,-25],"c":35572},{"p":[125,75,-75],"c":35572},{"p":[125,75,-125],"c":35572},{"p":[125,75,-175],"c":35572},{"p":[125,75,-225],"c":35572},{"p":[75,75,-25],"c":35572},{"p":[75,75,-75],"c":35572},{"p":[25,125,125],"c":35572},{"p":[75,125,125],"c":35572},{"p":[125,125,125],"c":35572},{"p":[25,125,75],"c":35572},{"p":[25,125,25],"c":35572},{"p":[125,125,25],"c":35572},{"p":[125,125,75],"c":35572},{"p":[25,125,-125],"c":35572},{"p":[125,125,-125],"c":35572},{"p":[25,125,-175],"c":35572},{"p":[25,125,-225],"c":35572},{"p":[125,125,-175],"c":35572},{"p":[125,125,-225],"c":35572},{"p":[75,125,-225],"c":35572},{"p":[25,125,-25],"c":35572},{"p":[25,125,-75],"c":35572},{"p":[125,125,-25],"c":35572},{"p":[125,125,-75],"c":35572},{"p":[75,75,125],"c":35572},{"p":[75,75,-225],"c":35572},{"p":[75,25,-25],"c":15991011},{"p":[75,25,-75],"c":15991011},{"p":[125,25,-25],"c":15991011},{"p":[125,25,-75],"c":15991011},{"p":[25,25,-25],"c":15991011},{"p":[25,25,-75],"c":15991011},{"p":[175,75,125],"c":15991011},{"p":[175,75,75],"c":15991011},{"p":[175,75,25],"c":15991011},{"p":[175,75,-25],"c":15991011},{"p":[175,75,-75],"c":15991011},{"p":[175,75,-125],"c":15991011},{"p":[175,75,-175],"c":15991011},{"p":[175,75,-225],"c":15991011},{"p":[175,125,125],"c":15991011},{"p":[175,125,75],"c":15991011},{"p":[175,125,25],"c":15991011},{"p":[175,125,-25],"c":15991011},{"p":[175,125,-75],"c":15991011},{"p":[175,125,-125],"c":15991011},{"p":[175,125,-175],"c":15991011},{"p":[175,125,-225],"c":15991011},{"p":[125,75,-275],"c":15991011},{"p":[75,75,-275],"c":15991011},{"p":[25,75,-275],"c":15991011},{"p":[125,125,-275],"c":15991011},{"p":[75,125,-275],"c":15991011},{"p":[25,125,-275],"c":15991011},{"p":[-25,75,125],"c":15991011},{"p":[-25,75,75],"c":15991011},{"p":[-25,75,25],"c":15991011},{"p":[-25,75,-25],"c":15991011},{"p":[-25,75,-75],"c":15991011},{"p":[-25,75,-125],"c":15991011},{"p":[-25,75,-175],"c":15991011},{"p":[-25,75,-225],"c":15991011},{"p":[-25,125,125],"c":15991011},{"p":[-25,125,75],"c":15991011},{"p":[-25,125,25],"c":15991011},{"p":[-25,125,-25],"c":15991011},{"p":[-25,125,-75],"c":15991011},{"p":[-25,125,-125],"c":15991011},{"p":[-25,125,-175],"c":15991011},{"p":[-25,125,-225],"c":15991011},{"p":[25,75,175],"c":15991011},{"p":[75,75,175],"c":15991011},{"p":[125,75,175],"c":15991011},{"p":[25,125,175],"c":15991011},{"p":[75,125,175],"c":15991011},{"p":[125,125,175],"c":15991011}];

  var torso = [{"p":[25,175,125],"c":49061},{"p":[75,175,125],"c":49061},{"p":[125,175,125],"c":49061},{"p":[25,175,-225],"c":49061},{"p":[75,175,-225],"c":49061},{"p":[125,175,-225],"c":49061},{"p":[125,175,75],"c":49061},{"p":[125,175,25],"c":49061},{"p":[125,175,-25],"c":49061},{"p":[125,175,-75],"c":49061},{"p":[125,175,-125],"c":49061},{"p":[125,175,-175],"c":49061},{"p":[25,225,125],"c":49061},{"p":[75,225,125],"c":49061},{"p":[125,225,125],"c":49061},{"p":[25,225,-225],"c":49061},{"p":[75,225,-225],"c":49061},{"p":[125,225,-225],"c":49061},{"p":[125,225,75],"c":49061},{"p":[125,225,25],"c":49061},{"p":[125,225,-25],"c":49061},{"p":[125,225,-75],"c":49061},{"p":[125,225,-125],"c":49061},{"p":[125,225,-175],"c":49061},{"p":[125,275,125],"c":49061},{"p":[125,275,75],"c":49061},{"p":[125,275,25],"c":49061},{"p":[125,275,-125],"c":49061},{"p":[125,275,-175],"c":49061},{"p":[125,275,-225],"c":49061},{"p":[25,275,125],"c":49061},{"p":[25,275,-225],"c":49061},{"p":[125,325,75],"c":49061},{"p":[125,325,125],"c":49061},{"p":[25,325,125],"c":49061},{"p":[25,325,-225],"c":49061},{"p":[125,325,-225],"c":49061},{"p":[125,325,-175],"c":49061},{"p":[125,275,-25],"c":11526144},{"p":[125,275,-75],"c":11526144},{"p":[125,325,25],"c":11526144},{"p":[125,325,-25],"c":11526144},{"p":[125,325,-75],"c":11526144},{"p":[125,325,-125],"c":11526144},{"p":[-25,325,-225],"c":49061},{"p":[-25,175,-225],"c":49061},{"p":[-25,275,-225],"c":49061},{"p":[-25,225,-225],"c":49061},{"p":[-25,325,125],"c":49061},{"p":[-25,275,125],"c":49061},{"p":[-25,225,125],"c":49061},{"p":[-25,175,125],"c":49061},{"p":[-25,175,-175],"c":49061},{"p":[-25,225,-175],"c":49061},{"p":[-25,175,-125],"c":49061},{"p":[-25,175,-75],"c":49061},{"p":[-25,175,-25],"c":49061},{"p":[-25,175,25],"c":49061},{"p":[-25,175,75],"c":49061},{"p":[-25,225,-125],"c":49061},{"p":[-25,225,-75],"c":49061},{"p":[-25,225,-25],"c":49061},{"p":[-25,225,25],"c":49061},{"p":[-25,225,75],"c":49061},{"p":[-25,275,-175],"c":49061},{"p":[-25,275,-125],"c":49061},{"p":[-25,275,-75],"c":49061},{"p":[-25,275,-25],"c":49061},{"p":[-25,275,25],"c":49061},{"p":[-25,275,75],"c":49061},{"p":[-25,325,-175],"c":49061},{"p":[-25,325,-125],"c":49061},{"p":[-25,325,-75],"c":49061},{"p":[-25,325,-25],"c":49061},{"p":[-25,325,25],"c":49061},{"p":[-25,325,75],"c":49061},{"p":[25,325,175],"c":15991011},{"p":[-25,175,175],"c":15991011},{"p":[-25,225,175],"c":15991011},{"p":[-25,275,175],"c":15991011},{"p":[-25,325,175],"c":15991011},{"p":[25,225,175],"c":15991011},{"p":[75,225,175],"c":15991011},{"p":[125,225,175],"c":15991011},{"p":[25,275,175],"c":15991011},{"p":[25,175,175],"c":15991011},{"p":[75,175,175],"c":15991011},{"p":[125,175,175],"c":15991011},{"p":[125,175,-275],"c":15991011},{"p":[75,175,-275],"c":15991011},{"p":[25,175,-275],"c":15991011},{"p":[-25,175,-275],"c":15991011},{"p":[125,225,-275],"c":15991011},{"p":[75,225,-275],"c":15991011},{"p":[25,225,-275],"c":15991011},{"p":[-25,225,-275],"c":15991011},{"p":[25,275,-275],"c":15991011},{"p":[-25,275,-275],"c":15991011},{"p":[25,325,-275],"c":15991011},{"p":[-25,325,-275],"c":15991011},{"p":[-25,125,-225],"c":15991011},{"p":[-25,125,-175],"c":15991011},{"p":[-25,125,-125],"c":15991011},{"p":[-25,125,-75],"c":15991011},{"p":[-25,125,-25],"c":15991011},{"p":[-25,125,25],"c":15991011},{"p":[-25,125,75],"c":15991011},{"p":[-25,125,125],"c":15991011},{"p":[175,175,125],"c":15991011},{"p":[175,175,75],"c":15991011},{"p":[175,175,25],"c":15991011},{"p":[175,175,-25],"c":15991011},{"p":[175,175,-75],"c":15991011},{"p":[175,175,-125],"c":15991011},{"p":[175,175,-175],"c":15991011},{"p":[175,175,-225],"c":15991011},{"p":[175,225,125],"c":15991011},{"p":[175,225,75],"c":15991011},{"p":[175,225,25],"c":15991011},{"p":[175,225,-25],"c":15991011},{"p":[175,225,-75],"c":15991011},{"p":[175,225,-125],"c":15991011},{"p":[175,225,-175],"c":15991011},{"p":[175,225,-225],"c":15991011},{"p":[175,275,125],"c":15991011},{"p":[175,275,75],"c":15991011},{"p":[175,275,25],"c":15991011},{"p":[175,275,-25],"c":15991011},{"p":[175,275,-75],"c":15991011},{"p":[175,275,-125],"c":15991011},{"p":[175,275,-175],"c":15991011},{"p":[175,275,-225],"c":15991011},{"p":[175,325,125],"c":15991011},{"p":[175,325,75],"c":15991011},{"p":[175,325,25],"c":15991011},{"p":[175,325,-25],"c":15991011},{"p":[175,325,-75],"c":15991011},{"p":[175,325,-125],"c":15991011},{"p":[175,325,-175],"c":15991011},{"p":[175,325,-225],"c":15991011},{"p":[-75,175,-225],"c":15991011},{"p":[-75,175,-175],"c":15991011},{"p":[-75,175,-125],"c":15991011},{"p":[-75,175,-75],"c":15991011},{"p":[-75,175,-25],"c":15991011},{"p":[-75,175,25],"c":15991011},{"p":[-75,175,75],"c":15991011},{"p":[-75,175,125],"c":15991011},{"p":[-75,225,-225],"c":15991011},{"p":[-75,225,-175],"c":15991011},{"p":[-75,225,-125],"c":15991011},{"p":[-75,225,-75],"c":15991011},{"p":[-75,225,-25],"c":15991011},{"p":[-75,225,25],"c":15991011},{"p":[-75,225,75],"c":15991011},{"p":[-75,225,125],"c":15991011},{"p":[-75,275,-225],"c":15991011},{"p":[-75,275,-175],"c":15991011},{"p":[-75,275,-125],"c":15991011},{"p":[-75,275,-75],"c":15991011},{"p":[-75,275,-25],"c":15991011},{"p":[-75,275,25],"c":15991011},{"p":[-75,275,75],"c":15991011},{"p":[-75,275,125],"c":15991011},{"p":[-75,325,-225],"c":15991011},{"p":[-75,325,-175],"c":15991011},{"p":[-75,325,-125],"c":15991011},{"p":[-75,325,-75],"c":15991011},{"p":[-75,325,-25],"c":15991011},{"p":[-75,325,25],"c":15991011},{"p":[-75,325,75],"c":15991011},{"p":[-75,325,125],"c":15991011}];

var leftarm = [{"p":[125,25,275],"c":15991011},{"p":[75,25,275],"c":15991011},{"p":[25,25,275],"c":15991011},{"p":[-25,25,275],"c":15991011},{"p":[-75,25,275],"c":15991011},{"p":[-125,25,275],"c":15991011},{"p":[-125,25,325],"c":15991011},{"p":[-75,25,325],"c":15991011},{"p":[-25,25,325],"c":15991011},{"p":[25,25,325],"c":15991011},{"p":[75,25,325],"c":15991011},{"p":[125,25,325],"c":15991011},{"p":[-125,75,325],"c":49061},{"p":[-75,75,325],"c":49061},{"p":[-25,75,325],"c":49061},{"p":[-125,75,275],"c":49061},{"p":[-75,75,275],"c":49061},{"p":[-25,75,275],"c":49061},{"p":[25,75,325],"c":11526144},{"p":[75,75,325],"c":11526144},{"p":[125,75,325],"c":11526144},{"p":[25,75,275],"c":11526144},{"p":[75,75,275],"c":11526144},{"p":[125,75,275],"c":11526144},{"p":[-125,125,325],"c":49061},{"p":[-75,125,325],"c":49061},{"p":[-25,125,325],"c":49061},{"p":[-125,125,275],"c":49061},{"p":[-75,125,275],"c":49061},{"p":[-25,125,275],"c":49061},{"p":[25,125,325],"c":11526144},{"p":[75,125,325],"c":11526144},{"p":[125,125,325],"c":11526144},{"p":[25,125,275],"c":11526144},{"p":[75,125,275],"c":11526144},{"p":[125,125,275],"c":11526144},{"p":[-25,75,225],"c":15991011},{"p":[-25,125,225],"c":15991011},{"p":[25,75,225],"c":15991011},{"p":[25,125,225],"c":15991011},{"p":[75,75,225],"c":15991011},{"p":[75,125,225],"c":15991011},{"p":[125,75,225],"c":15991011},{"p":[125,125,225],"c":15991011},{"p":[-125,175,275],"c":15991011},{"p":[-75,175,275],"c":15991011},{"p":[-25,175,275],"c":15991011},{"p":[25,175,275],"c":15991011},{"p":[75,175,275],"c":15991011},{"p":[125,175,275],"c":15991011},{"p":[-125,175,325],"c":15991011},{"p":[-75,175,325],"c":15991011},{"p":[-25,175,325],"c":15991011},{"p":[25,175,325],"c":15991011},{"p":[75,175,325],"c":15991011},{"p":[125,175,325],"c":15991011},{"p":[175,75,325],"c":15991011},{"p":[175,75,275],"c":15991011},{"p":[175,125,325],"c":15991011},{"p":[175,125,275],"c":15991011},{"p":[-175,75,275],"c":15991011},{"p":[-175,75,325],"c":15991011},{"p":[-175,125,275],"c":15991011},{"p":[-175,125,325],"c":15991011},{"p":[-125,75,375],"c":15991011},{"p":[-75,75,375],"c":15991011},{"p":[-25,75,375],"c":15991011},{"p":[25,75,375],"c":15991011},{"p":[75,75,375],"c":15991011},{"p":[125,75,375],"c":15991011},{"p":[-125,125,375],"c":15991011},{"p":[-75,125,375],"c":15991011},{"p":[-25,125,375],"c":15991011},{"p":[25,125,375],"c":15991011},{"p":[75,125,375],"c":15991011},{"p":[125,125,375],"c":15991011}];
var rightarm = [{"p":[125,25,-225],"c":15991011},{"p":[75,25,-225],"c":15991011},{"p":[25,25,-225],"c":15991011},{"p":[-25,25,-225],"c":15991011},{"p":[-75,25,-225],"c":15991011},{"p":[-125,25,-225],"c":15991011},{"p":[-125,25,-175],"c":15991011},{"p":[-75,25,-175],"c":15991011},{"p":[-25,25,-175],"c":15991011},{"p":[25,25,-175],"c":15991011},{"p":[75,25,-175],"c":15991011},{"p":[125,25,-175],"c":15991011},{"p":[-125,75,-225],"c":49061},{"p":[-75,75,-225],"c":49061},{"p":[-25,75,-225],"c":49061},{"p":[-125,75,-175],"c":49061},{"p":[-75,75,-175],"c":49061},{"p":[-25,75,-175],"c":49061},{"p":[25,75,-225],"c":11526144},{"p":[75,75,-225],"c":11526144},{"p":[125,75,-225],"c":11526144},{"p":[25,75,-175],"c":11526144},{"p":[75,75,-175],"c":11526144},{"p":[125,75,-175],"c":11526144},{"p":[-125,125,-225],"c":49061},{"p":[-75,125,-225],"c":49061},{"p":[-25,125,-225],"c":49061},{"p":[-125,125,-175],"c":49061},{"p":[-75,125,-175],"c":49061},{"p":[-25,125,-175],"c":49061},{"p":[25,125,-175],"c":11526144},{"p":[75,125,-175],"c":11526144},{"p":[125,125,-175],"c":11526144},{"p":[25,125,-225],"c":11526144},{"p":[75,125,-225],"c":11526144},{"p":[125,125,-225],"c":11526144},{"p":[-25,75,-125],"c":15991011},{"p":[-25,125,-125],"c":15991011},{"p":[25,75,-125],"c":15991011},{"p":[75,75,-125],"c":15991011},{"p":[125,75,-125],"c":15991011},{"p":[25,125,-125],"c":15991011},{"p":[75,125,-125],"c":15991011},{"p":[125,125,-125],"c":15991011},{"p":[-125,175,-225],"c":15991011},{"p":[-75,175,-225],"c":15991011},{"p":[-25,175,-225],"c":15991011},{"p":[25,175,-225],"c":15991011},{"p":[75,175,-225],"c":15991011},{"p":[125,175,-225],"c":15991011},{"p":[-125,175,-175],"c":15991011},{"p":[-75,175,-175],"c":15991011},{"p":[-25,175,-175],"c":15991011},{"p":[25,175,-175],"c":15991011},{"p":[75,175,-175],"c":15991011},{"p":[125,175,-175],"c":15991011},{"p":[-125,75,-275],"c":15991011},{"p":[-75,75,-275],"c":15991011},{"p":[-25,75,-275],"c":15991011},{"p":[25,75,-275],"c":15991011},{"p":[75,75,-275],"c":15991011},{"p":[125,75,-275],"c":15991011},{"p":[-125,125,-275],"c":15991011},{"p":[-75,125,-275],"c":15991011},{"p":[-25,125,-275],"c":15991011},{"p":[25,125,-275],"c":15991011},{"p":[75,125,-275],"c":15991011},{"p":[125,125,-275],"c":15991011},{"p":[175,75,-175],"c":15991011},{"p":[175,75,-225],"c":15991011},{"p":[175,125,-175],"c":15991011},{"p":[175,125,-225],"c":15991011},{"p":[-175,75,-225],"c":15991011},{"p":[-175,75,-175],"c":15991011},{"p":[-175,125,-225],"c":15991011},{"p":[-175,125,-175],"c":15991011}];

  var arms = [{"p":[125,25,275],"c":15991011},{"p":[75,25,275],"c":15991011},{"p":[25,25,275],"c":15991011},{"p":[-25,25,275],"c":15991011},{"p":[-75,25,275],"c":15991011},{"p":[-125,25,275],"c":15991011},{"p":[-125,25,325],"c":15991011},{"p":[-75,25,325],"c":15991011},{"p":[-25,25,325],"c":15991011},{"p":[25,25,325],"c":15991011},{"p":[75,25,325],"c":15991011},{"p":[125,25,325],"c":15991011},{"p":[125,25,-225],"c":15991011},{"p":[75,25,-225],"c":15991011},{"p":[25,25,-225],"c":15991011},{"p":[-25,25,-225],"c":15991011},{"p":[-75,25,-225],"c":15991011},{"p":[-125,25,-225],"c":15991011},{"p":[-125,25,-175],"c":15991011},{"p":[-75,25,-175],"c":15991011},{"p":[-25,25,-175],"c":15991011},{"p":[25,25,-175],"c":15991011},{"p":[75,25,-175],"c":15991011},{"p":[125,25,-175],"c":15991011},{"p":[-125,75,325],"c":49061},{"p":[-75,75,325],"c":49061},{"p":[-25,75,325],"c":49061},{"p":[-125,75,275],"c":49061},{"p":[-75,75,275],"c":49061},{"p":[-25,75,275],"c":49061},{"p":[-125,75,-225],"c":49061},{"p":[-75,75,-225],"c":49061},{"p":[-25,75,-225],"c":49061},{"p":[-125,75,-175],"c":49061},{"p":[-75,75,-175],"c":49061},{"p":[-25,75,-175],"c":49061},{"p":[25,75,-225],"c":11526144},{"p":[75,75,-225],"c":11526144},{"p":[125,75,-225],"c":11526144},{"p":[25,75,-175],"c":11526144},{"p":[75,75,-175],"c":11526144},{"p":[125,75,-175],"c":11526144},{"p":[25,75,325],"c":11526144},{"p":[75,75,325],"c":11526144},{"p":[125,75,325],"c":11526144},{"p":[25,75,275],"c":11526144},{"p":[75,75,275],"c":11526144},{"p":[125,75,275],"c":11526144},{"p":[-125,125,325],"c":49061},{"p":[-75,125,325],"c":49061},{"p":[-25,125,325],"c":49061},{"p":[-125,125,275],"c":49061},{"p":[-75,125,275],"c":49061},{"p":[-25,125,275],"c":49061},{"p":[-125,125,-225],"c":49061},{"p":[-75,125,-225],"c":49061},{"p":[-25,125,-225],"c":49061},{"p":[-125,125,-175],"c":49061},{"p":[-75,125,-175],"c":49061},{"p":[-25,125,-175],"c":49061},{"p":[25,125,325],"c":11526144},{"p":[75,125,325],"c":11526144},{"p":[125,125,325],"c":11526144},{"p":[25,125,275],"c":11526144},{"p":[75,125,275],"c":11526144},{"p":[125,125,275],"c":11526144},{"p":[25,125,-175],"c":11526144},{"p":[75,125,-175],"c":11526144},{"p":[125,125,-175],"c":11526144},{"p":[25,125,-225],"c":11526144},{"p":[75,125,-225],"c":11526144},{"p":[125,125,-225],"c":11526144},{"p":[-25,75,225],"c":15991011},{"p":[-25,125,225],"c":15991011},{"p":[25,75,225],"c":15991011},{"p":[25,125,225],"c":15991011},{"p":[75,75,225],"c":15991011},{"p":[75,125,225],"c":15991011},{"p":[125,75,225],"c":15991011},{"p":[125,125,225],"c":15991011},{"p":[-25,75,-125],"c":15991011},{"p":[-25,125,-125],"c":15991011},{"p":[25,75,-125],"c":15991011},{"p":[75,75,-125],"c":15991011},{"p":[125,75,-125],"c":15991011},{"p":[25,125,-125],"c":15991011},{"p":[75,125,-125],"c":15991011},{"p":[125,125,-125],"c":15991011},{"p":[-125,175,-225],"c":15991011},{"p":[-75,175,-225],"c":15991011},{"p":[-25,175,-225],"c":15991011},{"p":[25,175,-225],"c":15991011},{"p":[75,175,-225],"c":15991011},{"p":[125,175,-225],"c":15991011},{"p":[-125,175,-175],"c":15991011},{"p":[-75,175,-175],"c":15991011},{"p":[-25,175,-175],"c":15991011},{"p":[25,175,-175],"c":15991011},{"p":[75,175,-175],"c":15991011},{"p":[125,175,-175],"c":15991011},{"p":[-125,175,275],"c":15991011},{"p":[-75,175,275],"c":15991011},{"p":[-25,175,275],"c":15991011},{"p":[25,175,275],"c":15991011},{"p":[75,175,275],"c":15991011},{"p":[125,175,275],"c":15991011},{"p":[-125,175,325],"c":15991011},{"p":[-75,175,325],"c":15991011},{"p":[-25,175,325],"c":15991011},{"p":[25,175,325],"c":15991011},{"p":[75,175,325],"c":15991011},{"p":[125,175,325],"c":15991011},{"p":[175,75,325],"c":15991011},{"p":[175,75,275],"c":15991011},{"p":[175,125,325],"c":15991011},{"p":[175,125,275],"c":15991011},{"p":[-125,75,-275],"c":15991011},{"p":[-75,75,-275],"c":15991011},{"p":[-25,75,-275],"c":15991011},{"p":[25,75,-275],"c":15991011},{"p":[75,75,-275],"c":15991011},{"p":[125,75,-275],"c":15991011},{"p":[-125,125,-275],"c":15991011},{"p":[-75,125,-275],"c":15991011},{"p":[-25,125,-275],"c":15991011},{"p":[25,125,-275],"c":15991011},{"p":[75,125,-275],"c":15991011},{"p":[125,125,-275],"c":15991011},{"p":[175,75,-175],"c":15991011},{"p":[175,75,-225],"c":15991011},{"p":[175,125,-175],"c":15991011},{"p":[175,125,-225],"c":15991011},{"p":[-175,75,-225],"c":15991011},{"p":[-175,75,-175],"c":15991011},{"p":[-175,125,-225],"c":15991011},{"p":[-175,125,-175],"c":15991011},{"p":[-175,75,275],"c":15991011},{"p":[-175,75,325],"c":15991011},{"p":[-175,125,275],"c":15991011},{"p":[-175,125,325],"c":15991011},{"p":[-125,75,375],"c":15991011},{"p":[-75,75,375],"c":15991011},{"p":[-25,75,375],"c":15991011},{"p":[25,75,375],"c":15991011},{"p":[75,75,375],"c":15991011},{"p":[125,75,375],"c":15991011},{"p":[-125,125,375],"c":15991011},{"p":[-75,125,375],"c":15991011},{"p":[-25,125,375],"c":15991011},{"p":[25,125,375],"c":15991011},{"p":[75,125,375],"c":15991011},{"p":[125,125,375],"c":15991011}];

  var head = [{"p":[75,375,125],"c":11526144},{"p":[125,375,125],"c":11526144},{"p":[175,375,125],"c":11526144},{"p":[225,375,125],"c":11526144},{"p":[75,375,-225],"c":11526144},{"p":[125,375,-225],"c":11526144},{"p":[175,375,-225],"c":11526144},{"p":[225,375,-225],"c":11526144},{"p":[225,375,-175],"c":11526144},{"p":[225,375,-125],"c":11526144},{"p":[225,375,-75],"c":11526144},{"p":[225,375,-25],"c":11526144},{"p":[225,375,25],"c":11526144},{"p":[225,375,75],"c":11526144},{"p":[175,375,-175],"c":11526144},{"p":[175,375,-125],"c":11526144},{"p":[175,375,-75],"c":11526144},{"p":[175,375,-25],"c":11526144},{"p":[175,375,25],"c":11526144},{"p":[175,375,75],"c":11526144},{"p":[25,375,-225],"c":11526144},{"p":[-25,375,-225],"c":11526144},{"p":[25,375,125],"c":11526144},{"p":[-25,375,125],"c":11526144},{"p":[-25,425,125],"c":11526144},{"p":[-25,425,-225],"c":11526144},{"p":[-25,475,125],"c":11526144},{"p":[-25,475,-225],"c":11526144},{"p":[-25,525,125],"c":11526144},{"p":[-25,525,-225],"c":11526144},{"p":[-25,575,125],"c":11526144},{"p":[-25,575,-225],"c":11526144},{"p":[-25,625,125],"c":11526144},{"p":[-25,625,-225],"c":11526144},{"p":[-25,675,125],"c":11526144},{"p":[-25,675,-225],"c":11526144},{"p":[25,425,125],"c":11526144},{"p":[75,425,125],"c":11526144},{"p":[125,425,125],"c":11526144},{"p":[175,425,125],"c":11526144},{"p":[225,425,125],"c":11526144},{"p":[225,425,75],"c":11526144},{"p":[225,425,25],"c":11526144},{"p":[225,425,-25],"c":46354},{"p":[225,425,-75],"c":46354},{"p":[225,425,-125],"c":11526144},{"p":[225,425,-175],"c":11526144},{"p":[225,425,-225],"c":11526144},{"p":[25,425,-225],"c":11526144},{"p":[75,425,-225],"c":11526144},{"p":[125,425,-225],"c":11526144},{"p":[175,425,-225],"c":11526144},{"p":[25,475,-225],"c":11526144},{"p":[75,475,-225],"c":11526144},{"p":[125,475,-225],"c":11526144},{"p":[175,475,-225],"c":11526144},{"p":[225,475,-225],"c":11526144},{"p":[25,525,-225],"c":11526144},{"p":[75,525,-225],"c":11526144},{"p":[125,525,-225],"c":11526144},{"p":[175,525,-225],"c":11526144},{"p":[225,525,-225],"c":11526144},{"p":[25,575,-225],"c":11526144},{"p":[75,575,-225],"c":11526144},{"p":[125,575,-225],"c":11526144},{"p":[175,575,-225],"c":11526144},{"p":[225,575,-225],"c":11526144},{"p":[25,625,-225],"c":11526144},{"p":[75,625,-225],"c":11526144},{"p":[125,625,-225],"c":11526144},{"p":[175,625,-225],"c":11526144},{"p":[225,625,-225],"c":11526144},{"p":[25,675,-225],"c":11526144},{"p":[75,675,-225],"c":11526144},{"p":[125,675,-225],"c":11526144},{"p":[175,675,-225],"c":11526144},{"p":[225,675,-225],"c":11526144},{"p":[25,475,125],"c":11526144},{"p":[75,475,125],"c":11526144},{"p":[125,475,125],"c":11526144},{"p":[175,475,125],"c":11526144},{"p":[225,475,125],"c":11526144},{"p":[25,525,125],"c":11526144},{"p":[75,525,125],"c":11526144},{"p":[125,525,125],"c":11526144},{"p":[175,525,125],"c":11526144},{"p":[225,525,125],"c":11526144},{"p":[25,575,125],"c":11526144},{"p":[75,575,125],"c":11526144},{"p":[125,575,125],"c":11526144},{"p":[175,575,125],"c":11526144},{"p":[225,575,125],"c":11526144},{"p":[25,625,125],"c":11526144},{"p":[75,625,125],"c":11526144},{"p":[125,625,125],"c":11526144},{"p":[175,625,125],"c":11526144},{"p":[225,625,125],"c":11526144},{"p":[25,675,125],"c":11526144},{"p":[75,675,125],"c":11526144},{"p":[125,675,125],"c":11526144},{"p":[175,675,125],"c":11526144},{"p":[225,675,125],"c":11526144},{"p":[225,475,75],"c":2236962},{"p":[225,475,25],"c":2236962},{"p":[225,475,-25],"c":11526144},{"p":[225,475,-75],"c":11526144},{"p":[225,475,-125],"c":2236962},{"p":[225,475,-175],"c":2236962},{"p":[225,525,75],"c":11526144},{"p":[225,525,25],"c":11526144},{"p":[225,525,-25],"c":11526144},{"p":[225,525,-75],"c":11526144},{"p":[225,525,-125],"c":11526144},{"p":[225,525,-175],"c":11526144},{"p":[225,575,75],"c":11526144},{"p":[225,575,25],"c":11526144},{"p":[225,575,-25],"c":11526144},{"p":[225,575,-75],"c":11526144},{"p":[225,575,-125],"c":11526144},{"p":[225,575,-175],"c":11526144},{"p":[225,625,75],"c":11526144},{"p":[225,625,25],"c":11526144},{"p":[225,625,-25],"c":11526144},{"p":[225,625,-75],"c":11526144},{"p":[225,625,-125],"c":11526144},{"p":[225,625,-175],"c":11526144},{"p":[225,675,75],"c":11526144},{"p":[225,675,25],"c":11526144},{"p":[225,675,-25],"c":11526144},{"p":[225,675,-75],"c":11526144},{"p":[225,675,-125],"c":11526144},{"p":[225,675,-175],"c":11526144},{"p":[25,675,-75],"c":11526144},{"p":[25,675,-125],"c":11526144},{"p":[75,675,25],"c":11526144},{"p":[75,675,-25],"c":11526144},{"p":[75,675,-75],"c":11526144},{"p":[75,675,-125],"c":11526144},{"p":[125,675,25],"c":11526144},{"p":[125,675,-25],"c":11526144},{"p":[125,675,-75],"c":11526144},{"p":[125,675,-125],"c":11526144},{"p":[-75,675,-225],"c":11526144},{"p":[-75,675,-175],"c":11526144},{"p":[-75,675,-125],"c":11526144},{"p":[-75,675,-75],"c":11526144},{"p":[-75,675,-25],"c":11526144},{"p":[-75,675,25],"c":11526144},{"p":[-75,675,75],"c":11526144},{"p":[-75,675,125],"c":11526144},{"p":[-75,375,125],"c":11526144},{"p":[-75,375,-225],"c":11526144},{"p":[-75,375,-175],"c":11526144},{"p":[-75,375,-125],"c":11526144},{"p":[-75,375,-75],"c":11526144},{"p":[-75,375,-25],"c":11526144},{"p":[-75,375,25],"c":11526144},{"p":[-75,375,75],"c":11526144},{"p":[-75,425,-225],"c":11526144},{"p":[-75,425,-175],"c":11526144},{"p":[-75,425,-125],"c":11526144},{"p":[-75,425,-75],"c":11526144},{"p":[-75,425,-25],"c":11526144},{"p":[-75,425,25],"c":11526144},{"p":[-75,425,75],"c":11526144},{"p":[-75,425,125],"c":11526144},{"p":[-75,475,-225],"c":11526144},{"p":[-75,475,-175],"c":11526144},{"p":[-75,475,-125],"c":11526144},{"p":[-75,475,-75],"c":11526144},{"p":[-75,475,-25],"c":11526144},{"p":[-75,475,25],"c":11526144},{"p":[-75,475,75],"c":11526144},{"p":[-75,475,125],"c":11526144},{"p":[-75,525,-225],"c":11526144},{"p":[-75,525,-175],"c":11526144},{"p":[-75,525,-125],"c":11526144},{"p":[-75,525,-75],"c":11526144},{"p":[-75,525,-25],"c":11526144},{"p":[-75,525,25],"c":11526144},{"p":[-75,525,75],"c":11526144},{"p":[-75,525,125],"c":11526144},{"p":[-75,575,-225],"c":11526144},{"p":[-75,575,-175],"c":11526144},{"p":[-75,575,-125],"c":11526144},{"p":[-75,575,-75],"c":11526144},{"p":[-75,575,-25],"c":11526144},{"p":[-75,575,25],"c":11526144},{"p":[-75,575,75],"c":11526144},{"p":[-75,575,125],"c":11526144},{"p":[-75,625,-225],"c":11526144},{"p":[-75,625,-175],"c":11526144},{"p":[-75,625,-125],"c":11526144},{"p":[-75,625,-75],"c":11526144},{"p":[-75,625,-25],"c":11526144},{"p":[-75,625,25],"c":11526144},{"p":[-75,625,75],"c":11526144},{"p":[-75,625,125],"c":11526144},{"p":[-75,325,-225],"c":15991011},{"p":[-75,325,-175],"c":15991011},{"p":[-75,325,-125],"c":15991011},{"p":[-75,325,-75],"c":15991011},{"p":[-75,325,-25],"c":15991011},{"p":[-75,325,25],"c":15991011},{"p":[-75,325,75],"c":15991011},{"p":[-75,325,125],"c":15991011},{"p":[175,325,125],"c":15991011},{"p":[175,325,75],"c":15991011},{"p":[175,325,25],"c":15991011},{"p":[175,325,-25],"c":15991011},{"p":[175,325,-75],"c":15991011},{"p":[175,325,-125],"c":15991011},{"p":[175,325,-175],"c":15991011},{"p":[175,325,-225],"c":15991011},{"p":[225,325,125],"c":15991011},{"p":[225,325,75],"c":15991011},{"p":[225,325,25],"c":15991011},{"p":[225,325,-25],"c":15991011},{"p":[225,325,-75],"c":15991011},{"p":[225,325,-125],"c":15991011},{"p":[225,325,-175],"c":15991011},{"p":[225,325,-225],"c":15991011},{"p":[-25,675,75],"c":11526144},{"p":[-25,675,25],"c":11526144},{"p":[-25,675,-25],"c":11526144},{"p":[-25,675,-75],"c":11526144},{"p":[-25,675,-125],"c":11526144},{"p":[-25,675,-175],"c":11526144},{"p":[25,675,75],"c":11526144},{"p":[25,675,25],"c":11526144},{"p":[25,675,-25],"c":11526144},{"p":[175,675,75],"c":11526144},{"p":[125,675,75],"c":11526144},{"p":[75,675,75],"c":11526144},{"p":[175,675,25],"c":11526144},{"p":[175,675,-25],"c":11526144},{"p":[175,675,-75],"c":11526144},{"p":[175,675,-125],"c":11526144},{"p":[175,675,-175],"c":11526144},{"p":[125,675,-175],"c":11526144},{"p":[75,675,-175],"c":11526144},{"p":[25,675,-175],"c":11526144},{"p":[225,725,-225],"c":15991011},{"p":[225,725,-175],"c":15991011},{"p":[225,725,-125],"c":15991011},{"p":[225,725,-75],"c":15991011},{"p":[225,725,-25],"c":15991011},{"p":[225,725,25],"c":15991011},{"p":[225,725,75],"c":15991011},{"p":[225,725,125],"c":15991011},{"p":[175,725,-225],"c":15991011},{"p":[175,725,-175],"c":15991011},{"p":[175,725,-125],"c":15991011},{"p":[175,725,-75],"c":15991011},{"p":[175,725,-25],"c":15991011},{"p":[175,725,25],"c":15991011},{"p":[175,725,75],"c":15991011},{"p":[175,725,125],"c":15991011},{"p":[125,725,-225],"c":15991011},{"p":[125,725,-175],"c":15991011},{"p":[125,725,-125],"c":15991011},{"p":[125,725,-75],"c":15991011},{"p":[125,725,-25],"c":15991011},{"p":[125,725,25],"c":15991011},{"p":[125,725,75],"c":15991011},{"p":[125,725,125],"c":15991011},{"p":[75,725,-225],"c":15991011},{"p":[75,725,-175],"c":15991011},{"p":[75,725,-125],"c":15991011},{"p":[75,725,-75],"c":15991011},{"p":[75,725,-25],"c":15991011},{"p":[75,725,25],"c":15991011},{"p":[75,725,75],"c":15991011},{"p":[75,725,125],"c":15991011},{"p":[25,725,-225],"c":15991011},{"p":[25,725,-175],"c":15991011},{"p":[25,725,-125],"c":15991011},{"p":[25,725,-75],"c":15991011},{"p":[25,725,-25],"c":15991011},{"p":[25,725,25],"c":15991011},{"p":[25,725,75],"c":15991011},{"p":[25,725,125],"c":15991011},{"p":[-25,725,-225],"c":15991011},{"p":[-25,725,-175],"c":15991011},{"p":[-25,725,-125],"c":15991011},{"p":[-25,725,-75],"c":15991011},{"p":[-25,725,-25],"c":15991011},{"p":[-25,725,25],"c":15991011},{"p":[-25,725,75],"c":15991011},{"p":[-25,725,125],"c":15991011},{"p":[-75,725,-225],"c":15991011},{"p":[-75,725,-175],"c":15991011},{"p":[-75,725,-125],"c":15991011},{"p":[-75,725,-75],"c":15991011},{"p":[-75,725,-25],"c":15991011},{"p":[-75,725,25],"c":15991011},{"p":[-75,725,75],"c":15991011},{"p":[-75,725,125],"c":15991011},{"p":[-125,375,-225],"c":15991011},{"p":[-125,375,-175],"c":15991011},{"p":[-125,375,-125],"c":15991011},{"p":[-125,375,-75],"c":15991011},{"p":[-125,375,-25],"c":15991011},{"p":[-125,375,25],"c":15991011},{"p":[-125,375,75],"c":15991011},{"p":[-125,375,125],"c":15991011},{"p":[-125,425,-225],"c":15991011},{"p":[-125,425,-175],"c":15991011},{"p":[-125,425,-125],"c":15991011},{"p":[-125,425,-75],"c":15991011},{"p":[-125,425,-25],"c":15991011},{"p":[-125,425,25],"c":15991011},{"p":[-125,425,75],"c":15991011},{"p":[-125,425,125],"c":15991011},{"p":[-125,475,-225],"c":15991011},{"p":[-125,475,-175],"c":15991011},{"p":[-125,475,-125],"c":15991011},{"p":[-125,475,-75],"c":15991011},{"p":[-125,475,-25],"c":15991011},{"p":[-125,475,25],"c":15991011},{"p":[-125,475,75],"c":15991011},{"p":[-125,475,125],"c":15991011},{"p":[-125,525,-225],"c":15991011},{"p":[-125,525,-175],"c":15991011},{"p":[-125,525,-125],"c":15991011},{"p":[-125,525,-75],"c":15991011},{"p":[-125,525,-25],"c":15991011},{"p":[-125,525,25],"c":15991011},{"p":[-125,525,75],"c":15991011},{"p":[-125,525,125],"c":15991011},{"p":[-125,575,-225],"c":15991011},{"p":[-125,575,-175],"c":15991011},{"p":[-125,575,-125],"c":15991011},{"p":[-125,575,-75],"c":15991011},{"p":[-125,575,-25],"c":15991011},{"p":[-125,575,25],"c":15991011},{"p":[-125,575,75],"c":15991011},{"p":[-125,575,125],"c":15991011},{"p":[-125,625,-225],"c":15991011},{"p":[-125,625,-175],"c":15991011},{"p":[-125,625,-125],"c":15991011},{"p":[-125,625,-75],"c":15991011},{"p":[-125,625,-25],"c":15991011},{"p":[-125,625,25],"c":15991011},{"p":[-125,625,75],"c":15991011},{"p":[-125,625,125],"c":15991011},{"p":[-125,675,-225],"c":15991011},{"p":[-125,675,-175],"c":15991011},{"p":[-125,675,-125],"c":15991011},{"p":[-125,675,-75],"c":15991011},{"p":[-125,675,-25],"c":15991011},{"p":[-125,675,25],"c":15991011},{"p":[-125,675,75],"c":15991011},{"p":[-125,675,125],"c":15991011},{"p":[-75,375,175],"c":15991011},{"p":[-25,375,175],"c":15991011},{"p":[25,375,175],"c":15991011},{"p":[75,375,175],"c":15991011},{"p":[125,375,175],"c":15991011},{"p":[175,375,175],"c":15991011},{"p":[225,375,175],"c":15991011},{"p":[-75,425,175],"c":15991011},{"p":[-25,425,175],"c":15991011},{"p":[25,425,175],"c":15991011},{"p":[75,425,175],"c":15991011},{"p":[125,425,175],"c":15991011},{"p":[175,425,175],"c":15991011},{"p":[225,425,175],"c":15991011},{"p":[-75,475,175],"c":15991011},{"p":[-25,475,175],"c":15991011},{"p":[25,475,175],"c":15991011},{"p":[75,475,175],"c":15991011},{"p":[125,475,175],"c":15991011},{"p":[175,475,175],"c":15991011},{"p":[-75,525,175],"c":15991011},{"p":[-25,525,175],"c":15991011},{"p":[25,525,175],"c":15991011},{"p":[75,525,175],"c":15991011},{"p":[125,525,175],"c":15991011},{"p":[175,525,175],"c":15991011},{"p":[225,525,175],"c":15991011},{"p":[-75,575,175],"c":15991011},{"p":[-25,575,175],"c":15991011},{"p":[25,575,175],"c":15991011},{"p":[75,575,175],"c":15991011},{"p":[125,575,175],"c":15991011},{"p":[175,575,175],"c":15991011},{"p":[225,575,175],"c":15991011},{"p":[-75,625,175],"c":15991011},{"p":[-25,625,175],"c":15991011},{"p":[25,625,175],"c":15991011},{"p":[75,625,175],"c":15991011},{"p":[125,625,175],"c":15991011},{"p":[175,625,175],"c":15991011},{"p":[225,625,175],"c":15991011},{"p":[-75,675,175],"c":15991011},{"p":[-25,675,175],"c":15991011},{"p":[25,675,175],"c":15991011},{"p":[75,675,175],"c":15991011},{"p":[125,675,175],"c":15991011},{"p":[175,675,175],"c":15991011},{"p":[225,675,175],"c":15991011},{"p":[275,375,125],"c":15991011},{"p":[275,375,75],"c":15991011},{"p":[275,375,25],"c":15991011},{"p":[275,375,-25],"c":15991011},{"p":[275,375,-75],"c":15991011},{"p":[275,375,-125],"c":15991011},{"p":[275,375,-175],"c":15991011},{"p":[275,375,-225],"c":15991011},{"p":[275,425,125],"c":15991011},{"p":[275,425,75],"c":15991011},{"p":[275,425,25],"c":15991011},{"p":[275,425,-25],"c":15991011},{"p":[275,425,-75],"c":15991011},{"p":[275,425,-125],"c":15991011},{"p":[275,425,-175],"c":15991011},{"p":[275,425,-225],"c":15991011},{"p":[225,475,175],"c":15991011},{"p":[275,475,-225],"c":15991011},{"p":[275,475,-175],"c":15991011},{"p":[275,475,-125],"c":15991011},{"p":[275,475,-75],"c":15991011},{"p":[275,475,-25],"c":15991011},{"p":[275,475,25],"c":15991011},{"p":[275,475,75],"c":15991011},{"p":[275,475,125],"c":15991011},{"p":[275,525,-225],"c":15991011},{"p":[275,525,-175],"c":15991011},{"p":[275,525,-125],"c":15991011},{"p":[275,525,-75],"c":15991011},{"p":[275,525,-25],"c":15991011},{"p":[275,525,25],"c":15991011},{"p":[275,525,75],"c":15991011},{"p":[275,525,125],"c":15991011},{"p":[275,575,-225],"c":15991011},{"p":[275,575,-175],"c":15991011},{"p":[275,575,-125],"c":15991011},{"p":[275,575,-75],"c":15991011},{"p":[275,575,-25],"c":15991011},{"p":[275,575,25],"c":15991011},{"p":[275,575,75],"c":15991011},{"p":[275,575,125],"c":15991011},{"p":[275,625,-225],"c":15991011},{"p":[275,625,-175],"c":15991011},{"p":[275,625,-125],"c":15991011},{"p":[275,625,-75],"c":15991011},{"p":[275,625,-25],"c":15991011},{"p":[275,625,25],"c":15991011},{"p":[275,625,75],"c":15991011},{"p":[275,625,125],"c":15991011},{"p":[275,675,-225],"c":15991011},{"p":[275,675,-175],"c":15991011},{"p":[275,675,-125],"c":15991011},{"p":[275,675,-75],"c":15991011},{"p":[275,675,-25],"c":15991011},{"p":[275,675,25],"c":15991011},{"p":[275,675,75],"c":15991011},{"p":[275,675,125],"c":15991011},{"p":[225,375,-275],"c":15991011},{"p":[175,375,-275],"c":15991011},{"p":[125,375,-275],"c":15991011},{"p":[75,375,-275],"c":15991011},{"p":[25,375,-275],"c":15991011},{"p":[-25,375,-275],"c":15991011},{"p":[-75,375,-275],"c":15991011},{"p":[225,425,-275],"c":15991011},{"p":[175,425,-275],"c":15991011},{"p":[125,425,-275],"c":15991011},{"p":[75,425,-275],"c":15991011},{"p":[25,425,-275],"c":15991011},{"p":[-25,425,-275],"c":15991011},{"p":[-75,425,-275],"c":15991011},{"p":[225,475,-275],"c":15991011},{"p":[175,475,-275],"c":15991011},{"p":[125,475,-275],"c":15991011},{"p":[75,475,-275],"c":15991011},{"p":[25,475,-275],"c":15991011},{"p":[-25,475,-275],"c":15991011},{"p":[-75,475,-275],"c":15991011},{"p":[225,525,-275],"c":15991011},{"p":[175,525,-275],"c":15991011},{"p":[125,525,-275],"c":15991011},{"p":[75,525,-275],"c":15991011},{"p":[25,525,-275],"c":15991011},{"p":[-25,525,-275],"c":15991011},{"p":[-75,525,-275],"c":15991011},{"p":[225,575,-275],"c":15991011},{"p":[175,575,-275],"c":15991011},{"p":[125,575,-275],"c":15991011},{"p":[75,575,-275],"c":15991011},{"p":[25,575,-275],"c":15991011},{"p":[-25,575,-275],"c":15991011},{"p":[-75,575,-275],"c":15991011},{"p":[225,625,-275],"c":15991011},{"p":[175,625,-275],"c":15991011},{"p":[125,625,-275],"c":15991011},{"p":[75,625,-275],"c":15991011},{"p":[25,625,-275],"c":15991011},{"p":[-25,625,-275],"c":15991011},{"p":[-75,625,-275],"c":15991011},{"p":[225,675,-275],"c":15991011},{"p":[175,675,-275],"c":15991011},{"p":[125,675,-275],"c":15991011},{"p":[75,675,-275],"c":15991011},{"p":[25,675,-275],"c":15991011},{"p":[-25,675,-275],"c":15991011},{"p":[-75,675,-275],"c":15991011}];

  return {    
 foot : Math.min(Scoring.find(foot, false, wsColor).length, 2), 
 foot_color : Math.min(Scoring.find(foot, true, wsColor).length, 2),
 feet: (Scoring.find(feet, false, wsColor).length) ? 1 : 0,
    feet_color: (Scoring.find(feet, true, wsColor).length) ? 1 : 0,
    leg: (Scoring.find(leg, false, wsColor).length) ? 1 : 0,
    leg_color: (Scoring.find(leg, true, wsColor).length) ? 1 : 0,
    torso: (Scoring.find(torso, false, wsColor).length) ? 1 : 0,
    torso_color: (Scoring.find(torso, true, wsColor).length &gt; 0) ? 1 : 0,
    armsfound : (Scoring.find(leftarm, false, wsColor).length &gt; 0 ? 1 : 0) + (Scoring.find(rightarm, false, wsColor).length &gt; 0 ? 1 : 0),
    armsfound_color: (Scoring.find(leftarm, true, wsColor).length &gt; 0 ? 1 : 0) + (Scoring.find(rightarm, true, wsColor).length &gt; 0 ? 1 : 0),
    arms: (Scoring.find(arms, false, wsColor).length) ? 1 : 0,
    arms_colors: (Scoring.find(arms, true, wsColor).length) ? 1 : 0,
    head: (Scoring.find(head, false, wsColor).length) ? 1 : 0,
    head_colors: (Scoring.find(head, true, wsColor).length) ? 1 : 0,
    full_zombie: (Scoring.find(zombie_full, false, wsColor).length) ? 1 : 0,
    full_zombie_colors: (Scoring.find(zombie_full, true, wsColor).length) ? 1 : 0,
 all_colors: (Scoring.find([{"p":[25,25,125],"c":13396224}],true).length
&amp;&amp; Scoring.find([{"p":[25,25,125],"c":35572}],true).length
&amp;&amp; Scoring.find([{"p":[25,25,125],"c":49061}],true).length 
&amp;&amp; Scoring.find([{"p":[25,25,125],"c":11526144}],true).length
&amp;&amp; Scoring.find([{"p":[25,25,125],"c":46354}],true).length
&amp;&amp; Scoring.find([{"p":[25,25,125],"c":2236962}],true).length)? 
(Scoring.find([{"p":[25,25,125],"c":16248576}],true).length==0
&amp;&amp; Scoring.find([{"p":[25,25,125],"c":39871}],true).length==0
&amp;&amp; Scoring.find([{"p":[25,25,125],"c":11403508}],true).length==0
&amp;&amp; Scoring.find([{"p":[25,25,125],"c":15991011}],true).length==0
&amp;&amp; Scoring.find([{"p":[25,25,125],"c":15990784}],true).length==0
&amp;&amp; Scoring.find([{"p":[25,25,125],"c":13421772}],true).length==0
&amp;&amp; Scoring.find([{"p":[25,25,125],"c":16777215}],true).length==0
? 2:1) : 0 
  };
}

</property>
            </properties>
            <markup xmlns="http://www.w3.org/1999/xhtml">
              <div class="voxelcraft">
</div>
            </markup>
          </portableCustomInteraction>
        </customInteraction>
      </div>
    </div>
  </itemBody>
  <responseProcessing template="http://www.imsglobal.org/question/qti_v2p2/rptemplates/match_correct"/>
</assessmentItem>
