<?xml version="1.0" encoding="UTF-8"?>
<assessmentItem xmlns="http://www.imsglobal.org/xsd/imsqti_v2p2" xmlns:m="http://www.w3.org/1998/Math/MathML" xmlns:xsi="http://www.w3.org/2001/XMLSchema-instance" xsi:schemaLocation="http://www.imsglobal.org/xsd/imsqti_v2p2 http://www.imsglobal.org/xsd/qti/qtiv2p2/imsqti_v2p2.xsd" identifier="i15354446112714131" title="8. En skuespiller siger op" label="10. En skuespiller siger op" xml:lang="da-DK" adaptive="false" timeDependent="false" toolName="TAO" toolVersion="3.3.0-RC02">
  <responseDeclaration identifier="RESPONSE" cardinality="single" baseType="identifier">
    <mapping defaultValue="0">
      <mapEntry mapKey="choice_7" mappedValue="0"/>
      <mapEntry mapKey="choice_8" mappedValue="0"/>
      <mapEntry mapKey="choice_1" mappedValue="0"/>
      <mapEntry mapKey="choice_2" mappedValue="1"/>
      <mapEntry mapKey="choice_3" mappedValue="1"/>
    </mapping>
  </responseDeclaration>
  <responseDeclaration identifier="RESPONSE_1" cardinality="single" baseType="identifier">
    <correctResponse>
      <value><![CDATA[choice_10]]></value>
    </correctResponse>
    <mapping defaultValue="0">
      <mapEntry mapKey="choice_5" mappedValue="0"/>
      <mapEntry mapKey="choice_6" mappedValue="1"/>
      <mapEntry mapKey="choice_4" mappedValue="0"/>
      <mapEntry mapKey="choice_9" mappedValue="0"/>
      <mapEntry mapKey="choice_10" mappedValue="1"/>
    </mapping>
  </responseDeclaration>
  <outcomeDeclaration identifier="SCORE" cardinality="single" baseType="float" normalMaximum="2"/>
  <outcomeDeclaration identifier="MAXSCORE" cardinality="single" baseType="float">
    <defaultValue>
      <value>2</value>
    </defaultValue>
  </outcomeDeclaration>
  <stylesheet href="style/custom/tao-user-styles.css" type="text/css" media="all" title=""/>
  <itemBody>
    <div class="grid-row">
      <div class="col-12">
        <h4>Lis skal spille dronningen, men hun har pludselig valgt at sige op. Du spørger hende hvorfor, og hun viser dig en SMS fra Anya. Anya er en af de andre skuespillere.<br/>
<img src="teateropg10.png" alt="teateropg10" width="71%"/>
</h4>
        <h6>Hvad er det ved SMS’en, der får Lis til at sige op?</h6>
      </div>
    </div>
    <div class="grid-row">
      <div class="col-12">
        <choiceInteraction responseIdentifier="RESPONSE" shuffle="true" maxChoices="1" minChoices="0" orientation="vertical">
          <simpleChoice identifier="choice_1" fixed="false" showHide="show">Lis er træt af, at hun skal deltage i mødet.</simpleChoice>
          <simpleChoice identifier="choice_2" fixed="false" showHide="show">Lis føler, at hun er alene.</simpleChoice>
          <simpleChoice identifier="choice_3" fixed="false" showHide="show">Lis føler, at de andre går og bagtaler hende.</simpleChoice>
          <simpleChoice identifier="choice_7" fixed="false" showHide="show">Lis tænker, at Anya vil have hendes rolle i stykket.</simpleChoice>
          <simpleChoice identifier="choice_8" fixed="false" showHide="show">Lis føler, at hun er alt for god til at arbejde sammen med sådan en som Anya.</simpleChoice>
        </choiceInteraction>
      </div>
    </div>
    <div class="grid-row">
      <div class="col-12">
        <h6>Hvorfor tror du, Anya sender sådan en SMS til Lis? </h6>
      </div>
    </div>
    <div class="grid-row">
      <div class="col-12">
        <choiceInteraction responseIdentifier="RESPONSE_1" shuffle="true" maxChoices="1" minChoices="0" orientation="vertical">
          <simpleChoice identifier="choice_4" fixed="false" showHide="show">Anya vil gerne hjælpe Lis med at være lidt mere glad.</simpleChoice>
          <simpleChoice identifier="choice_5" fixed="false" showHide="show">Anya håber, at Lis vil blive sur og sige op.</simpleChoice>
          <simpleChoice identifier="choice_6" fixed="false" showHide="show">Anya er irriteret over, at Lis ikke møder til tiden.</simpleChoice>
          <simpleChoice identifier="choice_9" fixed="false" showHide="show">Anya håber, at Lis glemmer at komme til mødet.</simpleChoice>
          <simpleChoice identifier="choice_10" fixed="false" showHide="show">Anya håber, at Lis i fremtiden vil prøve at huske mødetiderne.</simpleChoice>
        </choiceInteraction>
      </div>
    </div>
  </itemBody>
  <responseProcessing>
    <responseCondition>
      <responseIf>
        <not>
          <isNull>
            <variable identifier="RESPONSE"/>
          </isNull>
        </not>
        <setOutcomeValue identifier="SCORE">
          <sum>
            <variable identifier="SCORE"/>
            <mapResponse identifier="RESPONSE"/>
          </sum>
        </setOutcomeValue>
      </responseIf>
    </responseCondition>
    <responseCondition>
      <responseIf>
        <not>
          <isNull>
            <variable identifier="RESPONSE_1"/>
          </isNull>
        </not>
        <setOutcomeValue identifier="SCORE">
          <sum>
            <variable identifier="SCORE"/>
            <mapResponse identifier="RESPONSE_1"/>
          </sum>
        </setOutcomeValue>
      </responseIf>
    </responseCondition>
  </responseProcessing>
</assessmentItem>
