<?xml version="1.0" encoding="UTF-8"?>
<assessmentItem xmlns="http://www.imsglobal.org/xsd/imsqti_v2p2" xmlns:m="http://www.w3.org/1998/Math/MathML" xmlns:xsi="http://www.w3.org/2001/XMLSchema-instance" xsi:schemaLocation="http://www.imsglobal.org/xsd/imsqti_v2p2 http://www.imsglobal.org/xsd/qti/qtiv2p2/imsqti_v2p2.xsd" identifier="i156076137610210185" title="zoom" label="zoom" xml:lang="da-DK" adaptive="false" timeDependent="false" toolName="TAO" toolVersion="3.3.0-RC02">
  <itemBody>
    <div class="grid-row">
      <div class="col-12">
        <h4>Du kan zoome ind og ud</h4>
        <h5>Hvis det er svært at se opgaven, kan du prøve at zoome ind eller ud:<br/>
• Zoom ind ved at holde 'ctrl' inde, imens du klikker på '+'<br/>
• Zoom ud ved at holde 'ctrl' inde, imens du klikker på '-'<br/>
<img src="tastatur zoom.jpg" alt="tastatur zoom" width="64%"/>
</h5>
        <h6>Prøv nu at zoome ind og ud, indtil du synes, det ser godt ud. Klik på <img src="næste.png" alt="n ste" width="9%"/>
, når alle i klassen har prøvet at zoome. Din lærer siger til.</h6>
      </div>
    </div>
  </itemBody>
  <responseProcessing/>
</assessmentItem>
