<?xml version="1.0" encoding="UTF-8"?>
<assessmentItem xmlns="http://www.imsglobal.org/xsd/imsqti_v2p2" xmlns:html5="html5" xmlns:m="http://www.w3.org/1998/Math/MathML" xmlns:pci="http://www.imsglobal.org/xsd/portableCustomInteraction" xmlns:xsi="http://www.w3.org/2001/XMLSchema-instance" xsi:schemaLocation="http://www.imsglobal.org/xsd/imsqti_v2p2 http://www.imsglobal.org/xsd/qti/qtiv2p2/imsqti_v2p2.xsd" identifier="i15371751335245217" title="5. Brainstorm I" label="5. Brainstorm I" xml:lang="en-US" adaptive="false" timeDependent="false" toolName="TAO" toolVersion="3.3.0-RC02">
  <responseDeclaration identifier="RESPONSE" cardinality="single" baseType="string"/>
  <outcomeDeclaration identifier="SCORE" cardinality="single" baseType="float"/>
  <stylesheet href="style/custom/tao-user-styles.css" type="text/css" media="all" title=""/>
  <itemBody>
    <div class="grid-row">
      <div class="col-12">
        <h4>In front of the theater there is a big room with white walls, tables and chairs. Here, the audience usually waits. You want to find out ideas about how you make the room more fun for kids from 3rd to 4th grade to wait in. Therefore, you decide to create a brainstorm with Ella and Jacob from the theater.</h4>
        <h6>Write in the space below. Click "Enter", every time you have written an idea. While you are writing, you can see Ella and Jacob's ideas on the screen. Click the text in the big square, when you are ready to brainstorm. Go to the next task when you are done coming up with new ideas. You will automatically be sent to the next task after 3 minutes.</h6>
      </div>
    </div>
    <div class="grid-row">
      <div class="col-12">
        <customInteraction responseIdentifier="RESPONSE">
          <portableCustomInteraction xmlns="http://www.imsglobal.org/xsd/portableCustomInteraction" customInteractionTypeIdentifier="brainstorm" hook="brainstorm/runtime/brainstorm.amd.js" version="0.1.12">
            <resources>
              <libraries>
                <lib id="IMSGlobal/jquery_2_1_1"/>
              </libraries>
              <stylesheets>
                <link href="brainstorm/runtime/css/base.css" type="text/css" title="base"/>
                <link href="brainstorm/runtime/css/brainstorm.css" type="text/css" title="brainstorm"/>
              </stylesheets>
              <mediaFiles>
                <file src="brainstorm/runtime/assets/download.png" type="image/png"/>
                <file src="brainstorm/runtime/css/img/download.png" type="image/png"/>
              </mediaFiles>
            </resources>
            <properties>
              <property key="nickname">Dig</property>
              <property key="messages">03;Ella;red;Candy store
08;Jacob;green;Soft couches
14;Ella;red;A quiz where you can win free soda
19;Jacob;green;Cool posters on the wall
24;Ella;red;Sell figures from the theater
30;Jacob;green;Colors on the wall
37;Jacob;green;Make a café
44;Ella;red;Board games
51;Jacob;green;Sell merchandise
58;Ella;red;Small quizzes about the play
65;Jacob;green;Arcade games
75;Ella;red;Bean bags
85;Ella;red;Lavalamps
95;Jacob;green;Potluck
105;Ella;red;Sell drama lessons
115;Jacob;green;Doll theater
125;Ella;red;Sell costumes
135;Ella;red;Reading fairytales aloud
145;Ella;red;Stars on the celling
155;Jacob;green;Music
165;Jacob;green;Dance floor
175;Ella;red;Try knight armor 
</property>
              <property key="timeLimit">180</property>
              <property key="startText">Klik her, når du er klar til at brainstorme!</property>
              <property key="endText">Tiden er gået. Gå videre til næste opgave.</property>
            </properties>
            <markup xmlns="http://www.w3.org/1999/xhtml">
              <div class="brainstorm">
                <div class="chat"/>
                <input class="prompt"/>
              </div>
            </markup>
          </portableCustomInteraction>
        </customInteraction>
      </div>
    </div>
  </itemBody>
  <responseProcessing template="http://www.imsglobal.org/question/qti_v2p2/rptemplates/match_correct"/>
</assessmentItem>
