<?xml version="1.0" encoding="UTF-8"?>
<assessmentItem xmlns="http://www.imsglobal.org/xsd/imsqti_v2p2" xmlns:html5="html5" xmlns:m="http://www.w3.org/1998/Math/MathML" xmlns:pci="http://www.imsglobal.org/xsd/portableCustomInteraction" xmlns:xsi="http://www.w3.org/2001/XMLSchema-instance" xsi:schemaLocation="http://www.imsglobal.org/xsd/imsqti_v2p2 http://www.imsglobal.org/xsd/qti/qtiv2p2/imsqti_v2p2.xsd" identifier="i15368297072149197" title="Camping 8" label="17. Brainstorm II" xml:lang="da-DK" adaptive="false" timeDependent="false" toolName="TAO" toolVersion="3.3.0-RC02">
  <responseDeclaration identifier="RESPONSE" cardinality="single" baseType="string"/>
  <outcomeDeclaration identifier="SCORE" cardinality="single" baseType="float"/>
  <stylesheet href="style/custom/tao-user-styles.css" type="text/css" media="all" title=""/>
  <itemBody>
    <div class="grid-row">
      <div class="col-12">
        <h4>Du er til møde med Jan og Jette. I har et problem. Om sommeren er der mange udenlandske turister på campingpladsen. Resten af året er pladsen helt tom. I vil derfor finde på idéer til, hvordan I får flere gæster uden for sommersæsonen.</h4>
        <h6>Skriv i feltet nederst. Tryk på 'Enter', hver gang du har skrevet en idé.<br/>
Mens du skriver, kan du se Jan og Jettes idéer på skærmen. Klik på teksten i det store felt, når du er klar til at brainstorme. Gå videre til næste opgave, når du ikke kan komme på flere idéer. Du går automatisk videre efter 3 minutter.</h6>
      </div>
    </div>
    <div class="grid-row">
      <div class="col-12">
        <customInteraction responseIdentifier="RESPONSE">
          <portableCustomInteraction xmlns="http://www.imsglobal.org/xsd/portableCustomInteraction" customInteractionTypeIdentifier="brainstorm" hook="brainstorm/runtime/brainstorm.amd.js" version="0.1.12">
            <resources>
              <libraries>
                <lib id="IMSGlobal/jquery_2_1_1"/>
              </libraries>
              <stylesheets>
                <link href="brainstorm/runtime/css/base.css" type="text/css" title="base"/>
                <link href="brainstorm/runtime/css/brainstorm.css" type="text/css" title="brainstorm"/>
              </stylesheets>
              <mediaFiles>
                <file src="brainstorm/runtime/assets/download.png" type="image/png"/>
                <file src="brainstorm/runtime/css/img/download.png" type="image/png"/>
              </mediaFiles>
            </resources>
            <properties>
              <property key="nickname">Dig</property>
              <property key="messages">05;Jan;green;Tilbud i weekenden.
10;Jette;red;En reklame i lokalavisen.
15;Jan;green;Julearrangementer
20;Jan;green;En ugentlig bankoaften.
25;Jette;red;Reklame på de sociale medier.
30;Jan;green;Tilbud i efterårsferien
37;Jan;green;Tilbyde lokaler til kurser
44;Jette;red;termo telte
51;Jette;red;Fællesmiddage for pensionister
58;Jan;green;Smide et brev i deres postkasse.
65;Jette;red;Weekendophold med morgenmadsbuffet
75;Jan;green;Tilbyde festlokaler
85;Jette;red;Fællessang hver onsdag
95;Jan;green;Gratis for pensionister at tage børnebørn med
105;Jette;red;Invitere til informationsmøde
115;Jan;green;gulvvarme til campingvogne
125;Jan;green;Særlige tilbud til børnefamilier</property>
              <property key="timeLimit">180</property>
              <property key="startText">Klik her, når du er klar til at brainstorme.</property>
              <property key="endText">Tiden er gået. Gå til næste opgave.</property>
            </properties>
            <markup xmlns="http://www.w3.org/1999/xhtml">
              <div class="brainstorm">
                <div class="chat"/>
                <input class="prompt"/>
              </div>
            </markup>
          </portableCustomInteraction>
        </customInteraction>
      </div>
    </div>
  </itemBody>
  <responseProcessing template="http://www.imsglobal.org/question/qti_v2p2/rptemplates/match_correct"/>
</assessmentItem>
