<?xml version="1.0"?>
<manifest xmlns="http://www.imsglobal.org/xsd/imscp_v1p1" xmlns:xsi="http://www.w3.org/2001/XMLSchema-instance" xsi:schemaLocation="http://www.imsglobal.org/xsd/imscp_v1p1 http://www.imsglobal.org/xsd/qti/qtiv2p2/qtiv2p2_imscpv1p2_v1p0.xsd" identifier="QTI-TEST-MANIFEST-tao60cc92f5387492-46369117">
    <metadata>
        <schema>QTIv2.2 Package</schema>
        <schemaversion>1.0.0</schemaversion>
    </metadata>
    <organizations/>
    <resources>
            <resource identifier="i156484734885159" type="imsqti_item_xmlv2p2" href="items/i156484734885159/qti.xml">
            <file href="items/i156484734885159/qti.xml"/>
                        <file href="items/i156484734885159/assets/aee651835d4142e0151c1.jpeg"/>
                        <file href="items/i156484734885159/style/custom/tao-user-styles.css"/>
                    </resource><resource identifier="i156484734026395" type="imsqti_item_xmlv2p2" href="items/i156484734026395/qti.xml">
            <file href="items/i156484734026395/qti.xml"/>
                        <file href="items/i156484734026395/brainstorm/runtime/brainstorm.amd.js"/>
                        <file href="items/i156484734026395/brainstorm/runtime/css/base.css"/>
                        <file href="items/i156484734026395/brainstorm/runtime/css/brainstorm.css"/>
                        <file href="items/i156484734026395/brainstorm/runtime/assets/download.png"/>
                        <file href="items/i156484734026395/brainstorm/runtime/css/img/download.png"/>
                        <file href="items/i156484734026395/style/custom/tao-user-styles.css"/>
                    </resource><resource identifier="i1564847357925814" type="imsqti_item_xmlv2p2" href="items/i1564847357925814/qti.xml">
            <file href="items/i1564847357925814/qti.xml"/>
                        <file href="items/i1564847357925814/textgapmatch/runtime/textgapmatch.amd.js"/>
                        <file href="items/i1564847357925814/textgapmatch/runtime/gapmatch.js"/>
                        <file href="items/i1564847357925814/textgapmatch/runtime/DragDropTouch.js"/>
                        <file href="items/i1564847357925814/textgapmatch/runtime/css/base.css"/>
                        <file href="items/i1564847357925814/textgapmatch/runtime/css/textgapmatch.css"/>
                        <file href="items/i1564847357925814/textgapmatch/runtime/assets/download.png"/>
                        <file href="items/i1564847357925814/textgapmatch/runtime/css/img/download.png"/>
                        <file href="items/i1564847357925814/style/custom/tao-user-styles.css"/>
                    </resource><resource identifier="i15648473465118" type="imsqti_item_xmlv2p2" href="items/i15648473465118/qti.xml">
            <file href="items/i15648473465118/qti.xml"/>
                        <file href="items/i15648473465118/Trin 0_3.png"/>
                        <file href="items/i15648473465118/Trin 0_K (2).png"/>
                        <file href="items/i15648473465118/Trin 0_2.png"/>
                        <file href="items/i15648473465118/Trin 1_K.png"/>
                        <file href="items/i15648473465118/Trin 1_2.png"/>
                        <file href="items/i15648473465118/Trin 1_3.png"/>
                        <file href="items/i15648473465118/Trin 2_K.png"/>
                        <file href="items/i15648473465118/Trin 2_2.png"/>
                        <file href="items/i15648473465118/Trin 2_3.png"/>
                        <file href="items/i15648473465118/style/custom/tao-user-styles.css"/>
                    </resource><resource identifier="i156484734231866" type="imsqti_item_xmlv2p2" href="items/i156484734231866/qti.xml">
            <file href="items/i156484734231866/qti.xml"/>
                        <file href="items/i156484734231866/gantt/runtime/gantt.amd.js"/>
                        <file href="items/i156484734231866/gantt/runtime/ganttjs/gantt.js"/>
                        <file href="items/i156484734231866/gantt/runtime/css/base.css"/>
                        <file href="items/i156484734231866/gantt/runtime/css/gantt.css"/>
                        <file href="items/i156484734231866/gantt/runtime/ganttjs/ganttjs.css"/>
                        <file href="items/i156484734231866/gantt/runtime/assets/download.png"/>
                        <file href="items/i156484734231866/gantt/runtime/css/img/download.png"/>
                        <file href="items/i156484734231866/style/custom/tao-user-styles.css"/>
                    </resource><resource identifier="i156484733866704" type="imsqti_item_xmlv2p2" href="items/i156484733866704/qti.xml">
            <file href="items/i156484733866704/qti.xml"/>
                        <file href="items/i156484733866704/style/custom/tao-user-styles.css"/>
                    </resource><resource identifier="i1564847350104110" type="imsqti_item_xmlv2p2" href="items/i1564847350104110/qti.xml">
            <file href="items/i1564847350104110/qti.xml"/>
                        <file href="items/i1564847350104110/theroom/runtime/theroom.amd.js"/>
                        <file href="items/i1564847350104110/theroom/runtime/css/base.css"/>
                        <file href="items/i1564847350104110/theroom/runtime/assets/download.png"/>
                        <file href="items/i1564847350104110/theroom/runtime/css/img/download.png"/>
                        <file href="items/i1564847350104110/style/custom/tao-user-styles.css"/>
                    </resource><resource identifier="i156484733548382" type="imsqti_item_xmlv2p2" href="items/i156484733548382/qti.xml">
            <file href="items/i156484733548382/qti.xml"/>
                    </resource><resource identifier="i15648473362373" type="imsqti_item_xmlv2p2" href="items/i15648473362373/qti.xml">
            <file href="items/i15648473362373/qti.xml"/>
                        <file href="items/i15648473362373/style/custom/tao-user-styles.css"/>
                    </resource><resource identifier="i1564847353519112" type="imsqti_item_xmlv2p2" href="items/i1564847353519112/qti.xml">
            <file href="items/i1564847353519112/qti.xml"/>
                        <file href="items/i1564847353519112/assets/4c3e3d605bfd5f9a12440.jpg"/>
                        <file href="items/i1564847353519112/style/custom/tao-user-styles.css"/>
                    </resource><resource identifier="i156484734480147" type="imsqti_item_xmlv2p2" href="items/i156484734480147/qti.xml">
            <file href="items/i156484734480147/qti.xml"/>
                        <file href="items/i156484734480147/gantt/runtime/gantt.amd.js"/>
                        <file href="items/i156484734480147/gantt/runtime/ganttjs/gantt.js"/>
                        <file href="items/i156484734480147/gantt/runtime/css/base.css"/>
                        <file href="items/i156484734480147/gantt/runtime/css/gantt.css"/>
                        <file href="items/i156484734480147/gantt/runtime/ganttjs/ganttjs.css"/>
                        <file href="items/i156484734480147/gantt/runtime/assets/download.png"/>
                        <file href="items/i156484734480147/gantt/runtime/css/img/download.png"/>
                        <file href="items/i156484734480147/style/custom/tao-user-styles.css"/>
                    </resource><resource identifier="i1564847351966311" type="imsqti_item_xmlv2p2" href="items/i1564847351966311/qti.xml">
            <file href="items/i1564847351966311/qti.xml"/>
                        <file href="items/i1564847351966311/voxelcraft/runtime/voxelcraft.amd.js"/>
                        <file href="items/i1564847351966311/voxelcraft/runtime/css/base.css"/>
                        <file href="items/i1564847351966311/voxelcraft/runtime/assets/download.png"/>
                        <file href="items/i1564847351966311/voxelcraft/runtime/css/img/download.png"/>
                        <file href="items/i1564847351966311/assets/3d4cba1c5c2f27fe04531.png"/>
                        <file href="items/i1564847351966311/style/custom/tao-user-styles.css"/>
                    </resource><resource identifier="i1564847355696613" type="imsqti_item_xmlv2p2" href="items/i1564847355696613/qti.xml">
            <file href="items/i1564847355696613/qti.xml"/>
                    </resource><resource identifier="i1564847438992516" type="imsqti_test_xmlv2p2" href="tests/i1564847438992516/test.xml"><file href="tests/i1564847438992516/test.xml"/><dependency identifierref="i156484734885159"/><dependency identifierref="i156484734026395"/><dependency identifierref="i1564847357925814"/><dependency identifierref="i15648473465118"/><dependency identifierref="i156484734231866"/><dependency identifierref="i156484733866704"/><dependency identifierref="i1564847350104110"/><dependency identifierref="i156484733548382"/><dependency identifierref="i15648473362373"/><dependency identifierref="i1564847353519112"/><dependency identifierref="i156484734480147"/><dependency identifierref="i1564847351966311"/><dependency identifierref="i1564847355696613"/></resource><resource identifier="i15648517256502177" type="imsqti_item_xmlv2p2" href="items/i15648517256502177/qti.xml">
            <file href="items/i15648517256502177/qti.xml"/>
                        <file href="items/i15648517256502177/assets/f6c90cc75d414250bbde7.jpeg"/>
                        <file href="items/i15648517256502177/style/custom/tao-user-styles.css"/>
                    </resource><resource identifier="i15648517274943178" type="imsqti_item_xmlv2p2" href="items/i15648517274943178/qti.xml">
            <file href="items/i15648517274943178/qti.xml"/>
                        <file href="items/i15648517274943178/theroom/runtime/theroom.amd.js"/>
                        <file href="items/i15648517274943178/theroom/runtime/css/base.css"/>
                        <file href="items/i15648517274943178/theroom/runtime/assets/download.png"/>
                        <file href="items/i15648517274943178/theroom/runtime/css/img/download.png"/>
                        <file href="items/i15648517274943178/style/custom/tao-user-styles.css"/>
                    </resource><resource identifier="i15648517146959171" type="imsqti_item_xmlv2p2" href="items/i15648517146959171/qti.xml">
            <file href="items/i15648517146959171/qti.xml"/>
                        <file href="items/i15648517146959171/brainstorm/runtime/brainstorm.amd.js"/>
                        <file href="items/i15648517146959171/brainstorm/runtime/css/base.css"/>
                        <file href="items/i15648517146959171/brainstorm/runtime/css/brainstorm.css"/>
                        <file href="items/i15648517146959171/brainstorm/runtime/assets/download.png"/>
                        <file href="items/i15648517146959171/brainstorm/runtime/css/img/download.png"/>
                        <file href="items/i15648517146959171/style/custom/tao-user-styles.css"/>
                    </resource><resource identifier="i15648517202555174" type="imsqti_item_xmlv2p2" href="items/i15648517202555174/qti.xml">
            <file href="items/i15648517202555174/qti.xml"/>
                        <file href="items/i15648517202555174/assets/710e31395c2c770370f4e.jpg"/>
                        <file href="items/i15648517202555174/assets/39e30f995c2c770d4cb3e.jpg"/>
                        <file href="items/i15648517202555174/assets/620f90225c2c770d46a55.jpg"/>
                        <file href="items/i15648517202555174/assets/9cca94635c2c770d4c951.jpg"/>
                        <file href="items/i15648517202555174/style/custom/tao-user-styles.css"/>
                    </resource><resource identifier="i15648517222037175" type="imsqti_item_xmlv2p2" href="items/i15648517222037175/qti.xml">
            <file href="items/i15648517222037175/qti.xml"/>
                    </resource><resource identifier="i15648517358585182" type="imsqti_item_xmlv2p2" href="items/i15648517358585182/qti.xml">
            <file href="items/i15648517358585182/qti.xml"/>
                        <file href="items/i15648517358585182/textgapmatch/runtime/textgapmatch.amd.js"/>
                        <file href="items/i15648517358585182/textgapmatch/runtime/gapmatch.js"/>
                        <file href="items/i15648517358585182/textgapmatch/runtime/DragDropTouch.js"/>
                        <file href="items/i15648517358585182/textgapmatch/runtime/css/base.css"/>
                        <file href="items/i15648517358585182/textgapmatch/runtime/css/textgapmatch.css"/>
                        <file href="items/i15648517358585182/textgapmatch/runtime/assets/download.png"/>
                        <file href="items/i15648517358585182/textgapmatch/runtime/css/img/download.png"/>
                        <file href="items/i15648517358585182/style/custom/tao-user-styles.css"/>
                    </resource><resource identifier="i15648517102443169" type="imsqti_item_xmlv2p2" href="items/i15648517102443169/qti.xml">
            <file href="items/i15648517102443169/qti.xml"/>
                        <file href="items/i15648517102443169/campingpladsen.png"/>
                        <file href="items/i15648517102443169/style/custom/tao-user-styles.css"/>
                    </resource><resource identifier="i15648517295208179" type="imsqti_item_xmlv2p2" href="items/i15648517295208179/qti.xml">
            <file href="items/i15648517295208179/qti.xml"/>
                        <file href="items/i15648517295208179/svgmap/runtime/svgmap.amd.js"/>
                        <file href="items/i15648517295208179/svgmap/runtime/svgmap.js"/>
                        <file href="items/i15648517295208179/svgmap/runtime/css/base.css"/>
                        <file href="items/i15648517295208179/style/custom/tao-user-styles.css"/>
                    </resource><resource identifier="i15648517232523176" type="imsqti_item_xmlv2p2" href="items/i15648517232523176/qti.xml">
            <file href="items/i15648517232523176/qti.xml"/>
                        <file href="items/i15648517232523176/style/custom/tao-user-styles.css"/>
                    </resource><resource identifier="i15648517166225172" type="imsqti_item_xmlv2p2" href="items/i15648517166225172/qti.xml">
            <file href="items/i15648517166225172/qti.xml"/>
                        <file href="items/i15648517166225172/brainstorm/runtime/brainstorm.amd.js"/>
                        <file href="items/i15648517166225172/brainstorm/runtime/css/base.css"/>
                        <file href="items/i15648517166225172/brainstorm/runtime/css/brainstorm.css"/>
                        <file href="items/i15648517166225172/brainstorm/runtime/assets/download.png"/>
                        <file href="items/i15648517166225172/brainstorm/runtime/css/img/download.png"/>
                        <file href="items/i15648517166225172/assets/a48b7cd65c2de1110023e.jpg"/>
                        <file href="items/i15648517166225172/style/custom/tao-user-styles.css"/>
                    </resource><resource identifier="i1564851718246173" type="imsqti_item_xmlv2p2" href="items/i1564851718246173/qti.xml">
            <file href="items/i1564851718246173/qti.xml"/>
                        <file href="items/i1564851718246173/gantt/runtime/gantt.amd.js"/>
                        <file href="items/i1564851718246173/gantt/runtime/ganttjs/gantt.js"/>
                        <file href="items/i1564851718246173/gantt/runtime/css/base.css"/>
                        <file href="items/i1564851718246173/gantt/runtime/css/gantt.css"/>
                        <file href="items/i1564851718246173/gantt/runtime/ganttjs/ganttjs.css"/>
                        <file href="items/i1564851718246173/gantt/runtime/assets/download.png"/>
                        <file href="items/i1564851718246173/gantt/runtime/css/img/download.png"/>
                        <file href="items/i1564851718246173/style/custom/tao-user-styles.css"/>
                    </resource><resource identifier="i15648517122857170" type="imsqti_item_xmlv2p2" href="items/i15648517122857170/qti.xml">
            <file href="items/i15648517122857170/qti.xml"/>
                        <file href="items/i15648517122857170/brainstorm/runtime/brainstorm.amd.js"/>
                        <file href="items/i15648517122857170/brainstorm/runtime/css/base.css"/>
                        <file href="items/i15648517122857170/brainstorm/runtime/css/brainstorm.css"/>
                        <file href="items/i15648517122857170/brainstorm/runtime/assets/download.png"/>
                        <file href="items/i15648517122857170/brainstorm/runtime/css/img/download.png"/>
                        <file href="items/i15648517122857170/style/custom/tao-user-styles.css"/>
                    </resource><resource identifier="i15648517311214180" type="imsqti_item_xmlv2p2" href="items/i15648517311214180/qti.xml">
            <file href="items/i15648517311214180/qti.xml"/>
                        <file href="items/i15648517311214180/voxelcraft/runtime/voxelcraft.amd.js"/>
                        <file href="items/i15648517311214180/voxelcraft/runtime/css/base.css"/>
                        <file href="items/i15648517311214180/voxelcraft/runtime/assets/download.png"/>
                        <file href="items/i15648517311214180/voxelcraft/runtime/css/img/download.png"/>
                        <file href="items/i15648517311214180/style/custom/tao-user-styles.css"/>
                    </resource><resource identifier="i1564851733445181" type="imsqti_item_xmlv2p2" href="items/i1564851733445181/qti.xml">
            <file href="items/i1564851733445181/qti.xml"/>
                    </resource><resource identifier="i15648517835512183" type="imsqti_test_xmlv2p2" href="tests/i15648517835512183/test.xml"><file href="tests/i15648517835512183/test.xml"/><dependency identifierref="i15648517256502177"/><dependency identifierref="i15648517274943178"/><dependency identifierref="i15648517146959171"/><dependency identifierref="i15648517202555174"/><dependency identifierref="i15648517222037175"/><dependency identifierref="i15648517358585182"/><dependency identifierref="i15648517102443169"/><dependency identifierref="i15648517295208179"/><dependency identifierref="i15648517232523176"/><dependency identifierref="i15648517166225172"/><dependency identifierref="i1564851718246173"/><dependency identifierref="i15648517122857170"/><dependency identifierref="i15648517311214180"/><dependency identifierref="i1564851733445181"/></resource><resource identifier="i1564849324131468" type="imsqti_item_xmlv2p2" href="items/i1564849324131468/qti.xml">
            <file href="items/i1564849324131468/qti.xml"/>
                        <file href="items/i1564849324131468/theme park_bred.jpg"/>
                    </resource><resource identifier="i156484931390262" type="imsqti_item_xmlv2p2" href="items/i156484931390262/qti.xml">
            <file href="items/i156484931390262/qti.xml"/>
                        <file href="items/i156484931390262/brainstorm/runtime/brainstorm.amd.js"/>
                        <file href="items/i156484931390262/brainstorm/runtime/css/base.css"/>
                        <file href="items/i156484931390262/brainstorm/runtime/css/brainstorm.css"/>
                        <file href="items/i156484931390262/brainstorm/runtime/assets/download.png"/>
                        <file href="items/i156484931390262/brainstorm/runtime/css/img/download.png"/>
                        <file href="items/i156484931390262/style/custom/tao-user-styles.css"/>
                    </resource><resource identifier="i1564849326859669" type="imsqti_item_xmlv2p2" href="items/i1564849326859669/qti.xml">
            <file href="items/i1564849326859669/qti.xml"/>
                        <file href="items/i1564849326859669/theroom/runtime/theroom.amd.js"/>
                        <file href="items/i1564849326859669/theroom/runtime/css/base.css"/>
                        <file href="items/i1564849326859669/theroom/runtime/assets/download.png"/>
                        <file href="items/i1564849326859669/theroom/runtime/css/img/download.png"/>
                        <file href="items/i1564849326859669/style/custom/tao-user-styles.css"/>
                    </resource><resource identifier="i1614706556927128824" type="imsqti_item_xmlv2p2" href="items/i1614706556927128824/qti.xml">
            <file href="items/i1614706556927128824/qti.xml"/>
                        <file href="items/i1614706556927128824/style/custom/tao-user-styles.css"/>
                    </resource><resource identifier="i1614706561565328825" type="imsqti_item_xmlv2p2" href="items/i1614706561565328825/qti.xml">
            <file href="items/i1614706561565328825/qti.xml"/>
                        <file href="items/i1614706561565328825/Forlystelsespark_kurvediagram.png"/>
                        <file href="items/i1614706561565328825/Forlystelsespark_s&#xF8;jlediagram.png"/>
                        <file href="items/i1614706561565328825/style/custom/tao-user-styles.css"/>
                    </resource><resource identifier="i161470656745028826" type="imsqti_item_xmlv2p2" href="items/i161470656745028826/qti.xml">
            <file href="items/i161470656745028826/qti.xml"/>
                        <file href="items/i161470656745028826/figurer_forlystelsespark.png"/>
                    </resource><resource identifier="i1614706572529328827" type="imsqti_item_xmlv2p2" href="items/i1614706572529328827/qti.xml">
            <file href="items/i1614706572529328827/qti.xml"/>
                        <file href="items/i1614706572529328827/brainstorm/runtime/brainstorm.amd.js"/>
                        <file href="items/i1614706572529328827/brainstorm/runtime/css/base.css"/>
                        <file href="items/i1614706572529328827/brainstorm/runtime/css/brainstorm.css"/>
                        <file href="items/i1614706572529328827/brainstorm/runtime/assets/download.png"/>
                        <file href="items/i1614706572529328827/brainstorm/runtime/css/img/download.png"/>
                        <file href="items/i1614706572529328827/style/custom/tao-user-styles.css"/>
                    </resource><resource identifier="i1614706578511628828" type="imsqti_item_xmlv2p2" href="items/i1614706578511628828/qti.xml">
            <file href="items/i1614706578511628828/qti.xml"/>
                        <file href="items/i1614706578511628828/gantt/runtime/gantt.amd.js"/>
                        <file href="items/i1614706578511628828/gantt/runtime/ganttjs/gantt.js"/>
                        <file href="items/i1614706578511628828/gantt/runtime/css/base.css"/>
                        <file href="items/i1614706578511628828/gantt/runtime/css/gantt.css"/>
                        <file href="items/i1614706578511628828/gantt/runtime/ganttjs/ganttjs.css"/>
                        <file href="items/i1614706578511628828/gantt/runtime/assets/download.png"/>
                        <file href="items/i1614706578511628828/gantt/runtime/css/img/download.png"/>
                        <file href="items/i1614706578511628828/style/custom/tao-user-styles.css"/>
                    </resource><resource identifier="i1614706583970128829" type="imsqti_item_xmlv2p2" href="items/i1614706583970128829/qti.xml">
            <file href="items/i1614706583970128829/qti.xml"/>
                        <file href="items/i1614706583970128829/forlystelsesparkopg8.png"/>
                        <file href="items/i1614706583970128829/style/custom/tao-user-styles.css"/>
                    </resource><resource identifier="i1564849328903670" type="imsqti_item_xmlv2p2" href="items/i1564849328903670/qti.xml">
            <file href="items/i1564849328903670/qti.xml"/>
                        <file href="items/i1564849328903670/svgmap/runtime/svgmap.amd.js"/>
                        <file href="items/i1564849328903670/svgmap/runtime/svgmap.js"/>
                        <file href="items/i1564849328903670/svgmap/runtime/css/base.css"/>
                        <file href="items/i1564849328903670/style/custom/tao-user-styles.css"/>
                    </resource><resource identifier="i1564849321621666" type="imsqti_item_xmlv2p2" href="items/i1564849321621666/qti.xml">
            <file href="items/i1564849321621666/qti.xml"/>
                    </resource><resource identifier="i1564849311127361" type="imsqti_item_xmlv2p2" href="items/i1564849311127361/qti.xml">
            <file href="items/i1564849311127361/qti.xml"/>
                        <file href="items/i1564849311127361/style/custom/tao-user-styles.css"/>
                    </resource><resource identifier="i156484930739059" type="imsqti_item_xmlv2p2" href="items/i156484930739059/qti.xml">
            <file href="items/i156484930739059/qti.xml"/>
                        <file href="items/i156484930739059/forlystelsesparkopg8_2.png"/>
                        <file href="items/i156484930739059/style/custom/tao-user-styles.css"/>
                    </resource><resource identifier="i1564849332986072" type="imsqti_item_xmlv2p2" href="items/i1564849332986072/qti.xml">
            <file href="items/i1564849332986072/qti.xml"/>
                        <file href="items/i1564849332986072/voxelcraft/runtime/voxelcraft.amd.js"/>
                        <file href="items/i1564849332986072/voxelcraft/runtime/css/base.css"/>
                        <file href="items/i1564849332986072/voxelcraft/runtime/assets/download.png"/>
                        <file href="items/i1564849332986072/voxelcraft/runtime/css/img/download.png"/>
                        <file href="items/i1564849332986072/zombie_tegning.png"/>
                        <file href="items/i1564849332986072/style/custom/tao-user-styles.css"/>
                    </resource><resource identifier="i1564849330939471" type="imsqti_item_xmlv2p2" href="items/i1564849330939471/qti.xml">
            <file href="items/i1564849330939471/qti.xml"/>
                    </resource><resource identifier="i1564851867913184" type="imsqti_test_xmlv2p2" href="tests/i1564851867913184/test.xml"><file href="tests/i1564851867913184/test.xml"/><dependency identifierref="i1564849324131468"/><dependency identifierref="i156484931390262"/><dependency identifierref="i1564849326859669"/><dependency identifierref="i1614706556927128824"/><dependency identifierref="i1614706561565328825"/><dependency identifierref="i161470656745028826"/><dependency identifierref="i1614706572529328827"/><dependency identifierref="i1614706578511628828"/><dependency identifierref="i1614706583970128829"/><dependency identifierref="i1564849328903670"/><dependency identifierref="i1564849321621666"/><dependency identifierref="i1564849311127361"/><dependency identifierref="i156484930739059"/><dependency identifierref="i1564849332986072"/><dependency identifierref="i1564849330939471"/></resource><resource identifier="i15648498437838164" type="imsqti_item_xmlv2p2" href="items/i15648498437838164/qti.xml">
            <file href="items/i15648498437838164/qti.xml"/>
                        <file href="items/i15648498437838164/teater.jpg"/>
                    </resource><resource identifier="i1564849836122160" type="imsqti_item_xmlv2p2" href="items/i1564849836122160/qti.xml">
            <file href="items/i1564849836122160/qti.xml"/>
                        <file href="items/i1564849836122160/gantt/runtime/gantt.amd.js"/>
                        <file href="items/i1564849836122160/gantt/runtime/ganttjs/gantt.js"/>
                        <file href="items/i1564849836122160/gantt/runtime/css/base.css"/>
                        <file href="items/i1564849836122160/gantt/runtime/css/gantt.css"/>
                        <file href="items/i1564849836122160/gantt/runtime/ganttjs/ganttjs.css"/>
                        <file href="items/i1564849836122160/gantt/runtime/assets/download.png"/>
                        <file href="items/i1564849836122160/gantt/runtime/css/img/download.png"/>
                        <file href="items/i1564849836122160/style/custom/tao-user-styles.css"/>
                    </resource><resource identifier="i1564849847479166" type="imsqti_item_xmlv2p2" href="items/i1564849847479166/qti.xml">
            <file href="items/i1564849847479166/qti.xml"/>
                        <file href="items/i1564849847479166/theroom/runtime/theroom.amd.js"/>
                        <file href="items/i1564849847479166/theroom/runtime/css/base.css"/>
                        <file href="items/i1564849847479166/theroom/runtime/assets/download.png"/>
                        <file href="items/i1564849847479166/theroom/runtime/css/img/download.png"/>
                        <file href="items/i1564849847479166/style/custom/tao-user-styles.css"/>
                    </resource><resource identifier="i1564849838483161" type="imsqti_item_xmlv2p2" href="items/i1564849838483161/qti.xml">
            <file href="items/i1564849838483161/qti.xml"/>
                    </resource><resource identifier="i15648498301517157" type="imsqti_item_xmlv2p2" href="items/i15648498301517157/qti.xml">
            <file href="items/i15648498301517157/qti.xml"/>
                        <file href="items/i15648498301517157/brainstorm/runtime/brainstorm.amd.js"/>
                        <file href="items/i15648498301517157/brainstorm/runtime/css/base.css"/>
                        <file href="items/i15648498301517157/brainstorm/runtime/css/brainstorm.css"/>
                        <file href="items/i15648498301517157/brainstorm/runtime/assets/download.png"/>
                        <file href="items/i15648498301517157/brainstorm/runtime/css/img/download.png"/>
                        <file href="items/i15648498301517157/style/custom/tao-user-styles.css"/>
                    </resource><resource identifier="i15648498251530154" type="imsqti_item_xmlv2p2" href="items/i15648498251530154/qti.xml">
            <file href="items/i15648498251530154/qti.xml"/>
                        <file href="items/i15648498251530154/teateropg8.png"/>
                        <file href="items/i15648498251530154/style/custom/tao-user-styles.css"/>
                    </resource><resource identifier="i15648498402049162" type="imsqti_item_xmlv2p2" href="items/i15648498402049162/qti.xml">
            <file href="items/i15648498402049162/qti.xml"/>
                        <file href="items/i15648498402049162/broskitse_f&#xE6;rre confounders.png"/>
                        <file href="items/i15648498402049162/style/custom/tao-user-styles.css"/>
                    </resource><resource identifier="i15648498278384155" type="imsqti_item_xmlv2p2" href="items/i15648498278384155/qti.xml">
            <file href="items/i15648498278384155/qti.xml"/>
                        <file href="items/i15648498278384155/teateropg10.png"/>
                        <file href="items/i15648498278384155/style/custom/tao-user-styles.css"/>
                    </resource><resource identifier="i15648498325585158" type="imsqti_item_xmlv2p2" href="items/i15648498325585158/qti.xml">
            <file href="items/i15648498325585158/qti.xml"/>
                        <file href="items/i15648498325585158/brainstorm/runtime/brainstorm.amd.js"/>
                        <file href="items/i15648498325585158/brainstorm/runtime/css/base.css"/>
                        <file href="items/i15648498325585158/brainstorm/runtime/css/brainstorm.css"/>
                        <file href="items/i15648498325585158/brainstorm/runtime/assets/download.png"/>
                        <file href="items/i15648498325585158/brainstorm/runtime/css/img/download.png"/>
                        <file href="items/i15648498325585158/style/custom/tao-user-styles.css"/>
                    </resource><resource identifier="i15648498287334156" type="imsqti_item_xmlv2p2" href="items/i15648498287334156/qti.xml">
            <file href="items/i15648498287334156/qti.xml"/>
                        <file href="items/i15648498287334156/style/custom/tao-user-styles.css"/>
                    </resource><resource identifier="i15648498428797163" type="imsqti_item_xmlv2p2" href="items/i15648498428797163/qti.xml">
            <file href="items/i15648498428797163/qti.xml"/>
                        <file href="items/i15648498428797163/s&#xF8;jlediagram_teater.png"/>
                        <file href="items/i15648498428797163/style/custom/tao-user-styles.css"/>
                    </resource><resource identifier="i15648498343376159" type="imsqti_item_xmlv2p2" href="items/i15648498343376159/qti.xml">
            <file href="items/i15648498343376159/qti.xml"/>
                        <file href="items/i15648498343376159/brainstorm/runtime/brainstorm.amd.js"/>
                        <file href="items/i15648498343376159/brainstorm/runtime/css/base.css"/>
                        <file href="items/i15648498343376159/brainstorm/runtime/css/brainstorm.css"/>
                        <file href="items/i15648498343376159/brainstorm/runtime/assets/download.png"/>
                        <file href="items/i15648498343376159/brainstorm/runtime/css/img/download.png"/>
                        <file href="items/i15648498343376159/style/custom/tao-user-styles.css"/>
                    </resource><resource identifier="i15648498452798165" type="imsqti_item_xmlv2p2" href="items/i15648498452798165/qti.xml">
            <file href="items/i15648498452798165/qti.xml"/>
                        <file href="items/i15648498452798165/voxelcraft/runtime/voxelcraft.amd.js"/>
                        <file href="items/i15648498452798165/voxelcraft/runtime/css/base.css"/>
                        <file href="items/i15648498452798165/voxelcraft/runtime/assets/download.png"/>
                        <file href="items/i15648498452798165/voxelcraft/runtime/css/img/download.png"/>
                        <file href="items/i15648498452798165/style/custom/tao-user-styles.css"/>
                    </resource><resource identifier="i15648498494001167" type="imsqti_item_xmlv2p2" href="items/i15648498494001167/qti.xml">
            <file href="items/i15648498494001167/qti.xml"/>
                    </resource><resource identifier="i15648519258765185" type="imsqti_test_xmlv2p2" href="tests/i15648519258765185/test.xml"><file href="tests/i15648519258765185/test.xml"/><dependency identifierref="i15648498437838164"/><dependency identifierref="i1564849836122160"/><dependency identifierref="i1564849847479166"/><dependency identifierref="i1564849838483161"/><dependency identifierref="i15648498301517157"/><dependency identifierref="i15648498251530154"/><dependency identifierref="i15648498402049162"/><dependency identifierref="i15648498278384155"/><dependency identifierref="i15648498325585158"/><dependency identifierref="i15648498287334156"/><dependency identifierref="i15648498428797163"/><dependency identifierref="i15648498343376159"/><dependency identifierref="i15648498452798165"/><dependency identifierref="i15648498494001167"/></resource><resource identifier="i1614848554757428881" type="imsqti_item_xmlv2p2" href="items/i1614848554757428881/qti.xml">
            <file href="items/i1614848554757428881/qti.xml"/>
                        <file href="items/i1614848554757428881/n&#xE6;ste.png"/>
                    </resource><resource identifier="i1614848560994328882" type="imsqti_item_xmlv2p2" href="items/i1614848560994328882/qti.xml">
            <file href="items/i1614848560994328882/qti.xml"/>
                        <file href="items/i1614848560994328882/tastatur.png"/>
                        <file href="items/i1614848560994328882/menubj&#xE6;lker.png"/>
                        <file href="items/i1614848560994328882/n&#xE6;ste.png"/>
                        <file href="items/i1614848560994328882/style/custom/tao-user-styles.css"/>
                    </resource><resource identifier="i1614848565699528883" type="imsqti_item_xmlv2p2" href="items/i1614848565699528883/qti.xml">
            <file href="items/i1614848565699528883/qti.xml"/>
                        <file href="items/i1614848565699528883/tastatur zoom.jpg"/>
                        <file href="items/i1614848565699528883/n&#xE6;ste.png"/>
                    </resource><resource identifier="i1614848571514828884" type="imsqti_item_xmlv2p2" href="items/i1614848571514828884/qti.xml">
            <file href="items/i1614848571514828884/qti.xml"/>
                        <file href="items/i1614848571514828884/testinterface.png"/>
                        <file href="items/i1614848571514828884/n&#xE6;ste.png"/>
                        <file href="items/i1614848571514828884/style/custom/tao-user-styles.css"/>
                    </resource><resource identifier="i1614848576475228885" type="imsqti_item_xmlv2p2" href="items/i1614848576475228885/qti.xml">
            <file href="items/i1614848576475228885/qti.xml"/>
                        <file href="items/i1614848576475228885/theroom/runtime/theroom.amd.js"/>
                        <file href="items/i1614848576475228885/theroom/runtime/css/base.css"/>
                        <file href="items/i1614848576475228885/theroom/runtime/assets/download.png"/>
                        <file href="items/i1614848576475228885/theroom/runtime/css/img/download.png"/>
                        <file href="items/i1614848576475228885/pil2.svg"/>
                        <file href="items/i1614848576475228885/style/custom/tao-user-styles.css"/>
                    </resource><resource identifier="i1614848582831928886" type="imsqti_item_xmlv2p2" href="items/i1614848582831928886/qti.xml">
            <file href="items/i1614848582831928886/qti.xml"/>
                        <file href="items/i1614848582831928886/svgmap/runtime/svgmap.amd.js"/>
                        <file href="items/i1614848582831928886/svgmap/runtime/svgmap.js"/>
                        <file href="items/i1614848582831928886/svgmap/runtime/css/base.css"/>
                        <file href="items/i1614848582831928886/style/custom/tao-user-styles.css"/>
                    </resource><resource identifier="i1614848588733728887" type="imsqti_item_xmlv2p2" href="items/i1614848588733728887/qti.xml">
            <file href="items/i1614848588733728887/qti.xml"/>
                        <file href="items/i1614848588733728887/voxelcraft/runtime/voxelcraft.amd.js"/>
                        <file href="items/i1614848588733728887/voxelcraft/runtime/css/base.css"/>
                        <file href="items/i1614848588733728887/voxelcraft/runtime/assets/download.png"/>
                        <file href="items/i1614848588733728887/voxelcraft/runtime/css/img/download.png"/>
                        <file href="items/i1614848588733728887/pil2.svg"/>
                        <file href="items/i1614848588733728887/style/custom/tao-user-styles.css"/>
                    </resource><resource identifier="i1614848593173028888" type="imsqti_item_xmlv2p2" href="items/i1614848593173028888/qti.xml">
            <file href="items/i1614848593173028888/qti.xml"/>
                        <file href="items/i1614848593173028888/brainstorm/runtime/brainstorm.amd.js"/>
                        <file href="items/i1614848593173028888/brainstorm/runtime/css/base.css"/>
                        <file href="items/i1614848593173028888/brainstorm/runtime/css/brainstorm.css"/>
                        <file href="items/i1614848593173028888/brainstorm/runtime/assets/download.png"/>
                        <file href="items/i1614848593173028888/brainstorm/runtime/css/img/download.png"/>
                        <file href="items/i1614848593173028888/enterK.jpg"/>
                        <file href="items/i1614848593173028888/style/custom/tao-user-styles.css"/>
                    </resource><resource identifier="i1614848599664128889" type="imsqti_item_xmlv2p2" href="items/i1614848599664128889/qti.xml">
            <file href="items/i1614848599664128889/qti.xml"/>
                        <file href="items/i1614848599664128889/gantt/runtime/gantt.amd.js"/>
                        <file href="items/i1614848599664128889/gantt/runtime/ganttjs/gantt.js"/>
                        <file href="items/i1614848599664128889/gantt/runtime/css/base.css"/>
                        <file href="items/i1614848599664128889/gantt/runtime/css/gantt.css"/>
                        <file href="items/i1614848599664128889/gantt/runtime/ganttjs/ganttjs.css"/>
                        <file href="items/i1614848599664128889/gantt/runtime/assets/download.png"/>
                        <file href="items/i1614848599664128889/gantt/runtime/css/img/download.png"/>
                    </resource><resource identifier="i1614848543187928879" type="imsqti_test_xmlv2p2" href="tests/i1614848543187928879/test.xml"><file href="tests/i1614848543187928879/test.xml"/><dependency identifierref="i1614848554757428881"/><dependency identifierref="i1614848560994328882"/><dependency identifierref="i1614848565699528883"/><dependency identifierref="i1614848571514828884"/><dependency identifierref="i1614848576475228885"/><dependency identifierref="i1614848582831928886"/><dependency identifierref="i1614848588733728887"/><dependency identifierref="i1614848593173028888"/><dependency identifierref="i1614848599664128889"/></resource></resources>
</manifest>
