<?xml version="1.0" encoding="UTF-8"?>
<assessmentItem xmlns="http://www.imsglobal.org/xsd/imsqti_v2p2" xmlns:html5="html5" xmlns:m="http://www.w3.org/1998/Math/MathML" xmlns:pci="http://www.imsglobal.org/xsd/portableCustomInteraction" xmlns:xsi="http://www.w3.org/2001/XMLSchema-instance" xsi:schemaLocation="http://www.imsglobal.org/xsd/imsqti_v2p2 http://www.imsglobal.org/xsd/qti/qtiv2p2/imsqti_v2p2.xsd" identifier="i15371814552017223" title="14. Kom på gode løsningsforslag" label="16. Kom på gode løsningsforslag" xml:lang="da-DK" adaptive="false" timeDependent="false" toolName="TAO" toolVersion="3.3.0-RC02">
  <responseDeclaration identifier="RESPONSE" cardinality="single" baseType="string"/>
  <outcomeDeclaration identifier="SCORE" cardinality="single" baseType="float"/>
  <stylesheet href="style/custom/tao-user-styles.css" type="text/css" media="all" title=""/>
  <itemBody>
    <div class="grid-row">
      <div class="col-12">
        <h4>Premieren gik godt. Lissy fra teatret fortæller dog, at nogle elever var utilfredse. De har nemlig nedsat syn og ser ikke så godt. De kunne ikke se alt, der foregik på scenen. Du laver en brainstorm med Lissy og Jakob for at komme på idéer til, hvordan I kan løse problemet.</h4>
        <h6>Skriv i feltet nederst. Tryk på 'Enter', hver gang du har skrevet en idé.<br/>
Mens du skriver, kan du se Lissy og Jakobs idéer på skærmen. Klik på teksten i det store felt, når du er klar til at brainstorme. Gå videre til næste opgave, når du ikke kan komme på flere idéer. Du går automatisk videre efter 3 minutter.</h6>
      </div>
    </div>
    <div class="grid-row">
      <div class="col-12">
        <customInteraction responseIdentifier="RESPONSE">
          <portableCustomInteraction xmlns="http://www.imsglobal.org/xsd/portableCustomInteraction" customInteractionTypeIdentifier="brainstorm" hook="brainstorm/runtime/brainstorm.amd.js" version="0.1.12">
            <resources>
              <libraries>
                <lib id="IMSGlobal/jquery_2_1_1"/>
              </libraries>
              <stylesheets>
                <link href="brainstorm/runtime/css/base.css" type="text/css" title="base"/>
                <link href="brainstorm/runtime/css/brainstorm.css" type="text/css" title="brainstorm"/>
              </stylesheets>
              <mediaFiles>
                <file src="brainstorm/runtime/assets/download.png" type="image/png"/>
                <file src="brainstorm/runtime/css/img/download.png" type="image/png"/>
              </mediaFiles>
            </resources>
            <properties>
              <property key="nickname">Dig</property>
              <property key="messages">03;Lissy;red;De skal sidde forrest
08;Jakob;green;Sæt storskærme op
13;Jakob;green;Giv eleverne kikkerter
18;Lissy;red;Advar på forhånd om salens dårlige indretning 
23;Lissy;red;Henvis eleverne til radioteater
29;Jakob;green;Skriv på billetten, at man skal huske sine briller
34;Lissy;red;Lav en balkon tæt på scenen til eleverne
41;Jakob;green;Optag stykket på video
48;Jakob;green;Lav særforestilling for eleverne
55;Lissy;red;Lav stykket om til hørespil
62;Jakob;green;Skriv til skoler at stykket ikke er godt til synshandicappede
72;Lissy;red;Tilbyd eleverne en anden oplevelse
82;Lissy;red;Placer tilskuere i en rundkreds om scenen
92;Lissy;red;Lad eleverne sidde på scenen
102;Jakob;green;Få skuespillerne til at tale ekstra højt
112;Lissy;red;Giv eleverne en rolle i stykket
122;Jakob;green;Placer eleverne med en klassekammeret der kan hviske handlingen til dem
132;Jakob;green;Giv dem en stor slikpose som undskyldning
142;Lissy;red;Sæt skuespillerne på stylter
152;Jakob;green;Lad skuespillet foregå mellem publikum
162;Lissy;red;Giv skuespillerne store masker på
172;Jakob;green;Giv en kupon til den lokale radiobiograf</property>
              <property key="timeLimit">180</property>
              <property key="startText">Klik her, når du er klar til at brainstorme!</property>
              <property key="endText">Tiden er gået. Gå videre til næste opgave.</property>
            </properties>
            <markup xmlns="http://www.w3.org/1999/xhtml">
              <div class="brainstorm">
                <div class="chat"/>
                <input class="prompt"/>
              </div>
            </markup>
          </portableCustomInteraction>
        </customInteraction>
      </div>
    </div>
  </itemBody>
  <responseProcessing template="http://www.imsglobal.org/question/qti_v2p2/rptemplates/match_correct"/>
</assessmentItem>
