<?xml version="1.0" encoding="UTF-8"?>
<assessmentItem xmlns="http://www.imsglobal.org/xsd/imsqti_v2p2" xmlns:m="http://www.w3.org/1998/Math/MathML" xmlns:xsi="http://www.w3.org/2001/XMLSchema-instance" xsi:schemaLocation="http://www.imsglobal.org/xsd/imsqti_v2p2 http://www.imsglobal.org/xsd/qti/qtiv2p2/imsqti_v2p2.xsd" identifier="i15421986243925428" title="12. Tidsestimering af opgaver" label="12. Tidsestimering af opgaver" xml:lang="da-DK" adaptive="false" timeDependent="false" toolName="TAO" toolVersion="3.3.0-RC02">
  <responseDeclaration identifier="RESPONSE" cardinality="ordered" baseType="identifier">
    <correctResponse>
      <value><![CDATA[modeltegning]]></value>
      <value><![CDATA[kostumer]]></value>
      <value><![CDATA[dans]]></value>
      <value><![CDATA[musik]]></value>
      <value><![CDATA[mad]]></value>
      <value><![CDATA[raketter]]></value>
    </correctResponse>
  </responseDeclaration>
  <outcomeDeclaration identifier="SCORE" cardinality="single" baseType="float" normalMaximum="1"/>
  <outcomeDeclaration identifier="MAXSCORE" cardinality="single" baseType="float">
    <defaultValue>
      <value>1</value>
    </defaultValue>
  </outcomeDeclaration>
  <itemBody>
    <div class="grid-row">
      <div class="col-12">
        <h4>Du er bange for, at I ikke når at blive klar til åbningsfesten. Du vil derfor gerne have et overblik over, hvor lang tid de forskellige opgaver tager at udføre.</h4>
        <h6>Klik på arbejdsopgaverne, så de står i rækkefølge til højre på skærmen. Opgaven øverst på listen skal tage længst tid. Du kan ændre på rækkefølgen.</h6>
      </div>
    </div>
    <div class="grid-row">
      <div class="col-12">
        <orderInteraction responseIdentifier="RESPONSE" shuffle="true" orientation="vertical">
          <simpleChoice identifier="musik" fixed="false" showHide="show">Book band til musikunderholdning</simpleChoice>
          <simpleChoice identifier="mad" fixed="false" showHide="show">Bestil buffet fra den lokale restaurant</simpleChoice>
          <simpleChoice identifier="raketter" fixed="false" showHide="show">Indkøb fyrværkeri</simpleChoice>
          <simpleChoice identifier="modeltegning" fixed="false" showHide="show">Tegn model af ny rutschebane</simpleChoice>
          <simpleChoice identifier="kostumer" fixed="false" showHide="show">Sy klovnekostumer</simpleChoice>
          <simpleChoice identifier="dans" fixed="false" showHide="show">Lav en dans til cirkusoptoget</simpleChoice>
        </orderInteraction>
      </div>
    </div>
  </itemBody>
  <responseProcessing template="http://www.imsglobal.org/question/qti_v2p2/rptemplates/match_correct"/>
</assessmentItem>
