<?xml version="1.0" encoding="UTF-8"?>
<assessmentItem xmlns="http://www.imsglobal.org/xsd/imsqti_v2p2" xmlns:m="http://www.w3.org/1998/Math/MathML" xmlns:xsi="http://www.w3.org/2001/XMLSchema-instance" xsi:schemaLocation="http://www.imsglobal.org/xsd/imsqti_v2p2 http://www.imsglobal.org/xsd/qti/qtiv2p2/imsqti_v2p2.xsd" identifier="i15353704921578116" title="8. En utilfreds medarbejder" label="8. En utilfreds medarbejder" xml:lang="da-DK" adaptive="false" timeDependent="false" toolName="TAO" toolVersion="3.3.0-RC02">
  <responseDeclaration identifier="RESPONSE" cardinality="single" baseType="identifier">
    <correctResponse>
      <value><![CDATA[choice_2]]></value>
    </correctResponse>
  </responseDeclaration>
  <responseDeclaration identifier="RESPONSE_1" cardinality="single" baseType="identifier">
    <mapping defaultValue="0">
      <mapEntry mapKey="choice_4" mappedValue="1"/>
      <mapEntry mapKey="choice_9" mappedValue="1"/>
      <mapEntry mapKey="choice_10" mappedValue="0"/>
    </mapping>
  </responseDeclaration>
  <outcomeDeclaration identifier="SCORE" cardinality="single" baseType="float" normalMaximum="2"/>
  <outcomeDeclaration identifier="MAXSCORE" cardinality="single" baseType="float">
    <defaultValue>
      <value>2</value>
    </defaultValue>
  </outcomeDeclaration>
  <stylesheet href="style/custom/tao-user-styles.css" type="text/css" media="all" title=""/>
  <itemBody>
    <div class="grid-row">
      <div class="col-12">
        <h4>Peter er ansvarlig for festen. Han har besluttet, at nogle af dem fra cirkusoptoget også skal hjælpe til i slikboden.<br/>
Mette arbejder i cirkusoptoget, og hun er blevet sur over Peters beslutning. Hun har skrevet følgende sms til dig.<br/>
<img src="forlystelsesparkopg8.png" alt="forlystelsesparkopg8" width="37%"/>
 
<br/>
</h4>
        <h6>Hvad er det ved Peters beslutning, der har gjort Mette utilfreds?</h6>
      </div>
    </div>
    <div class="grid-row">
      <div class="col-12">
        <choiceInteraction responseIdentifier="RESPONSE" shuffle="true" maxChoices="1" minChoices="0" orientation="vertical">
          <simpleChoice identifier="choice_1" fixed="false" showHide="show">Peter gider ikke selv lave noget.</simpleChoice>
          <simpleChoice identifier="choice_2" fixed="false" showHide="show">Peter har ikke spurgt dem fra cirkusoptoget, om de har tid til at stå i slikboden.</simpleChoice>
          <simpleChoice identifier="choice_3" fixed="false" showHide="show">Peter har et hemmeligt ønske om at ødelægge cirkusoptoget.</simpleChoice>
          <simpleChoice identifier="choice_8" fixed="false" showHide="show">Peter vil bare bestemme det hele.</simpleChoice>
          <simpleChoice identifier="choice_7" fixed="false" showHide="show">Mette synes, det er kedeligt at sælge slik.</simpleChoice>
        </choiceInteraction>
      </div>
    </div>
    <div class="grid-row">
      <div class="col-12">
        <h6>Hvorfor tror du, Peter har valgt at gøre sådan?</h6>
      </div>
    </div>
    <div class="grid-row">
      <div class="col-12">
        <choiceInteraction responseIdentifier="RESPONSE_1" shuffle="true" maxChoices="1" minChoices="0" orientation="vertical">
          <simpleChoice identifier="choice_4" fixed="false" showHide="show">Cirkusoptoget tager ikke så lang tid. Derfor mener Peter, de også kan lave andre opgaver.</simpleChoice>
          <simpleChoice identifier="choice_5" fixed="false" showHide="show">Peter vil ødelægge cirkusoptoget, fordi det lyder kedeligt.</simpleChoice>
          <simpleChoice identifier="choice_6" fixed="false" showHide="show">Peter gider ikke stå i slikboden selv.</simpleChoice>
          <simpleChoice identifier="choice_9" fixed="false" showHide="show">Peter har ikke tænkt på, at det tager lang tid at gøre klar til et cirkusoptog.</simpleChoice>
          <simpleChoice identifier="choice_10" fixed="false" showHide="show">Peter troede, at cirkusoptoget var aflyst.</simpleChoice>
        </choiceInteraction>
      </div>
    </div>
  </itemBody>
  <responseProcessing>
    <responseCondition>
      <responseIf>
        <match>
          <variable identifier="RESPONSE"/>
          <correct identifier="RESPONSE"/>
        </match>
        <setOutcomeValue identifier="SCORE">
          <sum>
            <variable identifier="SCORE"/>
            <baseValue baseType="integer">1</baseValue>
          </sum>
        </setOutcomeValue>
      </responseIf>
    </responseCondition>
    <responseCondition>
      <responseIf>
        <not>
          <isNull>
            <variable identifier="RESPONSE_1"/>
          </isNull>
        </not>
        <setOutcomeValue identifier="SCORE">
          <sum>
            <variable identifier="SCORE"/>
            <mapResponse identifier="RESPONSE_1"/>
          </sum>
        </setOutcomeValue>
      </responseIf>
    </responseCondition>
  </responseProcessing>
</assessmentItem>
