<?xml version="1.0" encoding="UTF-8"?>
<assessmentItem xmlns="http://www.imsglobal.org/xsd/imsqti_v2p2" xmlns:m="http://www.w3.org/1998/Math/MathML" xmlns:xsi="http://www.w3.org/2001/XMLSchema-instance" xsi:schemaLocation="http://www.imsglobal.org/xsd/imsqti_v2p2 http://www.imsglobal.org/xsd/qti/qtiv2p2/imsqti_v2p2.xsd" identifier="i15433320269874785" title="0. Intro page" label="0. Intro page" xml:lang="en-US" adaptive="false" timeDependent="false" toolName="TAO" toolVersion="3.3.0-RC02">
  <stylesheet href="style/custom/tao-user-styles.css" type="text/css" media="all" title=""/>
  <itemBody>
    <div class="grid-row">
      <div class="col-12">
        <h4>You are the director of a small theater. The theater has to put on a new production. The play has to be an adventure of knights, and has to be targeted at students from 3rd to 4th grade.  </h4>
        <h6>
          <br/>
          <img src="teater.jpg" alt="teater" width="100%"/>
        </h6>
      </div>
    </div>
  </itemBody>
  <responseProcessing/>
</assessmentItem>
