<?xml version="1.0" encoding="UTF-8"?>
<assessmentItem xmlns="http://www.imsglobal.org/xsd/imsqti_v2p2" xmlns:m="http://www.w3.org/1998/Math/MathML" xmlns:xsi="http://www.w3.org/2001/XMLSchema-instance" xsi:schemaLocation="http://www.imsglobal.org/xsd/imsqti_v2p2 http://www.imsglobal.org/xsd/qti/qtiv2p2/imsqti_v2p2.xsd" identifier="i15354519497381137" title="12. Spørgeskema ifm. generalprøve" label="13. Spørgeskema" xml:lang="da-DK" adaptive="false" timeDependent="false" toolName="TAO" toolVersion="3.3.0-RC02">
  <responseDeclaration identifier="RESPONSE" cardinality="multiple" baseType="identifier">
    <mapping defaultValue="0">
      <mapEntry mapKey="choice_1" mappedValue="0"/>
      <mapEntry mapKey="choice_4" mappedValue="0"/>
      <mapEntry mapKey="choice_7" mappedValue="0"/>
      <mapEntry mapKey="choice_6" mappedValue="1"/>
      <mapEntry mapKey="choice_5" mappedValue="0"/>
      <mapEntry mapKey="choice_2" mappedValue="1"/>
      <mapEntry mapKey="choice_10" mappedValue="0"/>
    </mapping>
  </responseDeclaration>
  <outcomeDeclaration identifier="SCORE" cardinality="single" baseType="float" normalMaximum="2"/>
  <outcomeDeclaration identifier="MAXSCORE" cardinality="single" baseType="float">
    <defaultValue>
      <value>2</value>
    </defaultValue>
  </outcomeDeclaration>
  <stylesheet href="style/custom/tao-user-styles.css" type="text/css" media="all" title=""/>
  <itemBody>
    <div class="grid-row">
      <div class="col-12">
        <h4>Inden premieren afholder teatret en prøve for nogle elever i 3. klasse. I vil gerne høre, hvad eleverne synes om stykket. Du laver derfor et spørgeskema, som eleverne skal have efter prøven.</h4>
        <h5>Krav:<br/>
• Spørgsmålene skal være relevante for aldersgruppen.<br/>
• Spørgsmålene skal give information, der kan bruges til at forbedre teaterstykket inden premieren.</h5>
        <h6>Vælg to spørgsmål fra listen, som du synes skal med i spørgeskemaet.</h6>
      </div>
    </div>
    <div class="grid-row">
      <div class="col-12">
        <choiceInteraction responseIdentifier="RESPONSE" shuffle="true" maxChoices="2" minChoices="0" orientation="vertical">
          <simpleChoice identifier="choice_1" fixed="false" showHide="show">Har du været i teater før?</simpleChoice>
          <simpleChoice identifier="choice_2" fixed="false" showHide="show">Hvad kunne gøre teaterstykket endnu mere spændende?</simpleChoice>
          <simpleChoice identifier="choice_4" fixed="false" showHide="show">Hvad er dit yndlingsteaterstykke?</simpleChoice>
          <simpleChoice identifier="choice_5" fixed="false" showHide="show">Kunne du godt lide riddertemaet, eller skal stykket handle om noget helt andet?</simpleChoice>
          <simpleChoice identifier="choice_6" fixed="false" showHide="show">Hvad var det kedeligste ved teaterstykket?</simpleChoice>
          <simpleChoice identifier="choice_7" fixed="false" showHide="show">Hvilken genre er din favorit?</simpleChoice>
          <simpleChoice identifier="choice_10" fixed="false" showHide="show">Synes du, det er for dyrt at gå i teater?</simpleChoice>
        </choiceInteraction>
      </div>
    </div>
  </itemBody>
  <responseProcessing template="http://www.imsglobal.org/question/qti_v2p2/rptemplates/map_response"/>
</assessmentItem>
